 0.0,0.0,0,0.0,42.70234470965803,-4.573921259900777,0.021542784059851373,46.41925561811063,0.0,0.0
 0.05529109726690103,0.012228421747911646,0.22116438906760416,4.000000000000001,42.70234470965803,-4.64106185356698,0.021542784059851373,46.41925561811063,0.0,0.0
 0.07799856153795126,0.024335102407958283,0.5331586352194092,13.739721988666382,42.687326172223784,-4.708202447233183,0.023769442978161144,42.070821807594676,-0.6613920979892856,-29.126638276053352
 0.09529001965693153,0.03632075138487359,0.6931543247795311,9.252874364857632,42.67092063582231,-4.775343040899386,0.026097696651103664,38.31755780476934,-0.9487653550432954,-16.619376751031176
 0.10975663796297216,0.04818607830773977,0.8201866304796147,8.781064310450521,42.65308859809854,-4.842483634565589,0.02853187630510014,35.048518692100444,-1.232633456315472,-19.622284577290987
 0.12240485391916954,0.05993179305189294,0.9286459675285667,8.575069988096544,42.63378945101132,-4.909624228231793,0.031076497571148054,32.17865841253671,-1.5258394665346933,-23.18161005746871
 0.13375220162844462,0.0715586057618244,1.0246282221904561,8.458562927743516,42.61298144881499,-4.976764821897995,0.0337362744220609,29.641684422215807,-1.8337326685880948,-27.133494975370862
 0.14410692807348102,0.08306722687510174,1.1114365188077033,8.383446639371071,42.59062167491891,-5.043905415564199,0.03651612365091494,27.385163046323083,-2.1593785229167777,-31.449006022248263
 0.1536703998395157,0.09445836714734651,1.1911093116519877,8.330948717519911,42.56666600801721,-5.111046009230402,0.03942117607973606,25.36707677054914,-2.5049132247952843,-36.130676215900706
 0.162582854014759,0.10573273767833775,1.2650130154170984,8.292183310226461,42.54106908718415,-5.178186602896605,0.042456784230398135,23.55336180369548,-2.8720395448610243,-41.19250577304846
 0.17094666561478675,0.11689104993925487,1.3341180785181832,8.26238877748699,42.513784275992535,-5.245327196562808,0.045628534694894696,21.916110317517788,-3.262246030448956,-46.65414577088719
 0.17883932439562442,0.12793401580113353,1.3991439600416435,8.238780280396078,42.48476362564344,-5.312467790229011,0.04894225548465349,20.432241834738566,-3.6769168863042987,-52.53880439657525
 0.18632119281268109,0.13886234756456112,1.4606420688332202,8.21961913301995,42.4539578372309,-5.3796083838952145,0.05240402821450451,19.082502511194697,-4.11739243399505,-58.87239966511369
 0.1934404029608876,0.1496767579906823,1.5190463830942782,8.203763204794745,42.421316222776326,-5.446748977561418,0.056020199054309015,17.850704154595128,-4.585005046212391,-65.68321519981292
 0.20023608586713074,0.1603779603335558,1.5747059553120704,8.19043104066233,42.38678666544951,-5.513889571227621,0.05979738981320944,16.723137968458563,-5.081101900014589,-73.0017660692259
 0.20674057921336858,0.17096666837391652,1.6279066603219996,8.179069787303291,42.350315578604636,-5.581030164893824,0.0637425105342416,15.688117578343794,-5.60706036635043,-80.86078935572296
 0.21298098298580784,0.18144359645440386,1.6788862487967025,8.169277234888904,42.31184786380953,-5.648170758560028,0.06786277084958896,14.735619950096053,-6.164299009784522,-89.29528661192379
 0.2189802842245866,0.19180945951632292,1.7278450688415792,8.160753743854839,42.271326867884866,-5.71531135222623,0.07216569431589309,13.856999637842733,-6.7542859262908745,-98.34260575094095
 0.22475818847039422,0.20206497313797298,1.7749538907799194,8.15327148637359,42.228694338783825,-5.782451945892434,0.07665913114940763,13.04476042196478,-7.378545453046945,-108.04255318163605
 0.23033174638695306,0.2122108535746546,1.8203597394293856,8.14665413533554,42.183890380427194,-5.849592539558637,0.08135127193098188,12.292370804581843,-8.038663817149182,-118.43751764757809
 0.23571583410982425,0.22224781780036068,1.8641903219871074,8.140763080722653,42.1368534065404,-5.91673313322484,0.08625066268781277,11.59411381706752,-8.736294114782451,-129.57260979790314
 0.24092352705333062,0.23217658355126766,1.9065574446526192,8.135487849440247,42.08752009328546,-5.983873726891043,0.09136621995031367,10.944964129454135,-9.473160915998985,-141.49582343086428
 0.24596639474280071,0.241997869371085,1.947559687184526,8.13073930484487,42.03582533095627,-6.051014320557247,0.09670724604638427,10.340486787519149,-10.251064575248249,-154.2581933834168
 0.2508547361812828,0.2517123946583239,1.987284523696334,8.126444728080052,41.98170217455113,-6.1181549142234495,0.10228344514511727,9.776753203621801,-11.07188544136273,-167.91397991408758
 0.25559776980422416,0.26132087971557255,2.0258100239420163,8.122544200264581,41.92508179336544,-6.185295507889653,0.1081049409121617,9.250271001142567,-11.937587984156968,-182.52085302683884
 0.26020378830872964,0.2708240458008566,2.0632062324518072,8.118987900984552,41.865893419412046,-6.2524361015558565,0.11418229217590993,8.757925427345546,-12.85022496012695,-198.14010192908842
 0.2646802859966912,0.2802226151811609,2.099536297221694,8.115734063168995,41.80406429503953,-6.319576695222059,0.12052651277324526,8.296929671244767,-13.81194154054595,-214.83683170557708
 0.26903406438042726,0.28951731118820745,2.1348574015084787,8.112747405501812,41.73951961945924,-6.386717288888263,0.1271490880262907,7.86478311030614,-14.82497956749674,-232.68020042891592
 0.273271320429239,0.2987088582765592,2.169221539238655,8.109997917122067,41.6721824943455,-6.453857882554466,0.13406199518319348,7.459235547207221,-15.89168186629111,-251.74364883932435
 0.2773977208288462,0.3077979820841539,2.202676165032361,8.107459905464102,41.60197386858305,-6.520998476220669,0.14127772232694286,7.078256808853519,-17.01449664679717,-272.1051453496743
 0.2814184648772033,0.31678540949536677,2.2352647428241967,8.105111243067443,41.52881248216832,-6.588139069886872,0.14880928851975653,6.7200106253262275,-18.19598202094404,-293.8474471235308
 0.2853383380772142,0.32567186870666626,2.267027211817654,8.102932766643837,41.45261480928796,-6.655279663553076,0.1566702645948047,6.382832138480736,-19.438810643197723,-317.05837378878056
 0.28916175805896704,0.3344580892950103,2.298000384544735,8.100907793258276,41.373295000792645,-6.722420257219278,0.1648747935848998,6.065208503112182,-20.74577443071167,-341.83108153208246
 0.2928928141355788,0.3431448022890349,2.328218288778195,8.099021728159295,41.290764825968516,-6.789560850885481,0.17343761313584727,5.765762004673905,-22.119789445531445,-368.2643698208722
 0.29653530154232044,0.35173274024317963,2.357712462711599,8.09726174449242,41.20493361375273,-6.856701444551685,0.18237407681238502,5.48323543278981,-23.563900881835103,-396.46298670267515
 0.3000927512098683,0.36022263731483156,2.3865122110087476,8.095616519853738,41.11570819371831,-6.923842038217888,0.19170017700469053,5.2164792731283285,-25.08128810601536,-426.53793194105543
 0.3035684557659994,0.36861522934461405,2.414644827903463,8.094076018368682,41.02299283648718,-6.990982631884091,0.20143256670691795,4.964440538828006,-26.675269929831032,-458.6068228969305
 0.3069654923358351,0.37691125393992647,2.4421357924073424,8.092631309296989,40.9266891942648,-7.058123225550295,0.21158858313004944,4.726152920005927,-28.34930983007451,-492.794194536577
 0.31028674261151384,0.3851114505618553,2.4690089397893935,8.091274415192682,40.82669624121677,-7.125263819216498,0.22218627103828786,4.500728129271663,-30.107021376941358,-529.2318858769614
 0.3135349105823627,0.3932165606155607,2.4952866127755167,8.089998184193597,40.72291021403649,-7.1924044128827,0.23324440460717674,4.28734829323846,-31.95217369043926,-568.0593891872203
 0.3167125382520781,0.40122732754429613,2.52098979533775,8.088796181880978,40.61522455298942,-7.259545006548904,0.24478251165170298,4.085259168444532,-33.88869692738867,-609.4242114661753
 0.31982201961682616,0.40914449692714205,2.546138231475609,8.087662599610626,40.50352984351288,-7.326685600215107,0.25682089656741836,3.8937641499023767,-35.92068784936642,-653.482263960248
 0.3228656131351742,0.4169688165806078,2.5707505310080045,8.086592175999357,40.38771375860068,-7.39382619388131,0.26938066213297546,3.7122189547012323,-38.05241541421689,-700.3982470062214
 0.3258454528853433,0.4247010366642178,2.5948442640820835,8.085580129841487,40.26766100245486,-7.460966787547513,0.28248373244795755,3.540026858658955,-40.28832628969932,-750.3460128537332
 0.3287635585760016,0.43234190979022413,2.618436045845399,8.084622102221852,40.14325325540402,-7.528107381213717,0.29615287391268685,3.3766344617504016,-42.63305042346457,-803.5089823070437
 0.33162184455248267,0.439892191137564,2.6415416125139615,8.08371410652492,40.01436912083167,-7.5952479748799195,0.31041171649607574,3.2215278833157126,-45.09140639979876,-860.0804805965341
 0.3344221279200112,0.44735263857019336,2.6641758898899615,8.08285248502425,39.88088407395273,-7.662388568546123,0.3252847728635356,3.074229362772917,-47.66840685724992,-920.2641730238836
 0.3371661358885076,0.4547240127599502,2.6863530552340555,8.082033871150285,39.74267041335353,-7.7295291622123266,0.3407974564846517,2.9342942001829067,-50.36926356847722,-984.2743688194427
 0.3398752436073086,0.4620070773140618,2.6883628523028698,0.7418667980111566,39.59959721548994,-7.796669755878529,0.3569760984319905,2.801307999029844,-52.811926550822065,-901.6485263368963
 0.3425715980233478,0.4692025989074245,2.668611199833466,-7.325317603617442,39.451530292685895,-7.863810349544733,0.3738479617588753,2.67488418365373,-54.91374647311861,-779.5043225007478
 0.3452570999257476,0.47631134741981623,2.647083774559707,-8.016164596465925,39.29833215512847,-7.930950943210936,0.3914412534502989,2.5546617562294553,-57.04637089272871,-794.1250824303453
 0.3479317775216838,0.4833340960781398,2.625643056566393,-8.016187829849091,39.13986197757574,-7.998091536877139,0.4097851339468988,2.4403032642213494,-59.2483287681118,-823.2610460149153
 0.35059566238259277,0.49027162160384646,2.6042888067389853,-8.01620600828871,38.97597557132862,-8.065232130543343,0.42890972296143454,2.331492961025542,-61.52158024998171,-853.3595108514733
 0.3532487896328479,0.4971247043656518,2.5830207582943308,-8.016218763200829,38.80652536217292,-8.132372724209546,0.4488461016696113,2.227935134738197,-63.86810475803659,-884.4372269853357
 0.3558911981482712,0.50389412853768,2.5618386152315917,-8.016225704353573,38.63136037520217,-8.199513317875748,0.46962631081002326,2.129352587326666,-66.28989648963802,-916.509206455339
 0.3585229307649686,0.5105806822631301,2.540742050703141,-8.016226418520032,38.4503262270561,-8.266653911541951,0.4912833430447671,2.035485253382338,-68.78895940927761,-949.5884588669485
 0.3611440344990172,0.5171851578235893,2.5197307053001534,-8.016220468517314,38.26326512690606,-8.333794505208155,0.5138511301689132,1.9460889376097705,-71.36730138532158,-983.6855911312642
 0.3637545607775466,0.5237083518140833,2.4988041852498677,-8.016207391742716,38.0700158868087,-8.400935098874358,0.5373645241332239,1.8609341612437356,-74.02692770678695,-1018.8084844576456
 0.3663545656817901,0.5301510653239613,2.477962060518724,-8.016186699158512,37.87041394266383,-8.468075692540562,0.5618592698453538,1.7798051107624155,-76.76983371035116,-1054.961857605536
 0.3689441102027044,0.5365141041236915,2.4572038628181474,-8.016157873681728,37.66429138684422,-8.535216286206765,0.5873719704622106,1.7024986725415023,-79.59799654142786,-1092.1468266852287
 0.37152326050978585,0.5427982788576291,2.436529083506091,-8.016120369290064,37.451477013960215,-8.602356879872968,0.6139400433910782,1.628823548430775,-82.5133658552925,-1130.360377159897
 0.3740920882337422,0.5490044052428118,2.4159371713819877,-8.016073609011473,37.23179638064728,-8.66949747353917,0.641601665778264,1.558599444699069,-85.51785363581904,-1169.5948905048474
 0.3766506707637113,0.5551333042738139,2.395427530366249,-8.016016984211378,37.005071881251745,-8.736638067205373,0.6703957087810627,1.491656326109598,-88.6133227050051,-1209.8374912391241
 0.3791990915597479,0.5611858024336722,2.3749995170622267,-8.015949852470387,36.77112284075473,-8.803778660871576,0.7003616593059974,1.4278337294918748,-91.80157408103774,-1251.0694391566344
 0.38173744048133845,0.5671627319108768,2.3546524381917666,-8.01587153656969,36.52976562633191,-8.87091925453778,0.7315395273137687,1.3669801325323114,-95.08433311508246,-1293.2654790373435
 0.3842658141327318,0.5730649308223802,2.3343855478998177,-8.01578132281995,36.28081377976328,-8.938059848203984,0.7639697381643153,1.3089523708135662,-98.46323403640774,-1336.3930285633187
 0.3867843162259234,0.5788932434425748,2.3141980449214445,-8.015678459409298,36.02407817209602,-9.005200441870187,0.7976930082224839,1.2536150996588538,-101.93980317161858,-1380.4114535418653
 0.3892930579621591,0.5846485204381318,2.294089069603762,-8.01556215501716,35.75936718262044,-9.07234103553639,0.8327502011520468,1.2008402983470623,-105.51544053027028,-1425.271205483632
 0.3917921584328757,0.5903316191085777,2.274057700775955,-8.015431577291867,35.48648690431208,-9.139481629202592,0.8691821654629026,1.1505068094297901,-109.19139966793963,-1470.9129067609172
 0.3942817450410283,0.5959434036324206,2.254102952460485,-8.015285851122512,35.205241377732605,-9.206622222868795,0.9070295489282197,1.1024999143430747,-112.96876584187908,-1517.2664255060458
 0.3967619539438162,0.6014847453186284,2.234223770416691,-8.01512405727155,34.91543285565422,-9.273762816535,0.9463325906380083,1.056710938514555,-116.84843230448604,-1564.2498735675108
 0.3992329305178558,0.6069565228631826,2.214419028509367,-8.014945230721853,34.61686210076317,-9.340903410201204,0.9871308865092089,1.0130368866648476,-120.83107465601425,-1611.7685587837423
 0.40169482984790816,0.612359622610391,2.1946875248930287,-8.014748359315913,34.3093287188167,-9.408044003867406,1.0294631286422247,0.9713801030629585,-124.91712321150506,-1659.7139069061298
 0.4041478172403227,0.6176949388185817,2.1750279780031723,-8.01453238229031,33.99263152978972,-9.475184597533609,1.0733668156392608,0.9316479561597346,-129.106733286241,-1707.9623351068092
 0.40659206876242293,0.6229633739297429,2.155439022345085,-8.014296188820774,33.66656897927445,-9.542325191199811,1.118877931057394,0.8937525464059796,-133.39975348981383,-1756.374155751411
 0.40902777180911676,0.6281658388425879,2.1359192040699537,-8.014038616746527,33.330939593180766,-9.609465784866014,1.166030591144859,0.8576104328602194,-137.7956916994725,-1804.7923434778452
 0.41145512569809856,0.6333032531884774,2.1164669763272244,-8.013758451549474,32.98554247773665,-9.676606378532218,1.2148566572664865,0.8231423798179374,-142.29367914251256,-1853.041480048392
 0.4138743422950684,0.6383765456095148,2.0970806943834335,-8.013454424904632,32.63017786781248,-9.743746972198421,1.265385313704567,0.7902731201078826,-146.89243219035416,-1900.9265452302466
 0.4162856466704958,0.6433866540380805,2.0777586104938295,-8.01312521409891,32.264647725768214,-9.810887565864626,1.3176426080933632,0.7589311349357517,-151.59021223916935,-1948.2318767752402
 0.4186892777895318,0.6483345259769459,2.058498868515947,-8.012769440930999,31.888756393480357,-9.878028159530828,1.3716509558534957,0.729048447589759,-156.38478355139836,-1994.720102538813
 0.4210854892367856,0.6532211187790334,2.039299498250814,-8.012385671196148,31.502311299555966,-9.94516875319703,1.4274286043483515,0.700560432202155,-161.27336941290184,-2040.1312526513664
 0.42347454997779255,0.6580473999257795,2.020158409497769,-8.011972414304456,31.10512372438713,-10.012309346863233,1.48498906197792,0.6734056334853117,-166.25260645379444,-2084.1818524856635
 0.42585674515911437,0.6628143473029238,2.001073385808447,-8.011528122868699,30.697009624149004,-10.079449940529438,1.5443404865007997,0.6475255999185916,-171.31849792915693,-2126.564403741073
 0.42823237694917865,0.6675229494724825,1.9820420779229002,-8.011051192841494,30.277790516190706,-10.14659053419564,1.605485039274205,0.6228647265701536,-176.46636558393251,-2166.94677866569
 0.4306017654220904,0.6721742059394797,1.9630619968710092,-8.01053996374279,29.847294426561145,-10.213731127861845,1.6684182042744395,0.5993701084284676,-181.69080104476168,-2204.9720932460073
 0.43296524948686294,0.6767691274119513,1.9441305067202699,-8.009992719185629,29.4053569003924,-10.280871721528047,1.7331280736534866,0.5769914036946904,-186.9856170201351,-2240.2588002567986
 0.4353231878646915,0.6813087360525529,1.9252448169498935,-8.009407687646375,28.95182207603369,-10.34801231519425,1.7995946077758653,0.5556807047982372,-192.34379855862602,-2272.401004569644
 0.4376759601171472,0.6857940657200157,1.9064019744287333,-8.008783043702092,28.48654382188248,-10.415152908860453,1.867788869266321,0.5353924185193406,-197.75745555719098,-2300.969417211721
 0.44002396772842356,0.6902261621985307,1.8875988549738236,-8.008116909249923,28.00938693539877,-10.482293502526657,1.9376722410519578,0.5160831531844118,-203.2177767193598,-2325.512547721534
 0.44236763524508604,0.6946060834130379,1.8688321544620798,-8.007407355488986,27.52022840232142,-10.54943409619286,2.00919563310099,0.49771161330696373,-208.71498606335567,-2345.5585337566154
 0.444707411477121,0.6989348996282417,1.850098379467248,-8.00665240476373,27.018958713422666,-10.616574689859064,2.08229868886443,0.48023850053199835,-214.23830280675497,-2360.617510246073
 0.44704377076450097,0.7032136936290774,1.8313938373896075,-8.0058500328587,26.50548323499926,-10.683715283525267,2.156908998891726,0.4636264211952498,-219.77590569951528,-2370.184638412481
 0.44937721431394917,0.7074435608802062,1.812714626042312,-8.004998171784663,25.979723628401338,-10.75085587719147,2.2329413357088916,0.4478397994645614,-225.31490282773436,-2373.743787171934
 0.451708271611145,0.7116256096620304,1.7940566226557197,-8.004094712316542,25.441619312569124,-10.817996470857672,2.310296922247482,0.4328447959958277,-230.8413081392399,-2370.7719746544026
 0.454037501914243,0.7157609611805946,1.7754154722545072,-8.00313750702055,24.891128962118287,-10.885137064523875,2.388862748359487,0.4186092318140647,-236.34002602432847,-2360.7446106874554
 0.4563654958353423,0.7198507496486962,1.7567865753577203,-8.00212437324164,24.328232032525136,-10.952277658190079,2.4685109519794324,0.405102517044993,-241.79484512027852,-2343.1414689323165
 0.45869287701738143,0.7238961223354012,1.738165074945173,-8.001053096180947,23.752930302168323,-11.019418251856283,2.5490982832899283,0.39229558411116877,-247.18844287155554,-2317.4535365760053
 0.46102030391497006,0.7278982395811673,1.719545842626678,-7.999921431597079,23.165249419613254,-11.086558845522486,2.630465670864041,0.38016082516352534,-252.50240218670112,-2283.1906431309085
 0.46334847168884363,0.7318582747757398,1.7009234639408781,-7.998727108406088,22.565240442879034,-11.153699439188689,2.712437906522926,0.36867203396441983,-257.71724162985464,-2239.8898832265827
 0.4656781142249844,0.7357774142959623,1.6822922227007648,-7.997467830827558,21.95298135661004,-11.220840032854891,2.794823476465149,0.3578043509441194,-262.81246018251926,-2187.12462260636
 0.4680100062910843,0.7396568574007205,1.6636460842917835,-7.996141279457687,21.328578550006448,-11.287980626521094,2.8774145492619554,0.3475342127037259,-267.76659849780555,-2124.5144178444243
 0.4703449658448986,0.7434978160802989,1.6449786778121724,-7.9947451120156385,20.69216823939344,-11.355121220187298,2.959987152732413,0.33783930415943986,-272.55731670957437,-2051.734987847168
 0.47268385651122113,0.7473015148575106,1.6262832769316067,-7.993276962347606,20.043917815185544,-11.422261813853503,3.0423015487993044,0.32869851458172084,-277.1614909332823,-1968.5290509740603
 0.47502759024681707,0.7510691905381631,1.607552779323933,-7.991734437747945,19.384027094478007,-11.489402407519705,3.1241028309460623,0.3200918964940642,-281.5553280158563,-1874.7168314564226
 0.47737713021564415,0.7548020919085711,1.5887796845062565,-7.99011511476787,18.712729457979247,-11.556543001185908,3.205121759038906,0.31200062748937873,-285.7144996064386,-1770.2067833554204
 0.47973349390025954,0.7585014793781072,1.5699560698924742,-7.988416532083312,18.030292849733662,-11.62368359485211,3.2850758418329726,0.3044069751041213,-289.61429540829675,-1655.0059005406279
 0.4820973184683219,0.7621686245650361,1.5513609751230055,-7.86652910740806,17.3370206183102,-11.690824188518313,3.36367067998759,0.2972942642541003,-293.2841297913025,-1552.4986213397206
 0.4844684521057302,0.7658048098242497,1.533521857160278,-7.523455313225588,16.633252177459298,-11.757964782184517,3.4406015729152983,0.2906468473048676,-296.8067382402507,-1485.6220642200688
 0.48684635368964657,0.7694113277158839,1.5166808904237117,-7.082280801894859,15.919363464945267,-11.82510537585072,3.515555387033383,0.2844500768465646,-300.21793893516093,-1434.5424209239266
 0.4892304633512736,0.7729894804142271,1.5008339406255433,-6.646904734807161,15.195767179820598,-11.892245969516924,3.5882126840732784,0.27869028066218665,-303.5079706152627,-1379.9833678189366
 0.4916202028604664,0.7765405790568295,1.4859772912244607,-6.216848884128338,14.462912778552363,-11.959386563183127,3.658250092455431,0.27335473921324943,-306.6670649454083,-1321.940871795124
 0.49401497610823975,0.7800659430342043,1.4721076330098102,-5.79163736171957,13.721286213502374,-12.02652715684933,3.7253429031639804,0.26843166548525976,-309.6855060242379,-1260.4287615273065
 0.496414169688911,0.7835668992210985,1.4592220549017376,-5.370795508909033,12.971409399296025,-12.093667750515532,3.7891678666553297,0.2639101869304863,-312.5536931440706,-1195.4796573898177
 0.49881715358224443,0.7870447811508473,1.447318036295413,-4.953848687604517,12.21383939519203,-12.160808344181737,3.849406152821151,0.2597803298223339,-315.2622063783758,-1127.1458130948693
 0.5012232819348482,0.7905009281349603,1.4363934410950872,-4.540321046673932,11.449167295755876,-12.22794893784794,3.9057464387966547,0.2560330056418348,-317.80187395600274,-1055.4996265592301
 0.5036318939392541,0.7939366843306758,1.4264465133573527,-4.129734353037866,10.678016825169738,-12.295089531514144,3.9578880762516926,0.25265999965998215,-320.1638409073483,-980.6340527345227
 0.5060423148068485,0.797353397759831,1.4174758753085421,-3.7216065332870545,9.901042635156509,-12.362230125180346,4.005544282630084,0.2496539619687812,-322.33963805194884,-902.6627564720825
 0.5084538568307514,0.8007524192830068,1.4094805271834459,-3.3154504652406303,9.118928311841508,-12.429370718846549,4.0484453127649696,0.24700840019919382,-324.32124987363903,-821.7197967311796
 0.5108658205329701,0.8041351015334753,1.4024598493571276,-2.910772587439832,8.332384099260839,-12.496511312512752,4.086341537249472,0.24471767493842497,-326.1011813142678,-737.9594638971589
 0.5132774958883776,0.8075027978160373,1.3964136072506375,-2.5070713157695037,7.542144355046535,-12.563651906178954,4.119006379788265,0.24277699711924325,-327.6725212796326,-651.5553438158867
 0.5156881636177115,0.8108568609763234,1.391341958691574,-2.1038355876878274,6.748964756202816,-12.630792499845159,4.146239047800123,0.2411824278512286,-329.02900270825137,-562.699459619649
 0.5180970965403444,0.8141986422466057,1.3872454641160457,-1.7005432310049824,5.9536192788318205,-12.697933093511361,4.167867003540646,0.23993088050806077,-330.1650576894054,-471.60091942799903
 0.5205035609764835,0.817529490074534,1.3841250998382926,-1.2966592112864663,5.156896979056128,-12.765073687177566,4.183748117808653,0.2390201254572123,-331.07586707324685,-378.4844563515745
 0.5229068181875571,0.8208507489415312,1.3819822745953607,-0.8916337515011981,4.359598607311978,-12.832214280843768,4.193772463617587,0.2384487972762811,-331.75740327352565,-283.58853856276664
 0.5253061258432886,0.8241637581777939,1.3808188492828377,-0.48490042939837374,3.5625330905922206,-12.89935487450997,4.197863708558584,0.2382164046825067,-332.206465817637,-187.16338567029354
 0.5277007395029969,0.827469850781021,1.3806371603300216,-0.07587401503349442,2.766513920146819,-12.966495468176173,4.195980073014473,0.23832334343799225,-332.420708959948,-89.46877148317867
 0.5300899140985018,0.8307703522459904,1.3814400467756083,0.33605180931408785,1.9723554845237448,-13.033636061842376,4.188114836203582,0.23877091223851785,-332.39866065763204,9.228418198227576
 0.5324729054059764,0.8340665794121097,1.3832308811955383,0.7515069040801051,1.1808693883197519,-13.10077665550858,4.174296376585203,0.23956133196705437,-332.13973283133635,108.65663902489763
 0.534848971494242,0.8373598393358909,1.3860136046068243,1.1711473115283544,0.3928607978656903,-13.167917249174783,4.154587750501515,0.24069776835963722,-331.6442225010828,208.54231820428262
 0.5372173741369842,0.8406514281950678,1.3897927657122693,1.5956582032307531,-0.39087514610562435,-13.235057842840986,4.129085814565036,0.24218435869571325,-330.9133041094268,308.61238645205486
 0.5395773801772884,0.8439426302307973,1.394573564441102,2.025756988408577,-1.1695568091195272,-13.30219843650719,4.097919922006635,0.2440262423454894,-329.94901272097627,408.5970001696518
 0.5419282628332924,0.8472347167339243,1.400361900122554,2.4621967696554306,-1.9424194009401166,-13.369339030173393,4.061250214170529,0.24622959612554687,-328.75421912137557,508.2319172968067
 0.5442693029347112,0.8505289450808667,1.4071644244564756,2.905770101844451,-2.7087181359175223,-13.436479623839595,4.019265557575744,0.24880167425492508,-327.33259652963363,607.2611019693079
 0.5465997900809987,0.853826557824127,1.41498859949235,3.357313104403259,-3.467731186179695,-13.5036202175058,3.972181163106416,0.2517508539862158,-325.68858037741154,705.4388413345562
 0.5489190237127891,0.8571287818418355,1.4238427610068898,3.8177100371317665,-4.218762400329937,-13.570760811172002,3.9202359482886258,0.2550866869216249,-323.8273211700765,802.5320010119644
 0.5512263140898594,0.8604368275501361,1.4337361873371703,4.2878982327498205,-4.961143766221284,-13.637901404838205,3.8636896927465214,0.2588199569642834,-321.7546318699508,898.3218240425656
 0.5535209831697889,0.8637518881815457,1.444679174180317,4.768873620540993,-5.694237600049896,-13.70504199850441,3.8028200484343713,0.26296274534781156,-319.4769303516057,992.6056607757696
 0.5558023653825318,0.8670751391317477,1.4566831158933797,5.261696898491392,-6.417438449519044,-13.772182592170612,3.7379194575789745,0.26752850385056004,-317.0011782460827,1085.1983028948036
 0.5580698082981493,0.8704077373766486,1.4697605932862983,5.767500166308224,-7.130174702502639,-13.839323185836815,3.669292044790112,0.2725321363885063,-314.33481657882544,1175.9333162886326
 0.5603226731854505,0.8737508209607981,1.4839254688524575,6.287494490239158,-7.831909899461539,-13.906463779503019,3.597250522751252,0.27799009095290345,-311.48570023635773,1264.663654943313
 0.5625603354605656,0.8771055085576848,1.4991929900208116,6.822978310061854,-8.52214374929495,-13.973604373169222,3.5221131753371866,0.2839204620119187,-308.4620308924402,1351.262600055197
 0.5647821850260846,0.8804728991017794,1.5155799007967934,7.375346661759354,-9.200412855469812,-14.040744966835424,3.4442009518165597,0.2903431054081134,-305.2722905731188,1435.6238913845364
 0.5669879518080452,0.8838540714916002,1.532878460893069,7.842424792026162,-9.866291160768961,-14.107885560501629,3.3638347170770766,0.2972797667267451,-301.88064792021225,1537.6252288521189
 0.5691782738432349,0.8872500843625816,1.5504628161617007,8.028205435603088,-10.519390123627435,-14.175026154167831,3.2813326859169476,0.3047542251024621,-298.1748584754991,1691.892509492161
 0.5713543245909214,0.8906619759279857,1.5679283072931953,8.026233372573556,-11.159358641061583,-14.242166747834034,3.1970080693896894,0.31279245416196294,-294.09632018672056,1874.2845464954135
 0.5735172101333644,0.8940907638857033,1.5852840524536989,8.024347483917131,-11.785882735920286,-14.309307341500238,3.1111669501730983,0.32142280244535326,-289.6704807370557,2046.2661397541035
 0.5756679735526015,0.8975374453883813,1.6025386483003787,8.022544782168932,-12.398685027678264,-14.376447935166441,3.0241064012291416,0.33067619565024303,-284.9231516013814,2207.27630627008
 0.577807598946254,0.9010029970740053,1.6197002035519892,8.020822384386703,-12.997524007588943,-14.443588528832644,2.9361128518020054,0.3405863638334819,-279.88029198345134,2356.889029682611
 0.5799370151230864,0.9044883751537866,1.636776369833872,8.019177494595974,-13.582193139312738,-14.510729122498848,2.8474607041446416,0.3511900966866524,-274.567807873763,2494.8078104633164
 0.582057099013357,0.9079945155539829,1.6537743701023107,8.017607391124919,-14.152519807010686,-14.57786971616505,2.7584111953979336,0.36252753094548623,-269.01136804786773,2620.8584723437593
 0.5841686788242092,0.9115223341081463,1.6707010249068623,8.01610941606816,-14.708364132503329,-14.645010309831253,2.6692114962820237,0.37464247452587096,-263.2362379276183,2734.9807431236704
 0.586272536966249,0.9150727267961486,1.68756277671836,8.014680968531977,-15.249617682581135,-14.712150903497458,2.5800940376477994,0.3875827723363418,-257.26713187659317,2837.218884557325
 0.5883694127740023,0.9186465700262908,1.704365712517515,8.013319499907954,-15.776202087471493,-14.77929149716366,2.4912760467116675,0.40140072045405767,-251.1280844307922,2927.7115140064557
 0.590460005039993,0.9222447209567758,1.721115584812525,8.012022510316353,-16.288067589620052,-14.846432090829863,2.4029592792059793,0.41615353562313984,-244.84233988400968,3006.6812400666945
 0.59254497437966,0.9258680178528278,1.7378178312351538,8.010787547262359,-16.78519154135678,-14.913572684496065,2.3153299291364045,0.431903888692438,-238.4322600236009,3074.424039939296
 0.5946249454422095,0.9295172804758348,1.754477592844063,8.009612205128159,-17.267576868658516,-14.98071327816227,2.228558696475688,0.4487205123120298,-231.91924925651284,3131.2987398512405
 0.5967005089806167,0.9331933105008957,1.7710997312478731,8.00849412519838,-17.735250516400875,-15.047853871828472,2.1428009969357547,0.4666788943210399,-225.32369599306577,3177.7168664797923
 0.5987722237924786,0.9368968919593553,1.787688844648938,8.00743099681532,-18.188261889930352,-15.114994465494675,2.0581972874495524,0.4858620726486165,-218.66492962046703,3214.1327244815648
 0.6008406185420128,0.940628791702945,1.8042492828944852,8.006420558395366,-18.62668130449836,-15.18213505916088,1.9748735010526968,0.5063615464316853,-211.96119099932588,3241.034441153482
 0.6029061934723846,0.9443897598863682,1.8207851616141268,8.005460599129588,-19.050598455146798,-15.249275652827082,1.8929415599477968,0.5282783267897493,-205.22961642070527,3258.9350691861728
 0.6049694220165182,0.9481805304652722,1.8373003755121655,8.004548960413041,-19.4601209153572,-15.316416246493285,1.8124999625598712,0.5517241493277921,-198.48623235405213,3268.3650513787643
 0.6070307523137001,0.9520018217067475,1.8537986108774032,8.003683537661423,-19.85537267393583,-15.383556840159489,1.7336344194057582,0.5768228807678912,-191.74596090640284,3269.864832852851
 0.6090906086385464,0.9558543367096716,1.8702833573654885,8.002862281822217,-20.236492716059836,-15.450697433825692,1.6564185311047894,0.6037121543991815,-185.0226336307448,3263.978751605305
 0.6111493927482369,0.959738763932355,1.8867579191037058,8.002083200794619,-20.60363365489375,-15.517838027491894,1.5809144905378836,0.6325452805861526,-178.32901327818135,3251.249279153248
 0.6132074851533955,0.9636557777251881,1.9032254251631224,8.00134436050614,-20.95696041767289,-15.584978621158099,1.5071738025010002,0.6634934858478847,-171.67682164976083,3232.212320373319
 0.6152652463174766,0.9676060388661075,1.9196888394399778,8.000643886292503,-21.296648990204204,-15.652119214824301,1.435238006784359,0.6967485499081042,-165.0767729806014,3207.3929590885173
 0.6173230177891159,0.9715901950969253,1.9361509699830008,7.999979963716996,-21.622885221691746,-15.719259808490504,1.3651393996000944,0.7325259239407648,-158.53861130052925,3177.302130087121
 0.6193811232715141,0.9756088816586935,1.9526144777990249,7.999350838344953,-21.93586369197533,-15.786400402156708,1.2969017433485268,0.7710684368563316,-152.07115133811985,3142.433669081603
 0.6214398696326046,0.9796627218244828,1.9690818851730625,7.998754817623602,-22.235786641413885,-15.853540995822911,1.2305409622093937,0.8126507208703841,-145.68232158510605,3103.262195751852
 0.6234995478594674,0.9837523274280949,1.9855555835249132,7.998190269235671,-22.522862964229674,-15.920681589489114,1.1660658133683806,0.8575845278503869,-139.3792093695371,3060.241222809586
 0.6255604339601786,0.9878782993873698,2.0020378408350834,7.99765562225017,-22.797307264101477,-15.987822183155318,1.103478536810701,0.9062251476954168,-133.16810656207215,3013.802075389577
 0.6276227898160809,0.9920412282209322,2.018530808661562,7.997149366476604,-23.059338971869135,-16.05496277682152,1.042775473409055,0.9589792102903869,-127.05455608824585,2964.352857112307
 0.629686863987233,0.9962416945573169,2.0350365287698065,7.996670051363468,-23.309181523288586,-16.12210337048772,0.9839476546140444,1.0163142269923415,-121.04339800928913,2912.278135626098
 0.6317528924736234,1.0004802696355695,2.051556939400033,7.996216286005366,-23.547061595546875,-16.189243964153928,0.9269813606025745,1.0787703426420143,-115.13881528026697,2857.9386818319913
 0.6338210994345652,1.0047575157965263,2.068093881189294,7.995786737769607,-23.773208400618763,-16.25638455782013,0.8718586429302234,1.1469749231814772,-109.34437865391762,2801.671561781597
 0.6358916978685378,1.009073986964102,2.084649102768963,7.9953801316782345,-23.987853032872856,-16.323525151486333,0.8185578182175662,1.2216608011606676,-103.66309021217808,2743.790562441181
 0.6379648902556041,1.0134302291160022,2.1012242660530602,7.994995248633207,-24.19122786922561,-16.39066574515254,0.7670539251266338,1.3036893068957425,-98.0974257968132,2684.5865584335497
 0.6400408691643995,1.0178267807433745,2.117820951236641,7.994630924844559,-24.383566018848843,-16.45780633881874,0.7173191492143378,1.3940796103035527,-92.64937558293508,2624.328306417806
 0.6421198178255904,1.0222641732990256,2.13444066151654,7.994286049554897,-24.565100820084815,-16.524946932484944,0.6693232187940015,1.4940464814620025,-87.32048300412804,2563.263190806541
 0.6442019106735689,1.0267429316338692,2.1510848275531353,7.9939595646538075,-24.73606538223741,-16.592087526151147,0.6230337656628023,1.6050494453316981,-82.11188195501306,2501.618049440905
 0.6462873138580738,1.0312635744213792,2.1677548116832033,7.993650462380783,-24.896692169413008,-16.65922811981735,0.5784166590842444,1.7288575359900784,-77.02433197048022,2439.600180116098
 0.6483761857273226,1.0358266145698698,2.1844519118980905,7.993357783544684,-25.04721262395103,-16.726368713483552,0.5354363100618197,1.8676357602355045,-72.05825151551723,2377.3983115340407
 0.6504686772841555,1.0404325596224846,2.2011773656024585,7.993080617100765,-25.187856827049433,-16.793509307149755,0.4940559487380194,2.024062259657691,-67.21374938844794,2315.1835959623813
 0.6525649326166245,1.0450819121448514,2.2179323531597577,7.99281809700376,-25.318853193951874,-16.860649900815957,0.454237876844369,2.2014896840991973,-62.490654107553986,2253.1106815747135
 0.6546650893043579,1.0497751701003546,2.2347180012404677,7.992569401489047,-25.44042820163089,-16.92779049448216,0.415943694605714,2.404171557277557,-57.88854154983532,2191.3186690301945
 0.6567692788019965,1.0545128272130997,2.2515353859819554,7.992333751480104,-25.55280614636021,-16.994931088148363,0.37913450614499333,2.637586354689561,-53.40676058664391,2129.9321987020853
 0.6588776268008996,1.0592953733185986,2.2683855359680876,7.99211040819606,-25.6562089292332,-17.06207168181457,0.3437711043017997,2.9089123183607986,-49.044457047312335,2069.0623851476576
 0.6609902535702737,1.0641232947022994,2.285269435041273,7.991898672280239,-25.75085586745667,-17.12921227548077,0.3098141350304377,3.227741690680946,-44.80059591951046,2008.8077976305397
 0.6631072742788153,1.068997074426081,2.302188024952867,7.991697881524008,-25.8369635292647,-17.196352869146974,0.27722424321906514,3.607188131846719,-40.673981818227915,1949.255425151397
 0.6652287992978946,1.073917192642866,2.319142207863374,7.991507410016332,-25.914745591045506,-17.26349346281318,0.24596220300154092,4.0656653249838355,-36.66327810480404,1890.481459023536
 0.6673549344872703,1.0788841268995377,2.3361328486972277,7.9913266657527435,-25.98441271414786,-17.330634056479383,0.2159890316569176,4.629864731225913,-32.767024152780955,1832.5523096990985
 0.6694857814642565,1.0838983524283434,2.353160777362677,7.991155089669099,-26.046172440578765,-17.397774650145585,0.18726609047202006,5.339995070540615,-28.983651617376974,1775.5252142765758
 0.6716214378572318,1.0889603424270076,2.3702267908425068,7.990992153964575,-26.1002291051515,-17.464915243811788,0.15975517069492598,6.2595783012847495,-25.311498961414255,1719.4491904415552
 0.673761997544322,1.0940705683277634,2.387331655162864,7.990837360676188,-26.14678376330104,-17.53205583747799,0.1334185706798479,7.495208462393192,-21.748825052773686,1664.3656003274664
 0.6759075508780601,1.0992295000555588,2.4044761072460266,7.99069023993563,-26.186034132752223,-17.599196431144193,0.10821915833949236,9.240508014883263,-18.293821381170424,1610.3089199762478
 0.6780605679480451,1.1044376062756551,2.4189804589577792,6.736756486493338,-26.21817454792912,-17.666337024810396,0.08412042871193673,11.887718777853774,-14.92808191117648,1563.266504903888
 0.6802366095711703,1.1096953546308974,2.4161984308422215,-1.278481112673897,-26.243395925958815,-17.7334776184766,0.06108654683320054,16.37021655079871,-11.590485109136843,1533.7927209528018
 0.682449468139116,1.1150032119688769,2.3986428300778884,-7.933449077421429,-26.261885742932527,-17.8006182121428,0.039082390115724445,25.586971447727784,-8.355625272012299,1461.8466286020132
 0.6847001646387256,1.1203616445592814,2.3807886098076643,-7.932753382484409,-26.273828019760877,-17.867758805809007,0.018073575099507064,55.329396342136754,-5.3060360783518306,1354.953541798907
 0.6869897654854897,1.125771118301668,2.36262742042215,-7.932032961632458,-26.279403316258325,-17.93489939947521,0.0019735297429062182,506.70632332472525,-2.435051727609103,1253.9235189401209
 0.6893193857631023,1.1312320989239344,2.3441505359246397,-7.931285916023121,-26.278788733002827,-18.002039993141413,0.021091710565568977,47.411991402558094,0.26381263135580485,1158.499685507031
 0.6916901927509076,1.1367450521717462,2.325348826863003,-7.930510226410955,-26.27215791972069,-18.06918058680762,0.039313048798800924,25.43684681180211,2.7968591775905174,1068.4322086377674
 0.6941034097724988,1.1423104439891842,2.3062127308253144,-7.929703738402423,-26.259681089874874,-18.13632118047382,0.05666875273717259,17.64640920610976,5.170206298972139,983.4785268573401
 0.6965603204033192,1.1479287406908718,2.2867322202158054,-7.92886414554072,-26.24152504058657,-18.203461774140024,0.0731892345580115,13.663211619017227,7.3897882407878654,903.4036134536353
 0.699062273080464,1.153600409125838,2.266896766983882,-7.927988971621571,-26.217853177133925,-18.270602367806227,0.0889040937122748,11.248075968653986,9.461355392084563,827.9801493530786
 0.7016106861641178,1.1593259168333843,2.24669530394074,-7.927075548591194,-26.188825541712237,-18.33774296147243,0.10384211246150564,9.63000440087061,11.390474961803081,756.988567549107
 0.704207053507351,1.1651057321911773,2.226116182233113,-7.926120994111879,-26.154598845893265,-18.404883555138632,0.11803126565781147,8.472331415128044,13.182532089757888,690.2170960612958
 0.7068529505996044,1.1709403245558594,2.2051471244911705,-7.925122183827657,-26.115326506010824,-18.472024148804834,0.13149872456490516,7.604636495971639,14.842731411368831,627.4617884692692
 0.7095500413592739,1.1768301643963786,2.183775173083491,-7.924075721611389,-26.071158681619238,-18.539164742471037,0.14427086449455825,6.931406445115735,16.376098666032213,568.5263831652709
 0.7123000856628063,1.182775723420308,2.1619866328307493,-7.922977904302931,-26.022242315962277,-18.60630533613724,0.15637327699367126,6.394954555057844,17.78748276677762,513.2223138850857
 0.7151049477119251,1.188777474693377,2.139767007420065,-7.921824682131937,-25.96872117864282,-18.673445929803442,0.1678307800060882,5.958382603976006,19.08155780291293,461.3685141990745
 0.7179666053575785,1.1948358927524425,2.1171009286410323,-7.920611612454964,-25.910735909898527,-18.74058652346965,0.17866743124815535,5.596990973755462,20.26282523081294,412.7913168419212
 0.720887160519544,1.2009514537121355,2.0939720774105215,-7.919333807393314,-25.848424066328203,-18.80772711713585,0.1889065417463089,5.293622924625581,21.33561604376217,367.32427687729046
 0.7238688508650846,1.207124635365395,2.070363095380534,-7.917985871771522,-25.781920167544683,-18.874867710802054,0.1985706902707049,5.035989947140401,22.304093006499627,324.8080285016632
 0.7269140629396545,1.2133559172781039,2.046255485700043,-7.916561832198691,-25.711355744048547,-18.94200830446826,0.20768174058266692,4.815059798682465,23.172252627462537,285.09003632710886
 0.7300253469786309,1.2196457808780539,2.0216295012458905,-7.915055053043259,-25.636859385423843,-19.009148898134463,0.2162608544736939,4.62404535686157,23.94392723115488,248.0244792906296
 0.7332054336729674,1.2259947095384114,1.9964640183125757,-7.913458138777216,-25.558556789372783,-19.076289491800665,0.2243285106130873,4.457748135834412,24.622786602173285,213.47196987660382
 0.7364572532156959,1.2324031886559197,1.9707363933643203,-7.9117628177695485,-25.476570810836737,-19.143430085466868,0.231904520038556,4.3121194870791735,25.21233957135866,181.29941143373162
 0.7397839570228923,1.2388717057240097,1.944422299964631,-7.909959805488404,-25.391021511329573,-19.21057067913307,0.23900804258974565,4.183959623971682,25.715935191494705,151.37975886120168
 0.7431889426057088,1.2454007504010123,1.917495542404632,-7.908038640717678,-25.302026208592554,-19.277711272799273,0.24565760485583515,4.070706463929145,26.136763452432522,123.59178936368056
 0.746675882173925,1.2519908145736598,1.8899278418004624,-7.9059874898469324,-25.209699525720616,-19.344851866465476,0.2518711166286963,3.9702845383187833,26.47785574304385,97.81996043763272
 0.7502487556823813,1.2586423924160575,1.8616885894937956,-7.903792910616712,-25.114153440557075,-19.41199246013168,0.25766588744429186,3.8809949191128488,26.742084469937794,73.95412299611776
 0.7539118891978928,1.2653559804442858,1.832744561397959,-7.9014395662274906,-25.01549733465242,-19.47913305379788,0.26305864420148173,3.801433718460438,26.932162173968955,51.889373735977
 0.7576699996770692,1.272132077566829,1.803059585419168,-7.898909875926922,-24.91383804176093,-19.546273647464087,0.26806554687037654,3.7304309027207863,27.050639797521967,31.52584901628039
 0.7615282475201562,1.2789711851309538,1.7725941521301067,-7.896183585937056,-24.8092798962593,-19.61341424113029,0.27270220582631594,3.667003708202126,27.099903830430353,12.768498788032186
 0.765492298623982,1.2858738069652402,1.7413049563424088,-7.893237238415006,-24.701924780790925,-19.680554834796492,0.2769836972248245,3.6103207878993375,27.082172418202475,-4.473053389943741
 0.7695683981279291,1.2928404494183923,1.7091443539113704,-7.890043508480584,-24.59187217361342,-19.7476954284627,0.2809245796102948,3.5596742776556733,26.999489848305604,-20.284728038853704
 0.7737634586729382,1.2998716213944794,1.6760597137155175,-7.886570370292805,-24.479219195292362,-19.8148360221289,0.2845389093143665,3.51445783780373,26.853719299733246,-34.74813939116684
 0.778085166835472,1.3069678343847708,1.641992638885367,-7.8827800371825125,-24.364060654791718,-19.881976615795104,0.28784025560090354,3.4741492218048915,26.646533308053524,-47.940764134856984
 0.7825421125446217,1.3141296024962843,1.6068780233986402,-7.878627602449794,-24.246489095129224,-19.949117209461306,0.29084171636454287,3.4382963094145462,26.379401351273184,-59.936102930745
 0.7871439478722813,1.3213574424771972,1.5706428992514403,-7.874059275743054,-24.126594838103735,-20.01625780312751,0.293555931930524,3.4065058519637423,26.053573952300976,-70.80379365463344
 0.7919015838011857,1.3286518737392512,1.5332050142251437,-7.869010068392863,-24.00446602857271,-20.08339839679371,0.2959950999542715,3.3784343056844213,25.670062055198972,-80.60976140944788
 0.7968274367273092,1.336013418377273,1.4944710588050616,-7.863400714760037,-23.880188678118706,-20.150538990459914,0.2981709896980189,3.3537803292425536,25.229610448765424,-89.4163128780573
 0.8019357410180855,1.3434426011859462,1.4543344299374417,-7.857133518864829,-23.753846707679465,-20.217679584126117,0.30009495485775206,3.3322786131943127,24.732663374687597,-97.28219890407159
 0.8072429506907152,1.3509399496739405,1.4126723740838163,-7.850086660130456,-23.625521989963246,-20.28482017779232,0.30177794750689396,3.313694748941705,24.179319384725126,-104.26269623681458
 0.812768263454453,1.358505994075521,1.3693422843383565,-7.84210624778236,-23.495294390740487,-20.351960771458526,0.3032305306515194,3.297820961007474,23.569271965459386,-110.40957233578389
 0.8185343161096315,1.366141267359761,1.3241768226626804,-7.832995010046077,-23.363241809723053,-20.419101365124728,0.3044628911918105,3.2844725217103834,22.9017299900716,-115.7710508918549
 0.8245681253437644,1.373846305237451,1.2769773751054123,-7.822495827389262,-23.229440220596818,-20.48624195879093,0.3054848515733647,3.273484740240358,22.175309814126972,-120.39163781236256
 0.8309023890747133,1.3816216461658057,1.2275050832451018,-7.810267137850937,-23.09396371041303,-20.553382552457133,0.3063058821875247,3.264710402746318,21.387885938795982,-124.31182356422754
 0.8375773334466609,1.38946783135111,1.1754682508335093,-7.795845105508996,-22.9568845182468,-20.62052314612334,0.30693511237552046,3.2580176059379866,20.536379710118158,-127.56753932757863
 0.8446434147379126,1.3973854047493397,1.1205041481807168,-7.778583402492343,-22.818273073232113,-20.687663739789542,0.30738134218312735,3.253287896063106,19.61645207596069,-130.18922316905613
 0.8521654169692146,1.40537491306491,1.0621518140905228,-7.75755341408533,-22.678198031806424,-20.754804333455745,0.30765305257479825,3.2504146850838564,18.6220419933915,-132.20018447097334
 0.8602289441704927,1.413436905747612,0.9998096963601779,-7.7313706736753245,-22.53672631440038,-20.821944927121947,0.3077584160884263,3.2493018800586633,17.544644406187814,-133.61368546421085
 0.86895128115969,1.4215719349878355,0.9326662395982708,-7.697874645873545,-22.39392314137484,-20.88908552078815,0.3077053075138279,3.2498626951862413,16.372122884314372,-134.42745027228582
 0.878500868934597,1.4297805557101666,0.8595785405418744,-7.653492567338398,-22.24985206832469,-20.956226114454353,0.30750131309653045,3.252018633449156,15.086627448853465,-134.61266242703604
 0.8891356033375366,1.4380633255654367,0.7788412518304749,-7.591848150818179,-22.104575020738793,-21.023366708120555,0.30715374032956966,3.2556985922652952,13.660618317439347,-134.08977388471018
 0.9012885704263502,1.446420804921307,0.687690445863466,-7.500292340206365,-21.958152328011245,-21.090507301786758,0.30666962712125767,3.2608380862073387,12.048308175073126,-132.66802506610043
 0.9158021693316045,1.454853556851471,0.5810241818871863,-7.349401390558193,-21.81064275687091,-21.15764789545296,0.30605575107939,3.2673785624783207,10.16354193768801,-129.86208656371124
 0.9348457630021394,1.463362147123537,0.4467954115840402,-7.048500016613516,-21.662103544047334,-21.224788489119163,0.3053186378371007,3.275266806782816,7.79995705607821,-124.11443567328614
 0.9811733926148766,1.4719471441856768,0.1853105184509495,-5.644253662855196,-21.512590428522234,-21.291929082785373,0.3053186378371007,3.275266806782816,3.2272990605155343,-98.70261081316973