 0.0,0.0,0,0.0,-5.6044995775447735,-177.27368900609372,0.1364867706577488,7.326717418698239,0.0,0.0
 0.06125220061770227,0.009379580201278116,0.15313050154425567,2.5,-5.6044995775447735,-177.373819070289,0.1364867706577488,7.326717418698239,0.0,0.0
 0.08642236524599739,0.01867206303678145,0.36918641465924934,8.58381009046376,-5.5314907239409115,-177.47394913448423,0.14005244863886776,7.140182194018971,2.900610889202891,115.24004439534575
 0.10559938091681038,0.027878073125034045,0.48005436540701935,5.781293223664027,-5.457270933930963,-177.5740791986795,0.1437126707701608,6.958328689049949,3.870247137718581,50.56241623619548
 0.12165234961144042,0.03699823541496033,0.5681293263206273,5.4865216888556185,-5.381820890218266,-177.67420926287474,0.14746979697221793,6.781049547307586,4.700067953034544,51.69267012858194
 0.1356955049989347,0.046033175192289805,0.6433696365259386,5.3577923286610005,-5.305121052300375,-177.77433932707,0.15132622972922752,6.608239706951858,5.461723936074421,54.23681231343113
 0.14830174386845146,0.054983518086059474,0.7099931221684656,5.284961385558838,-5.227151659865036,-177.87446939126525,0.15528441409347649,6.439796330094214,6.18498453364056,57.373226467654916
 0.15981225244036665,0.0638498900751587,0.7702849907720448,5.23798477077608,-5.14789273640176,-177.97459945546052,0.15934683574246045,6.2756188118866705,6.885788144640466,60.883809487776766
 0.17044989585795192,0.07263291749496667,0.8256553707457978,5.205135930973132,-5.067324093631198,-178.07472951965576,0.16351602137018711,6.115608682381529,7.5739183583999585,64.68821963160877
 0.18036987225591228,0.08133322704403532,0.8770494202846615,5.180864094538657,-4.98542533606346,-178.17485958385103,0.16779453711889913,5.959669588595727,8.255942784760819,68.75262591361509
 0.1896854720750483,0.08995144579083487,0.9251383608274033,5.162194756794723,-4.902175866340629,-178.27498964804627,0.17218498718222874,5.807707259295892,8.93656568971767,73.06270322590737
 0.19848244373804086,0.09848820118056145,0.9704197895327236,5.147388264965306,-4.817554891032092,-178.37511971224154,0.17669001309042934,5.659629440902262,9.61933021388757,77.61358684854925
 0.20682758137346036,0.10694412104198847,1.0132750627787523,5.1353584707982485,-4.731541427018139,-178.47524977643678,0.18131229214453382,5.515345860846798,10.307015626546752,82.40552075982774
 0.21477414517987747,0.11531983359436776,1.0540043163833428,5.125391879657496,-4.644114308447292,-178.57537984063205,0.1860545348492579,5.374768214116382,11.001877125839941,87.44175674170832
 0.22236543567233577,0.1236159674543693,1.0928489521305345,5.11700030262082,-4.555252194429369,-178.6755099048273,0.19091948403129338,5.237810090855322,11.705798125655146,92.72744871435634
 0.2296372370875903,0.13183315164305545,1.130006681899817,5.109838353304632,-4.46493357732499,-178.77563996902256,0.19590991243278078,5.104386947970858,12.42039103473205,98.26903517715103
 0.23661953900122903,0.13997201559288544,1.1656419402220486,5.103654749248847,-4.373136791759768,-178.8757700332178,0.20102861991262505,4.974416082817657,13.14706621120372,104.07386925681811
 0.2433377809997801,0.14803318915474242,1.1998933000025236,5.098262281689476,-4.279840024375483,-178.97590009741307,0.20627843128351178,4.847816583526306,13.887080489867122,110.1499884676681
 0.24981377272277955,0.15601730260497146,1.2328788843063985,5.09351860144088,-4.1850213244386385,-179.07603016160832,0.21166219309252485,4.724509301303826,14.641572131739462,116.50596142560929
 0.25606638721427233,0.16392498665242422,1.2647003998426332,5.08931353108857,-4.08865861511748,-179.17616022580359,0.2171827707580735,4.6044168076017895,15.411586537482508,123.15078864860733
 0.2621120923921754,0.17175687244551086,1.2954461990161195,5.085560454694591,-3.990729705740976,-179.27629028999883,0.2228430443547579,4.487463375379296,16.198095423910566,130.09382086687367
 0.2679653646120934,0.1795135915792305,1.32519364251067,5.082190333352953,-3.891212304896746,-179.3764203541941,0.22864590591170653,4.373574921503987,17.002011371619485,137.34470523569559
 0.27363901483683667,0.1871957761021864,1.35401094862233,5.079147457131787,-3.7900840344730344,-179.47655041838934,0.23459425447834178,4.262678991110254,17.824198957962317,144.91333687741275
 0.2791444490034308,0.19480405852357252,1.3819586596006692,5.076386372562676,-3.6873224446484354,-179.5766804825846,0.24069099155599735,4.1547047254876075,18.665483359720515,152.8098195893342
 0.28449187814074095,0.2023390718201156,1.4090908178604267,5.073869622778258,-3.5829050299387313,-179.67681054677988,0.2469390166293497,4.04958282271359,19.526657021251815,161.04442703554537
 0.28969048962157334,0.2098014494429673,1.43545591940578,5.071566060007218,-3.476809246271739,-179.77694061097512,0.2533412215888466,3.9472455123111523,20.408484853729536,169.62756992498453
 0.2947485880030855,0.21719182532453163,1.4610976940616374,5.069449568157948,-3.3690125291841544,-179.8770706751704,0.25990048528487936,3.8476265209889497,21.311708266013945,178.56975965231757
 0.2996737118168451,0.22451083388521384,1.4860557495498268,5.067498083695422,-3.2594923130879785,-179.97720073936563,0.2666196667949565,3.750661052206057,22.23704829312172,187.88157660577053
 0.3044727311534283,0.23175911004006966,1.5103661074256907,5.0656928365644465,-3.148226051921935,-180.0773308035609,0.27350159986407796,3.6562857420101738,23.185207927347527,197.57362238529203
 0.3091519297726399,0.2389372892053682,1.5340616523151644,5.064017755558841,-3.0351912407136976,-180.17746086775614,0.28054908447062804,3.5644386503235745,24.15687394506956,207.65650206268703
 0.3137170746421107,0.2460460073050091,1.55717251103687,5.062458998017421,-2.920365438810203,-180.2775909319514,0.28776488081552437,3.4750592121109585,25.152718081607226,218.14075237728727
 0.3181734751841015,0.25308590077682014,1.5797263745655339,5.0610045744650325,-2.8037262940573475,-180.37772099614665,0.2951516995691724,3.3880882321182018,26.17339793714977,229.0368304924789
 0.32252603403674734,0.26005760657868277,1.6017487730521187,5.05964404667332,-2.68525156867698,-180.47785106034192,0.30271219485778295,3.303467838386258,27.219557366432614,240.3550336021077
 0.3267792907725348,0.2669617621945022,1.6232633120232156,5.0583682828432845,-2.5649191662909794,-180.57798112453716,0.3104489536478234,3.2211414735010213,28.291826678015305,252.10547544907766
 0.33093745973520095,0.27379900563996945,1.6442918762693495,5.057169257655847,-2.4427071606223802,-180.67811118873243,0.31836448702672593,3.1410538572917286,29.39082244273202,264.29800582515526
 0.33500446293631164,0.2805699754681166,1.6648548066787783,5.056039887997402,-2.3185938255517624,-180.77824125292767,0.32646121932682093,3.063150968014054,30.517147131018366,276.9421691083859
 0.33898395877954773,0.28727531077463536,1.684971054289648,5.054973897022964,-2.1925576668174105,-180.87837131712294,0.33474147711835045,2.987380018181739,31.6713884620772,290.0471256982683
 0.3428793672433153,0.2939156512029407,1.704658315057143,5.0539657010586705,-2.064577455282134,-180.97850138131818,0.34320747799145895,2.9136894273174487,32.854118566938816,303.6215883039122
 0.3466938920425102,0.3004916369489593,1.7239331482145546,5.053010315067189,-1.9346322618150957,-181.07863144551345,0.3518613176393662,2.842028804726218,34.06589295066685,317.67374640840995
 0.35043054020196246,0.307003908765598,1.7428110806111754,5.052103273054261,-1.80270149389949,-181.1787615097087,0.36070495758878657,2.7723489210814427,35.30724924739652,332.211180651177
 0.35409213940267353,0.31345310796690595,1.7613066990115989,5.051240560908921,-1.6687649339727282,-181.27889157390396,0.3697402113234283,2.7046016889011164,36.57870580175786,347.24077777666656
 0.3576813534037547,0.31983987643185413,1.7794337320160785,5.05041855933343,-1.5328027793912018,-181.3790216380992,0.37896872953201316,2.6387401441667646,37.880760116441046,362.76864915019803
 0.3612006957954318,0.3261648566077601,1.797205122997956,5.049633995233041,-1.3947956844083649,-181.47915170229447,0.3883919857411994,2.574718420339236,39.21388703446689,378.80000569951926
 0.36465254229925254,0.33242869151327037,1.8146330952367082,5.048883900098618,-1.254724803807515,-181.57928176648971,0.3980112603303277,2.5124917299326013,40.57853686304117,395.3390821590099
 0.3680391417993057,0.3386320247409236,1.8317292102463962,5.04816557417541,-1.112571838447439,-181.67941183068498,0.40782762417709095,2.4520163439585203,41.97513327390637,412.3890087514849
 0.37136262626130034,0.34477550045922556,1.8485044201515115,5.04747655568918,-0.9683190826435177,-181.77954189488025,0.4178419208355314,2.3932495762999673,43.40407107465317,429.9517019222631
 0.3746250196739267,0.35085976341422487,1.8649691148380672,5.046814594105294,-0.8219494736377166,-181.8796719590755,0.4280547500468518,2.3361497562882954,44.86571375460446,448.02771924879914
 0.3778282461280775,0.35688545893054785,1.8811331645050307,5.046177626941631,-0.6734466426897956,-181.97980202327076,0.43846644779223176,2.2806762182949334,46.36039102246012,466.616172552777
 0.3809741371336685,0.3628532329118581,1.8970059581543464,5.045563759553667,-0.5227949683512435,-182.079932087466,0.449077067420791,2.226789280831807,47.88839602860015,485.71454110279103
 0.38406443826040776,0.3687637318407064,1.9125964384851923,5.0449712476066635,-0.36997963164439,-182.18006215166128,0.4598863604165842,2.1744502252559923,49.44998252260859,505.31855310041055
 0.3871008151775118,0.37461760277773537,1.9279131335947914,5.044398481400439,-0.2149866730428833,-182.28019221585652,0.47089375464252176,2.1236212842940514,51.04536190102865,525.4220480445631
 0.39008485915769747,0.38041549336020164,1.9429641858380267,5.043843972533825,-0.05780305156293482,-182.3803222800518,0.48209833350400494,2.074265622807204,52.67470001235357,546.0167886746628
 0.39301809210252353,0.3861580517997691,1.9577573781505382,5.043306341763718,0.10158329429015364,-182.48045234424703,0.49349881465004886,2.0263473190085017,54.33811390064695,567.0923242654447
 0.3959019711390915,0.391845926879545,1.9723001581040485,5.042784308601712,0.26318338368489075,-182.5805824084423,0.5050935266228,1.9798313525938185,56.0356683985797,588.6358187730987
 0.39873789283202704,0.39747976795031265,1.9865996599277949,5.042276681816444,0.4270071286887243,-182.68071247263754,0.5168803864449045,1.934683586811999,57.767372566008305,610.6318703165782
 0.40152719704942086,0.4030602249259111,2.000662724703632,5.041782351362477,0.5930632676831036,-182.7808425368328,0.5288568760580186,1.8908707540190788,59.53317603683029,633.0623457314609
 0.40427117051689265,0.40858794827774625,2.0144959189157965,5.041300280833255,0.7613592969569744,-182.88097260102805,0.5410200181354251,1.8483604422742184,61.33296523050316,655.9061940679554
 0.40697105008997514,0.4140635890283426,2.0281055515171587,5.040829501081737,0.9319014006156485,-182.98110266522332,0.5533663525095726,1.807121078946883,63.1665594861937,679.1392749407306
 0.40962802577165147,0.4194877987439519,2.04149768965408,5.040369104346561,1.1046943786389471,-183.08123272941856,0.5658919116352398,1.7671219175236699,65.03370701318597,702.7341423818608
 0.41224324349884733,0.4248612295261249,2.0546781731762542,5.039918238970746,1.2797415736610154,-183.18136279361383,0.5785921950866049,1.7283330271164787,66.93408093778893,726.6599277149318
 0.41481780771910975,0.4301845340022208,2.067652628044881,5.0394761049324766,1.4570447958591062,-183.28149285780907,0.5914621459977433,1.6907252759398326,68.86727501402876,750.8820564758715
 0.4173527837764241,0.4354583653148265,2.0804264787388327,5.039041949565794,1.63660424669197,-183.38162292200434,0.6044961258451906,1.654270320759833,70.8327995109731,775.3621543182106
 0.4198492001230908,0.44068337710999783,2.0930049597487774,5.03861506384541,1.8184184413456175,-183.48175298619958,0.6176878895377658,1.6189405959510226,72.83007696068493,800.057831851112
 0.4223080503728672,0.44586022352433036,2.1053931262398837,5.0381947791382045,2.0024841298142153,-183.58188305039485,0.6310305620783067,1.584709299509184,74.85843779438521,824.9224750001366
 0.42473029520898015,0.4509895591707685,2.1175958639546137,5.037780464138496,2.1887962172635516,-183.6820131145901,0.6445166139251546,1.551550384263836,76.91711616911506,849.9051557618342
 0.42711686415928035,0.45607203912314276,2.129617898420635,5.03737152220508,2.377347683270036,-183.78214317878536,0.6581378382178508,1.5194385460466249,79.00524557765941,874.9503794062495
 0.4294686572495701,0.4611083188993717,2.1414638035221127,5.0369673890054365,2.568129500577959,-183.8822732429806,0.6718853277131093,1.4883492148931008,81.1218546800035,899.998010489647
 0.43178654654506954,0.4660990544432936,2.1531380094865815,5.03656753026827,2.7611305533043007,-183.98240330717587,0.685749453450723,1.4582585446739385,83.26586308547465,924.9830911399088
 0.4340713775890239,0.4710449021050823,2.1646448103352554,5.036171439949839,2.956337554810833,-184.08253337137114,0.6997198442897447,1.4291434038362265,85.4360772202591,949.8357178430244
 0.4363239707466096,0.47594651862022047,2.1759883708390815,5.035778638333451,3.1537349656532334,-184.18266343556638,0.7137853670818933,1.4009813679540855,87.63118638519241,974.4809698729669
 0.4385451224615141,0.48080456108696096,2.187172733020337,5.035388670753906,3.35330491163153,-184.28279349976165,0.72793410933715,1.373750710638619,89.84975886119369,998.8387831025241
 0.4407356064319188,0.4856196869422779,2.1982018222335684,5.035001105802983,3.5550271023243853,-184.3829235639569,0.7421533626105884,1.3474303969767298,92.09023823880797,1022.823909184041
 0.4428961747119716,0.4903925539362431,2.2090794528597075,5.03461553451718,3.7588787503522227,-184.48305362815216,0.7564296086724839,1.322000075796843,94.35093994013991,1046.3458721501931
 0.4450275587443112,0.4951238201048033,2.2198093336407285,5.034231568884825,3.96483449169448,-184.5831836923474,0.7707485069327316,1.2974400741684171,96.63004799570658,1069.3089659046198
 0.44713047032871217,0.49981414374093824,2.2303950726825357,5.033848840973808,4.172866307337716,-184.68331375654267,0.7850948844540454,1.2737313919646789,98.92561208297143,1091.6122695280906
 0.4492056025314739,0.5044641833641612,2.240840182150501,5.033467002277778,4.3829434464644255,-184.78344382073792,0.799452729790963,1.2508556950721466,101.23554482318004,1113.149676504662
 0.4512536305397821,0.5090745976883354,2.251148082678145,5.033085722376882,4.595032351903103,-184.88357388493318,0.8138051871137661,1.2287953134663476,103.55761961179117,1133.810074467328
 0.4532752124649237,0.5136460455878041,2.2613221075117176,5.03270468885904,4.809096587688054,-184.98370394912843,0.8281345562702509,1.2075332353039294,105.88946860017097,1153.4773631380283
 0.4552709900978956,0.5181791860617952,2.271365506407033,5.032323606292631,5.025096769554254,-185.0838340133237,0.8424222935083057,1.1870531059137275,108.22858132975077,1172.0307367592889
 0.4572415896206786,0.5226746781971124,2.2812814492963964,5.031942195621499,5.242990498330524,-185.18396407751894,0.856649018519648,1.1673392233940487,110.57230363506223,1189.344805078165
 0.4591876222761599,0.527133181129083,2.291073029742129,5.03156019409714,5.462732297159152,-185.2840941417142,0.8707945223621383,1.1483765392636782,112.91783732903728,1205.2899972508344
 0.4611100717318033,0.5315553540007786,2.300280435833638,4.789413872224432,5.684273552308489,-185.38422420590945,0.884837782285372,1.1301506558831442,115.2390532291997,1207.42623081633
 0.46301736711857816,0.5359418559204984,2.299854521819574,-0.22330784052494682,5.907562458702464,-185.48435427010472,0.8987569772955218,1.1126478294601192,117.07096233874097,960.4747760853759
 0.4649173019531012,0.5402933459175375,2.290336446266341,-5.009685269348866,6.1325439697673865,-185.58448433429996,0.9125295128937966,1.0958549678342113,118.41538297885909,707.614080066916
 0.466810073560278,0.5446104828962445,2.2808546801620344,-5.009461293879825,6.359159752955273,-185.68461439849523,0.9261320451643499,1.0797596360274324,119.72695613598283,692.937886510292
 0.4686958828302272,0.5488939255883878,2.27140822796927,-5.009229906383219,6.58734815051005,-185.78474446269047,0.9395405146767072,1.0643500566275172,121.00290373528891,676.604797546915
 0.4705749342397697,0.5531443325038836,2.2619960762705382,-5.008991053109852,6.81704414664133,-185.88487452688574,0.9527301808952227,1.0496151166958527,122.24040011082039,658.5750497548914
 0.47244743587380633,0.557362361879874,2.2526171936616075,-5.0087446859591145,7.04817934081452,-185.98500459108098,0.9656756651852578,1.0355443717308102,123.43657808987962,638.8127824917207
 0.47431359944667534,0.561548671628253,2.243270530644327,-5.008490763170935,7.280681928344906,-186.08513465527625,0.9783509970270567,1.0221280532638375,124.58853602685087,617.2866911126475
 0.4761736403235415,0.5657039192816404,2.2339550195199904,-5.0082292492580445,7.514476688069628,-186.1852647194715,0.9907296659166959,1.0093570773160674,125.693345040151,593.9702869119451
 0.47802777754191683,0.5698287619379037,2.224669574281851,-5.007960115419953,7.74948497797985,-186.28539478366676,1.0027846784161647,0.9972230544840764,126.74805703762502,568.8424713237728
 0.47987623383338524,0.5739238562032533,2.215413090507256,-5.0076833395078335,7.985624738645364,-186.38552484786203,1.014488622279099,0.9857182998794509,127.74971296612374,541.8878082873148
 0.4817192356456423,0.5779898581340185,2.2061844452479185,-5.00739890648062,8.222810505714774,-186.48565491205727,1.0258137319852088,0.974835848672787,128.6953520566198,513.0972114118442
 0.48355701316495125,0.5820274231771715,2.196982496918987,-5.007106808223153,8.460953430742709,-186.58578497625254,1.036731963523197,0.9645694694331906,129.5820209605571,482.4680325128283
 0.4853898003391253,0.5860372061096791,2.187806085185328,-5.006807043919068,8.699961311575754,-186.68591504044778,1.0472150713121464,0.9549136823890563,130.40678383225378,450.00471594218595
 0.4872178349011725,0.5900198609768067,2.178654030844746,-5.006499620189078,8.939738632071617,-186.78604510464305,1.0572346922459996,0.9458637777725496,131.16673255200578,415.7190107504989
 0.48904135839372553,0.5939760410294551,2.1695251357082963,-5.006184550805457,9.180186611802451,-186.8861751688383,1.066762431336813,0.9374158393887666,131.85899754666306,379.6304229061901
 0.49086061050972163,0.5979063986606592,2.1604249332160848,-5.00216677622437,9.421203265469599,-186.98630523303356,1.075769955802077,0.9295667671388125,132.4811726466971,341.9949849520417
 0.4926755664271097,0.6018115853413656,2.151670265538138,-4.823625518434559,9.662683472932104,-187.0864352972288,1.0842290890510136,0.9223143061723826,133.05017777512862,313.50906266107916
 0.494485937597367,0.6056922515556341,2.143574907745031,-4.47165637970064,9.904519059222718,-187.18656536142407,1.0921119118693758,0.9156570761033939,133.58342767701384,294.55280256669175
 0.49629143052465113,0.6095490467353739,2.1361452717188074,-4.115018072875595,10.146598885473738,-187.2866954256193,1.0993908633935983,0.9095946067017524,134.0796314362529,274.830076452003
 0.4980917467980226,0.6133826191947824,2.1293883281015784,-3.7531981003400285,10.388808949985714,-187.38682548981458,1.106038848758237,0.9041273741177462,134.53750771156862,254.33102065908807
 0.49988658312636036,0.6171936160646425,2.12331164111745,-3.3856496484869902,10.63103250027383,-187.48695555400982,1.1120293451776493,0.8992568445576835,134.955787591198,233.04625219880535
 0.501675631375275,0.6209826832266159,2.117923406633655,-3.011788243868629,10.873150155365286,-187.5870856182051,1.1173365128327362,0.8949855200424285,135.33321711045687,210.96665195465707
 0.503458578606138,0.6247504652477204,2.113232492742343,-2.630988629451312,11.115040038757146,-187.68721568240034,1.1219353050504481,0.8913169908268772,135.66856001385415,188.08347077942017
 0.505235107116115,0.6284976053151496,2.1092484845502253,-2.2425804988455873,11.356577921637632,-187.7873457465956,1.125801579221878,0.8882559932907284,135.9606004204305,164.3882464797306
 0.5070048944792737,0.6322247451716138,2.105981732072018,-1.845844617387727,11.597637376142204,-187.88747581079085,1.1289122087455048,0.885808473194955,136.2081454092494,139.87272933008302
 0.5087676135878776,0.63593252505139,2.103443402683016,-1.440007870007228,11.838089938638454,-187.98760587498612,1.1312451921024205,0.8839816575410135,136.41002773646096,114.52892648986064
 0.5105229326934323,0.6396215836172496,2.101645537945568,-1.0242381181625584,12.077805282382071,-188.08773593918136,1.132779762877277,0.882784132248254,136.56510829571454,88.34892684915187
 0.5122705154467384,0.6432925578984735,2.1006011156147277,-0.5976382685537992,12.316651399532919,-188.18786600337663,1.1334964947786976,0.8822259306547204,136.67227872270712,61.3249511588779
 0.5140100209358426,0.6469460832301119,2.100324117700801,-0.15923945952547533,12.554494791812159,-188.2879960675719,1.1333774054348242,0.8823186303209798,136.73046378354638,33.449196454799704
 0.5157411037220838,0.6505827931937179,2.1008296035930876,0.2920056142340624,12.79120066924591,-188.38812613176714,1.1324060571870755,0.8830754601260475,136.7386235453937,4.713675112578435
 0.5174634138722277,0.6542033195597126,2.102133791461506,0.7572317148043181,13.026633157146295,-188.4882561959624,1.1305676497572945,0.8845114223944722,136.6957559187083,-24.889609273817413
 0.5191765969862395,0.6578082922315871,2.104254146792679,1.2376699920931151,13.260655509506039,-188.58838626015765,1.1278491126187864,0.8866434249152977,136.60089831946217,-55.36921212349401
 0.5208802942199856,0.661398339192133,2.107209479146772,1.7346581866515123,13.493130329508404,-188.68851632435292,1.124239187411575,0.8894904315712205,136.45312993271497,-86.73394768757552
 0.522574142301217,0.6649740864518678,2.1110200491742654,2.249652769759055,13.723919795402058,-188.78864638854816,1.1197285064686,0.8930736283153139,136.2515732378281,-118.99337202681885
 0.5242577735380669,0.6685361579998703,2.115707685886836,2.7842419467943813,13.95288589168421,-188.88877645274343,1.114309662583949,0.8974166101020081,135.99539570823862,-152.15774332436283
 0.5259308158182008,0.6720851757571688,2.12129591669043,3.3401611363621844,14.179890644455266,-188.98890651693867,1.1079772711160256,0.9025455901209382,135.6838111424735,-186.23830937503817
 0.5275928925979773,0.6756217595328792,2.1278101100636486,3.919309536406922,14.40479636015889,-189.08903658113394,1.1007280256376384,0.908489632959706,135.3160807251446,-221.24755113803343
 0.5292436228798585,0.6791465269832476,2.1352776338188337,4.523769774596285,14.627465867237323,-189.18916664532918,1.0925607423110517,0.9152809187384296,134.89151409076462,-257.19927661114536
 0.5308829091092301,0.6826600935737634,2.143351495036178,4.9252296961215505,14.847762759417527,-189.28929670952445,1.083476395542932,0.9229550400116452,134.38586150061974,-308.4589994626734
 0.5325110505469975,0.6861630725444822,2.1515200642040475,5.01711275100926,15.06555163970941,-189.3894267737197,1.0734781466037846,0.9315513344763924,133.7653322002044,-381.12739226527066
 0.5341284553700751,0.6896560748787136,2.159633929856203,5.016595435097381,15.280698364853187,-189.48955683791496,1.062571358508355,0.9411132645282355,133.0197128597615,-460.99735193326836
 0.5357355238067659,0.6931397092751936,2.167695113005517,5.0160795677832635,15.493070288480437,-189.5896869021102,1.0507636036670014,0.9516888446746307,132.14864954012754,-542.0200532515141
 0.537332648369876,0.696614582123871,2.1757055955050926,5.015565275620375,15.702536502724318,-189.68981696630547,1.0380646608355457,0.9633311273645446,131.15208361455686,-623.9750790821574
 0.5389202140800462,0.7000812974854085,2.1836673211882127,5.01505268860134,15.908968077184065,-189.7899470305007,1.024486499904547,0.9760987578588605,130.0302552123165,-706.6343112941875
 0.5404985986799409,0.703540457074499,2.1915821969634717,5.014541941037121,16.112238293957333,-189.89007709469598,1.010043260003494,0.9900566041067792,128.78370505314697,-789.7632549460288
 0.5420681728399003,0.706992660247095,2.199452093863016,5.014033169192783,16.312222878835893,-189.99020715889122,0.9947512135859199,1.0052764815386945,127.41327551145174,-873.1218802243078
 0.543629300355587,0.7104385039915825,2.2072788480521837,5.013526512422548,16.50880022663305,-190.0903372230865,0.9786287232584698,1.0218379823048436,125.92010955023393,-956.466365632541
 0.5451823383381669,0.7138785829240099,2.2150642617978717,5.013022110866253,16.701851620742694,-190.19046728728173,0.9616961886761041,1.039829430307534,124.30564884765525,-1039.5500436484883
 0.546727637397478,0.7173134892873704,2.222810104402569,5.01252010607612,16.891261445831166,-190.290597351477,0.943975981521802,1.0593489872357564,122.57163035672103,-1122.1248602242956
 0.5482655418186383,0.7207438129549909,2.23051811310383,5.012020640037671,17.076917392539205,-190.39072741567225,0.925492376042449,1.0805059294774066,120.72008127004746,-1203.9428856551672
 0.5497963897324943,0.7241701414380295,2.238189993941344,5.011523854247263,17.258710654319266,-190.49085747986751,0.9062714654702102,1.10342214016543,118.75331320284,-1284.757322661383
 0.5513205132802889,0.7275930598970898,2.2458274225953754,5.011029889986937,17.43653611468691,-190.59098754406278,0.886341076915316,1.1282338436578443,116.67391441131407,-1364.3242993882716
 0.5528382387728933,0.7310131511579362,2.2534320451964702,5.010538887401347,17.610292525456295,-190.69111760825803,0.8657306722075495,1.155093647600672,114.48474155310815,-1442.403694787581
 0.5543498868449167,0.7344309957312641,2.2610054791079657,5.010050984524472,17.779882674132615,-190.79124767245327,0.8444712468171269,1.1841729410788966,112.18890945252738,-1518.7609755673282
 0.5558595147944225,0.7378471718365073,2.2629258463063247,1.2720797856104942,17.9452135410434,-190.89137773664854,0.8225952211738149,1.2156647331029162,109.51762450139165,-1769.498870241625
 0.5573724313702341,0.7412622554296068,2.2572848018851412,-3.728589210649308,18.10619644511233,-190.9915078008438,0.8001363256220096,1.2497870275076193,106.40567143140771,-2056.923111120431
 0.558890212663729,0.7446768202346675,2.249708057211764,-4.991987123474808,18.262747178088855,-191.09163786503905,0.777129481113836,1.2867868538029603,103.14446069897461,-2148.669736812824
 0.5604131634962112,0.7480914377794337,2.242106226896856,-4.991513943045466,18.414786126833107,-191.19176792923432,0.7536106782930179,1.3269451041552007,99.83181695790529,-2175.1481862813193
 0.5619415920570225,0.7515066774344593,2.2344777784135856,-4.99104026112998,18.562238383523862,-191.29189799342956,0.7296168490094527,1.3705823835587496,96.4731100107674,-2197.4903068776207
 0.5634758100173891,0.7549231064558938,2.226821162110618,-4.990566204255797,18.705033843375556,-191.39202805762483,0.70518573914275,1.4180661129302434,93.07377669961365,-2215.6782145488355
 0.5650161326509996,0.7583412900317335,2.2191348106257003,-4.990091891918168,18.843107289868268,-191.49215812182007,0.6803557778666832,1.469819221842416,89.63930249409368,-2229.710925865987
 0.5665628789615436,0.761761791331419,2.211417138265279,-4.989617436169544,18.976398467223454,-191.59228818601534,0.6551659484706179,1.5263308514954768,86.17520303527357,-2239.604151764119
 0.5681163718174408,0.7651851715586312,2.2036665403491833,-4.989142941130215,19.104852140517067,-191.69241825021058,0.6296556534137245,1.5881696520604973,82.68700612686304,-2245.389732671739
 0.5696769380940093,0.7686119900071393,2.1958813925181158,-4.988668503196161,19.228418142606102,-191.79254831440585,0.6038645880977296,1.6560004009345217,79.18023344752777,-2247.1155067160453
 0.5712449088233232,0.7720428041195256,2.1880600500033047,-4.988194210891521,19.347051408998222,-191.8926783786011,0.5778326084623897,1.7306049976324391,75.66038330577246,-2244.8442920203393
 0.5728206193520382,0.7754781695486335,2.1802008468582454,-4.987720143920505,19.460711999995347,-191.99280844279636,0.551599604327248,1.8129092047113384,72.13291332756052,-2238.653555922284
 0.5744044095074655,0.7789186402215429,2.172302095147936,-4.987246374301655,19.569365110500293,-192.0929385069916,0.5252053759355533,1.9040170680254187,68.60322381258452,-2228.6345845000405
 0.5759966237722102,0.7823647684059154,2.164362084097505,-4.986772965323368,19.672981068089854,-192.19306857118687,0.4986895100783897,2.0052557348615747,65.07664193435473,-2214.8915232808536
 0.5775976114676897,0.7858171047784993,2.1563790791969786,-4.986299971615502,19.771535318843714,-192.2931986353821,0.47209126483795505,2.118234490831448,61.55840612150532,-2197.540819822195
 0.5792077269468844,0.7892761984956088,2.1483513212603103,-4.985827439335998,19.86500840222678,-192.39332869957738,0.44544945261355295,2.244923625189734,58.05365179758131,-2176.7099125567233
 0.5808273297966939,0.7927425972653896,2.1402770254377113,-4.985355405832016,19.953385914360954,-192.49345876377262,0.4188023340796356,2.387761286473273,54.567397275553226,-2152.536668133197
 0.5824567850502993,0.7962168474216703,2.1321543801791925,-4.98488389941761,20.036658460890962,-192.5935888279679,0.39218751329450857,2.5498007103787157,51.104531005536664,-2125.1680660481843
 0.5840964634099525,0.7996994939991886,2.1239815461460023,-4.98441293993711,20.114821599410696,-192.69371889216313,0.3656418378598067,2.7349167859270445,47.669799421066216,-2094.7593558513295
 0.5857467414806607,0.803191080810006,2.1157566550701734,-4.983942537816609,20.1878757719747,-192.7938489563584,0.33920130886434086,2.948101831764856,44.26779574950863,-2061.4729916986007
 0.5874080020152656,0.806692150520917,2.107477808556916,-4.983472694863575,20.255826228315374,-192.89397902055367,0.31290099034640706,3.1958991209740755,40.902949853581674,-2025.4775369881509
 0.5890806341714379,0.8102032447316294,2.0991430768300336,-4.983003403423548,20.318682939863002,-192.9941090847489,0.2867749341038255,3.4870551121387576,37.57951879358345,-1986.9467699363424
 0.5907650337811805,0.8137249040535448,2.09075049741519,-4.98253464694527,20.37646050577527,-193.09423914894418,0.2608561010783537,3.8335311915883787,34.30157878099379,-1946.058401836417
 0.5924616036334539,0.8172576681889332,2.082298073760118,-4.982066399297009,20.429178050656958,-193.19436921313942,0.23517629542930005,4.252129230008325,31.073017601396074,-1902.9933693985265
 0.5941707537706009,0.8208020760103136,2.0737837737864986,-4.981598625286419,20.476859115040124,-193.2944992773347,0.20976610370781623,4.767214446586197,27.89752833695383,-1857.9346515121947
 0.5958929017992959,0.8243586656398494,2.0652055283719783,-4.981131279998481,20.519531539159104,-193.39462934152994,0.1846548415542145,5.4155092364929995,24.77860405026693,-1811.0663164364537
 0.5976284732168131,0.8279279745285887,2.0565612297563978,-4.980664309364119,20.557227340201617,-193.4947594057252,0.15987050408149242,6.255062531674135,21.719533210817044,-1762.572723066585
 0.5993779017534572,0.8315105395353554,2.0478487298710344,-4.980197649042941,20.589982583976198,-193.59488946992045,0.13543972767388476,7.383358023340282,18.723396291120437,-1712.6375024407207
 0.6011416297320905,0.8351068970051393,2.0390658385828018,-4.979731225354972,20.617837251281138,-193.69501953411572,0.11138775081777004,8.97764783522738,15.793063126730681,-1661.4428074449409
 0.6029201084457508,0.8387175828468068,2.030210321852113,-4.979264954182798,20.640835099688438,-193.79514959831096,0.08773839183828536,11.3975191366984,12.931191265130211,-1609.168464946308
 0.6047137985544444,0.8423431326099724,2.0212798997962422,-4.978798741536819,20.659023521034467,-193.89527966250623,0.06451402183676876,15.500506270251869,10.140225035457169,-1555.991314300015
 0.6065231705022985,0.8459840815608964,2.012272244654897,-4.978332482731371,20.672453395475888,-193.99540972670147,0.04173555107566391,23.960388067886377,7.422395631449992,-1502.0844151090384
 0.6083487049563466,0.8496409647572537,2.0031849786500504,-4.9778660625636455,20.681178942442386,-194.09553979089674,0.019422421552857002,51.48688577675845,4.779721876598715,-1447.6164769123848
 0.6101908932683259,0.8533143171216273,1.994015671734973,-4.977399354589246,20.68525756882425,-194.19566985509198,0.002407391324675871,415.3873903880746,2.2140116487247457,-1392.751333395106
 0.6120502379610098,0.8570046735136287,1.9847618392233364,-4.976932221361888,20.684749715413602,-194.29579991928725,0.02373743338942732,42.127553707866376,-0.2731356981030819,-1337.6472671335202
 0.6139272532406954,0.8607125688004916,1.975420939292442,-4.9764645136286525,20.679718701312375,-194.3959299834825,0.044552648876079896,22.445354546290403,-2.6803266631204603,-1282.456776494928
 0.615822465537641,0.8644385379260572,1.9659903703508868,-4.975996070073067,20.670230567632633,-194.49606004767776,0.06483947701259232,15.422703051811975,-5.0063698378451775,-1227.3259193566398
 0.617736414076379,0.8681831159780252,1.956467468261711,-4.975526716854511,20.65635392024685,-194.596190111873,0.08458579750754909,11.82231567788614,-7.250271940399528,-1172.394166895339
 0.6196696514780201,0.8719468382533851,1.946849503410693,-4.975056267198981,20.6381597723827,-194.69632017606827,0.10378090458837086,9.635683982196227,-9.411233120517366,-1117.7940062009156
 0.6216227443968503,0.8757302403219518,1.9371336776095447,-4.974584520519227,20.615721387350405,-194.79645024026354,0.1224154920121212,8.168900713162866,-11.488641843899586,-1063.6507374295902
 0.6235962741937212,0.8795338580879101,1.9273171208202604,-4.974111262393207,20.589114121850205,-194.89658030445878,0.14048162265231653,7.11836880240869,-13.48206930667544,-1010.0822728577351
 0.6255908376489712,0.8833582278493064,1.9173968876899274,-4.973636263224219,20.558415270233805,-194.99671036865402,0.15797269395744046,6.33020792991864,-15.391263454465248,-957.1990014980757
 0.6276070477178702,0.887203886355434,1.9073699538796034,-4.973159277891683,20.52370390998393,-195.0968404328493,0.1748834111765737,5.718095234260583,-17.21614269530499,-905.1037235600126
 0.6296455343318517,0.8910713708620485,1.8972332121724131,-4.972680044924059,20.485060748950232,-195.19697049704456,0.19120974249672004,5.2298590382608445,-18.956789202663842,-853.8915563243005
 0.6317069452491062,0.8949612191843723,1.8869834683443458,-4.972198285297871,20.44256797442117,-195.2971005612398,0.2069488842872439,4.832111095665564,-20.613442071828675,-803.6499929723977
 0.6337919469584593,0.8988739697478559,1.876617436777826,-4.971713701729235,20.396309104481563,-195.39723062543507,0.22209921662576199,4.5024922428475005,-22.18649017508644,-754.4589034153946
 0.6359012256408236,0.9028101616366592,1.8661317357984633,-4.971225977408195,20.346368841894705,-195.4973606896303,0.23666025907265067,4.225466514396982,-23.676464852375133,-706.3906205217761
 0.6380354881929443,0.906770334639835,1.8555228827122927,-4.970734774702018,20.292832930800028,-195.59749075382558,0.2506326298968218,3.989903471114959,-25.08403244084542,-659.5100434441292
 0.640195463318625,0.9107550292952052,1.8447872885177437,-4.970239734203408,20.23578801631553,-195.69762081802082,0.26401799113393665,3.787620668216882,-26.40998676617507,-613.8748125221146
 0.6423819026931323,0.9147647869309083,1.8339212522673207,-4.969740472621726,20.175321507477438,-195.7977508822161,0.27681900674712434,3.6124687092512593,-27.655241459288224,-569.53543173075
 0.6445955822070736,0.9188001497046283,1.8229209550461902,-4.9692365818327096,20.111521443586675,-195.89788094641133,0.28903929066416695,3.4597372478397554,-28.820822295623415,-526.5354939568393
 0.6468373032966849,0.9228616606405106,1.811782453537297,-4.968727626515105,20.044476364089864,-195.9980110106066,0.3006833593583083,3.3257577078229774,-29.90785954930514,-484.9119093001059
 0.6491078943681929,0.9269498636637651,1.8005016731344967,-4.968213142539994,19.974275182262538,-196.09814107480184,0.3117565783345679,3.207630791119441,-30.91758032004411,-444.69512075916856
 0.651408212324743,0.9310653036329873,1.7890744005643726,-4.967692634657496,19.901007062826817,-196.19827113899711,0.32226511465380225,3.1030352170580544,-31.85130091563868,-405.90936263217037
 0.653739144205289,0.9352085263702015,1.7774962759716522,-4.967165574142969,19.82476130359001,-196.29840120319236,0.3322158854559048,3.010090858923513,-32.71041932763189,-368.5729382155806
 0.6561016089459019,0.9393800786886772,1.765762784418788,-4.966631396081851,19.745627221161808,-196.39853126738763,0.3416165095353198,2.9272589938941747,-33.49640782688418,-332.6985100520025
 0.6584965592750928,0.9435805084185251,1.7538692467442358,-4.966089496549263,19.663694040779035,-196.49866133158287,0.3504752538231761,2.853268494969194,-34.210805704037966,-298.2934002623479
 0.6609249837560968,0.9478103644301235,1.7418108097187084,-4.965539229180415,19.579050790835314,-196.59879139577814,0.35880098768216884,2.7870603324141756,-34.85521193095737,-265.35979683954787
 0.663387908990554,0.9520701966554183,1.7295824354301021,-4.96497990175534,19.49178620116433,-196.69892145997338,0.3666031340217026,2.7277453660306157,-35.43127840428205,-233.8952337104244
 0.665886401999716,0.9563605561071167,1.7171788898210012,-4.964410772260226,19.401988606195392,-196.79905152416865,0.37389161907046853,2.674571851827272,-35.940702911575194,-203.89270869483005
 0.6684215728012816,0.9606819948958609,1.7045947302941815,-4.96383104406565,19.30974585228658,-196.8991815883639,0.38067682813735443,2.6269001055120267,-36.38522258612807,-175.34111479920074
 0.6709945772021343,0.965035066245388,1.6918242922882085,-4.963239861440071,19.215145209518088,-196.99931165255916,0.38696956024901635,2.5841825888229977,-36.76660744813994,-148.2254992978152
 0.6736066198298348,0.969420324505761,1.6788616747167808,-4.962636303848946,19.1182732878963,-197.09944171675443,0.3927809807543018,2.5459481212139825,-37.086654174195274,-122.52737480669452
 0.6762589574285973,0.9738383251647117,1.6657007241506618,-4.962019379531303,19.019215958147353,-197.19957178094967,0.39812258225321046,2.5117891940226307,-37.3471800102543,-98.22499073292124
 0.6789529024488397,0.9782896248571558,1.6523350176031586,-4.961388019084705,18.918058276517755,-197.2997018451449,0.4030061382261835,2.481351783874714,-37.55001711968819,-75.29370789298757
 0.6816898269632468,0.9827747813729373,1.6387578437665224,-4.9607410672695735,18.814884414354115,-197.39983190934018,0.4074436673514751,2.4543270153156294,-37.69700684857593,-53.706168406907494
 0.6844711669467494,0.9872943536628646,1.6249621825217042,-4.960077274495956,18.7097775917084,-197.49996197353545,0.4114473908275247,2.4304443831536937,-37.78999448796341,-33.43267631394384
 0.6872984269629898,0.9918489018430952,1.61094068252237,-4.959395286882494,18.602820015406806,-197.6000920377307,0.41502969723450867,2.409466133781167,-37.8308240795698,-14.441399578340768
 0.6901731853058738,0.9964389871979445,1.5966856366245346,-4.9586936352829865,18.49409282105265,-197.70022210192596,0.4182031055983337,2.39118262541182,-37.82133361688997,3.301307987616712
 0.6930970996518083,1.001065172181163,1.5821889549024475,-4.957970722447306,18.383676019453986,-197.8003521661212,0.42098023301044535,2.3754084434059117,-37.763350267832614,19.830727646990706
 0.6960719132864713,1.0057280204157606,1.5674421349510286,-4.957224808837293,18.271648446834586,-197.90048223031647,0.42337375906933045,2.3619791698905055,-37.65868601449032,35.183465654025916
 0.6990994619796016,1.010428096692436,1.5524362291315645,-4.956453996433998,18.158087719210975,-198.0006122945117,0.42539639853405287,2.3507486275061877,-37.50913333988241,49.39728135413931
 0.7021816815926912,1.0151659669666737,1.5371618083659238,-4.955656209821347,18.043070190503087,-198.10074235870698,0.42706086948665006,2.3415865780492915,-37.31646123443956,62.51082973601418
 0.7053206165179473,1.0199421983545838,1.5216089220200733,-4.954829174925214,17.926670914486078,-198.20087242290222,0.42837986684635887,2.3343767468853907,-37.082411323807676,74.56347971686328
 0.7085184290628881,1.0247573591275279,1.5057670533446645,-4.953970394691186,17.808963610399367,-198.3010024870975,0.42936603685801783,2.329015138965634,-36.80869420345913,85.5951111898604
 0.7117774099140635,1.029612018705614,1.4896250698543363,-4.953077120568698,17.69002063210697,-198.40113255129273,0.43003195184947807,2.3254086020799334,-36.496985936415484,95.6459338910311
 0.7150999898362655,1.0345067476501149,1.4731711679208876,-4.952146319641756,17.56991294071936,-198.501262615488,0.43039008822277536,2.323473582138786,-36.1489246910299,104.75631994877511
 0.718488752791148,1.0394421176548676,1.4563928107281736,-4.951174636909973,17.448710080618536,-198.60139267968324,0.4304528052850434,2.3231350515599627,-35.76610748951897,112.96665084212324
 0.7219464506924944,1.0444187015367228,1.439276658587583,-4.950158350712389,17.326480158637384,-198.7015227438785,0.43023232607976,2.3243255780241205,-35.35008710088765,120.31715913334405
 0.7254760200558591,1.0494370732251015,1.4218084904258053,-4.9490933208706025,17.203289826279306,-198.80165280807375,0.4297407180006693,2.326984523720283,-34.9023690076009,126.84779563587955
 0.729080600849767,1.0544978077507112,1.403973115032646,-4.947974927709427,17.079204265255655,-198.90178287226902,0.42898987815071365,2.331057330095508,-34.42440830661018,132.59813784685397
 0.732763557916445,1.0596014812334908,1.3857542703811978,-4.946797999978189,16.954287175463026,-199.00191293646427,0.42799151726607804,2.3364949062257,-33.917606839034015,137.60721572388533
 0.7365285054051373,1.0647486708698277,1.3671345089927691,-4.945556729370517,16.828600766030114,-199.10204300065953,0.4267571459460069,2.343253087849921,-33.38331007547991,141.91347028313902
 0.7403793347544615,1.0699399549191166,1.3480950668977107,-4.944244568614683,16.702205748805692,-199.20217306485478,0.42529806235779805,2.351292160740465,-32.822804065986695,145.55462178337567
 0.7443202468771154,1.075175912689685,1.3286157132177483,-4.942854109328524,16.575161334537217,-199.30230312905005,0.42362534195716195,2.3605764361970643,-32.23731215374631,148.56761430298073
 0.7483557893476351,1.0804571245241879,1.3086745767348478,-4.941376934717851,16.447525231323247,-199.40243319324532,0.42174982680354056,2.371073884200597,-31.627991564051374,150.9885211582126
 0.7524908995809133,1.085784171784455,1.2882479449753426,-4.939803441058857,16.319353645250896,-199.50256325744056,0.419682117625141,2.3827558001725424,-30.995929695141374,152.85248355009975
 0.7567309552287691,1.0911576368358962,1.2673100302725002,-4.938122619553523,16.190701283404632,-199.6026933216358,0.4174325654505762,2.395596517297593,-30.34213994604674,154.19367182722127
 0.7610818333309745,1.0965781030314874,1.2458326958973445,-4.93632178853032,16.061621358791136,-199.70282338583107,0.4150112671801751,2.4095731347116773,-29.66755711865745,155.0452142171849
 0.7655499801599328,1.102046154695372,1.2237851335694099,-4.934386261669579,15.932165597060912,-199.80295345002634,0.4124280577991103,2.424665298807314,-28.973032150871642,155.43915506190328
 0.770142494228129,1.1075623771061456,1.2011334813265584,-4.932298933979869,15.802384245316611,-199.90308351422158,0.4096925078037317,2.4408549850246772,-28.25932589799921,155.4064380150628
 0.7748672256319401,1.1131273564798416,1.177840367646537,-4.930039760827963,15.67232608238212,-200.00321357841685,0.40681392001085737,2.458126309869906,-27.52710192786435,154.97684578306888
 0.779732895852831,1.1187416799526833,1.1538643635847659,-4.927585095847521,15.542038430688367,-200.1033436426121,0.403801325197459,2.476465374428872,-26.77691783022183,154.17898533722746
 0.7847492434267436,1.1244059355636002,1.1291593190977964,-4.924906841672541,15.411567169768004,-200.20347370680736,0.400663482772814,2.4958600995514844,-26.009214672220107,153.0402641942414
 0.7899272026723916,1.1301207122366088,1.1036735520488588,-4.921971348144163,15.28095675093744,-200.3036037710026,0.39740887774712774,2.5163001029793364,-25.22430413880573,151.5868503743217
 0.7952791251612311,1.1358865997630074,1.0773488477126365,-4.9187379658651,15.150250213482973,-200.40373383519787,0.39404572264329274,2.5377765638259278,-24.422352477456553,149.8436614172757
 0.8008190571582888,1.1417041887835098,1.0501192114979185,-4.9151571227191555,15.019489201707467,-200.5038638993931,0.3905819561914596,2.5602821229913895,-23.60336044647369,147.83431121859113
 0.806563091399184,1.1475740707702657,1.0219092959030065,-4.91116772843533,14.888713983396379,-200.60399396358838,0.3870252454277677,2.5838107767226637,-22.7671376643303,145.58109284757091
 0.8125298191554379,1.153496838008866,0.9926323909101474,-4.906693616475693,14.757963468986054,-200.70412402778362,0.383382987103496,2.608357787483265,-21.91326967671399,143.1049014631766
 0.8187409199933308,1.1594730835803055,0.9621878194247839,-4.9016385790464465,14.627275231861768,-200.8042540919789,0.3796623102723746,2.6339195989261803,-21.04107476841748,140.42517277700608
 0.8252219443506474,1.1655034013429704,0.9304575064367671,-4.895879299110379,14.496685529216576,-200.90438415617413,0.37587007859508137,2.6604937635306785,-20.149546652724165,137.55975391248649
 0.8320033722360741,1.171588385914655,0.8973013758298988,-4.88925506059291,14.366229323923562,-201.0045142203694,0.3720128934628523,2.688078874609909,-19.237276794369993,134.5247451963096
 0.8391220776066305,1.1777286326546308,0.8625510426899329,-4.881552379411084,14.235940306853994,-201.10464428456464,0.3680970984911293,2.716674497297345,-18.30234716672728,131.3342214596586
 0.8466234066811751,1.1839247376458049,0.8260009565771828,-4.87248136290689,14.105850919758085,-201.2047743487599,0.36412878191116715,2.7462811227154242,-17.342178406405484,127.99981853616906
 0.8545642181222917,1.1901772976769611,0.7873956052880501,-4.861638080113418,13.975992378864746,-201.30490441295518,0.3601137823029357,2.776900105308321,-16.35330870859693,124.53005654917115
 0.8630174934884135,1.196486910225141,0.746410388269956,-4.848442200564105,13.846394698643333,-201.40503447715042,0.3560576923252913,2.8085336212492455,-15.331060992145446,120.9291868745154
 0.8720796417866988,1.2028541734381386,0.7026218291089315,-4.832028534482254,13.717086716168923,-201.50516454134566,0.3519658639720058,2.841184621470952,-14.269020790453867,117.19519111075778
 0.8818827186709145,1.2092796861171664,0.655458766152674,-4.81104693080564,13.58809611554423,-201.60529460554093,0.34784341325589396,2.874856794440266,-13.158174943255325,113.31603947605066
 0.892616336959422,1.2157640476996767,0.6041170282208683,-4.783264743705049,13.459449452870643,-201.7054246697362,0.3436952257642238,2.909554526911013,-11.985395717987254,109.26224444964375
 0.9045707525245151,1.222307858242376,0.5473969435868768,-4.744697415372943,13.331172181121357,-201.80555473393144,0.33952596212380187,2.9452828695184388,-10.730534759378509,104.97049828792424
 0.9182333130602632,1.2289117184044138,0.48335450333476854,-4.687440548537092,13.203288675275209,-201.9056847981267,0.33534006295066077,2.9820475108192843,-9.360141937636016,100.30278132395905
 0.9345518277624651,1.235576229430812,0.4084018152398897,-4.593107244298722,13.075822257645585,-202.00581486232196,0.3311417553555517,3.0198547414423333,-7.811153156753046,94.92216719172106
 0.955966815768734,1.2423019931360715,0.3140680584687101,-4.405034303244305,12.948795223001643,-202.10594492651722,0.3269350581540168,3.0587114323142033,-5.931688339342395,87.7639911290388
 1.008072933459342,1.2490896118880401,0.13026529422651867,-3.527469947647275,12.82222886389081,-202.20607499071247,0.3269350581540168,3.0587114323142033,-2.429011500383687,67.22198839983933