 0.0,0.0,0,0.0,-80.1944344890469,-130.2363583092738,-0.4766716469703891,-2.0978801788521735,0.0,0.0
 0.07120229927981385,0.01267441855683045,0.17800574819953463,2.5,-80.1944344890469,-130.18861589910074,-0.4766716469703891,-2.0978801788521735,0.0,0.0
 0.10061170366378817,0.025306787285324817,0.42953500735900507,8.552681172167258,-80.54001530843804,-130.14087348892767,-0.4805095726345698,-2.0811239920094278,-11.750690863343623,-399.55555406442613
 0.12312208325704252,0.03789761846388528,0.5593344673020769,5.766204848094551,-80.88722794868329,-130.0931310787546,-0.48433438383692173,-2.0646892588503607,-15.424557316185657,-163.2076632747222
 0.14205270331508157,0.050447426297806484,0.6629369664303109,5.4727472639882295,-81.23605882680307,-130.04538866858152,-0.4881445707102235,-2.048573435007287,-18.42680678447449,-158.592241515824
 0.15869055030089396,0.06295672688700142,0.7518581340399397,5.344511683840747,-81.586493759821,-129.99764625840845,-0.4919386005525802,-2.032774006505546,-21.06251688194667,-158.41653669009787
 0.17369633063758286,0.07542603819240129,0.8309672023461919,5.271906327512457,-81.93851796076451,-129.94990384823538,-0.49571491876120655,-2.017288490124533,-23.459239909225133,-159.71998613217826
 0.18746293500427202,0.08785588000103982,0.9028981641046371,5.225032974180282,-82.29211603508365,-129.9021614380623,-0.4994719499334244,-2.002114433319613,-25.685206380647724,-161.6932114943845
 0.2002466218339858,0.10024677388980834,0.9692738920956449,5.192221060729306,-82.64727197747231,-129.85441902788924,-0.5032080988312749,-1.9872494149489013,-27.781965181058407,-164.01831712093244
 0.21222558110452144,0.11259924318787955,1.0311805073462676,5.167946050446391,-83.00396916916503,-129.8066766177162,-0.5069217517035415,-1.9726910448001866,-29.776976750398795,-166.54297959318302
 0.22352969640545628,0.12491381293778865,1.0893881937749437,5.149247409380398,-83.3621903757188,-129.75893420754312,-0.5106112774282769,-1.958436964096362,-31.689450878490018,-169.18388367226447
 0.23425713210502488,0.1371910098551777,1.1444670712762022,5.134393628057212,-83.72191774525959,-129.71119179737005,-0.5142750287215268,-1.9444848459509534,-33.5333978795389,-171.89075308305405
 0.24448424267195726,0.14943136228720122,1.1968534369424548,5.12230363829595,-84.08313280718491,-129.66344938719698,-0.5179113437212787,-1.93083239462344,-35.31936606740609,-174.6307694806591
 0.2542718231889474,0.1616354001695784,1.2468901646522657,5.112267288422565,-84.44581647150206,-129.6157069770239,-0.5215185471559531,-1.917477346593703,-37.055497391573006,-177.3810515431453
 0.26366922837700946,0.17380365498231898,1.2948526289148936,5.103798687275603,-84.80994902854805,-129.56796456685083,-0.5250949519162689,-1.9044174703082253,-38.74820227061889,-180.12470944598755
 0.27271718662680483,0.18593665970409876,1.3409660375095314,5.096554086738921,-85.17551014935015,-129.52022215667776,-0.5286388605774831,-1.8916505663386223,-40.402609153327205,-182.84864242667447
 0.28144978149951216,0.19803494876530786,1.385417420315792,5.090283409939023,-85.54247888650308,-129.4724797465047,-0.5321485669730585,-1.879174467551705,-42.022874357752386,-185.54223893852281
 0.289895883378685,0.21009905799977036,1.428364162195495,5.084800360460361,-85.91083367562538,-129.42473733633162,-0.5356223577754339,-1.8669870394380776,-43.61240183837216,-188.19657912715542
 0.29808020705517496,0.22212952459514,1.4699402260846517,5.079963297222321,-86.2805523373498,-129.37699492615855,-0.5390585143346684,-1.8550861797151044,-45.174002927871776,-190.8039260452791
 0.30602410822808374,0.23412688704198478,1.5102607882081427,5.075662605294855,-86.65161207999657,-129.32925251598547,-0.5424553142114724,-1.8434698191751089,-46.710014962446095,-193.3573947033234
 0.31374619365440976,0.246091685081576,1.5494257547062358,5.071812125332421,-87.02398950272254,-129.2815101058124,-0.5458110331299297,-1.8321359212281645,-48.22239099511631,-195.85072544189288
 0.3212627956377003,0.258024459652377,1.587522473230273,5.0683431966633865,-87.39766059938272,-129.23376769563933,-0.549123946756148,-1.8210824822106597,-49.71276881373355,-198.27813444563802
 0.32858834601078935,0.26992575283526554,1.6246278541212205,5.065200428797392,-87.77260076295688,-129.18602528546626,-0.5523923324032886,-1.8103075320566246,-51.18252479042905,-200.634205191568
 0.33573567448068053,0.2817961077974937,1.6608100512286754,5.062338643015492,-88.14878479055638,-129.13828287529319,-0.5556144713504179,-1.7998091330657848,-52.63281646900557,-202.91381383771727
 0.3427162492414989,0.29363606873540304,1.6961298093054564,5.0597206228674905,-88.5261868891873,-129.0905404651201,-0.5587886503542627,-1.789585381460444,-54.06461667730539,-205.11207993021392
 0.34954037295621,0.305446180815916,1.7306415554942765,5.057315434422948,-88.90478068201473,-129.04279805494704,-0.561913163845745,-1.7796344067755592,-55.47874110360621,-207.22432438502562
 0.35621734383200754,0.31722699011682676,1.7643942919705415,5.055097154700918,-89.28453921528934,-128.99505564477397,-0.5649863160197467,-1.7699543717180033,-56.87587086101705,-209.24604635840194
 0.36275558910423794,0.3289790435659068,1.7974323323406063,5.053043897020159,-89.66543496601616,-128.94731323460093,-0.5680064226934892,-1.7605434728325695,-58.25657112384107,-211.17290730713438
 0.3691627764977704,0.34070288887885697,1.8297959140050195,5.051137055407748,-90.04743985013215,-128.89957082442785,-0.5709718133973907,-1.7513999404800915,-59.62130661288298,-213.00071392004216
 0.37544590795273075,0.35239907449612595,1.861521711126256,5.049360712672979,-90.4305252313717,-128.85182841425478,-0.5738808335933149,-1.7425220384841391,-60.970454618947265,-214.72541450635575
 0.38161139894852514,0.3640681495186261,1.8926432672531461,5.047701172237333,-90.81466193083003,-128.8040860040817,-0.5767318466701613,-1.7339080645080276,-62.304316026143965,-216.34309548202364
 0.3876651460435258,0.37571066364237055,1.9231913624801267,5.046146584519179,-91.1998202371002,-128.75634359390864,-0.5795232359394866,-1.7255563504349622,-63.62312469053306,-217.8499768314074
 0.3936125847033216,0.3873271670920739,1.9531943268671175,5.044686646338764,-91.58596991700111,-128.70860118373557,-0.5822534070563788,-1.7174652614839423,-64.92705549218108,-219.24241278224284
 0.39945873907262625,0.39891821055373133,1.9826783094398759,5.0433123571906915,-91.97308022711628,-128.6608587735625,-0.5849207897070742,-1.709633197515164,-66.2162313310961,-220.5169000811647
 0.4052082650224352,0.4104843451062302,2.0116675102376487,5.042015820232302,-92.3611199257283,-128.61311636338942,-0.587523840066995,-1.7020585920155524,-67.49072914870828,-221.67006962626837
 0.4108654875513452,0.42202612215201163,2.0401843814344565,5.040790078714126,-92.75005728552998,-128.56537395321635,-0.5900610427333673,-1.6947399126159106,-68.75058525877091,-222.69870128396198
 0.4164344334210758,0.4335440933468311,2.068249802431053,5.039628980619697,-93.13986010691626,-128.51763154304328,-0.5925309127986016,-1.6876756611344852,-69.99580001397173,-223.59972323829876
 0.4219188597484858,0.4450388105286562,2.095883232923902,5.0385270661295944,-93.53049573180444,-128.4698891328702,-0.5949319979415523,-1.6808643735081847,-71.22634193039671,-224.37021539973705
 0.4273222791503998,0.4565108256457306,2.123102847247219,5.037479473400713,-93.92193105810948,-128.42214672269714,-0.5972628805029071,-1.6743046196977458,-72.44215138406385,-225.0074190495871
 0.4326479819362916,0.4679606906838644,2.1499256527167323,5.036481859364914,-94.31413255479433,-128.37440431252406,-0.599522179387705,-1.6679950039901859,-73.64314391028444,-225.50874025529606
 0.43789905576193033,0.47938895759297556,2.1763675942455545,5.035530332808811,-94.70706627742727,-128.326661902351,-0.6017085521931751,-1.6619341645637036,-74.82921316292206,-225.87175347765475
 0.4430784030904434,0.49079617821294375,2.202443647130942,5.03462139753304,-95.10069788435935,-128.27891949217792,-0.6038206968795724,-1.6561207742096369,-76.00023361342821,-226.09421153501557
 0.44818875675268977,0.5021829041988045,2.2281678996078433,5.033751903893427,-95.49499265332054,-128.23117708200485,-0.60585735407974,-1.6505535391559925,-77.15606296959592,-226.1740444123467
 0.45323269385398557,0.5135496869453517,2.253553626516689,5.032919007321459,-95.88991549868256,-128.18343467183178,-0.6078173084798951,-1.645231200310705,-78.29654443164279,-226.10937431275033
 0.4582126482371146,0.5248970775111745,2.278613355227749,5.032120132657603,-96.2854309890484,-128.13569226165873,-0.6096993908809925,-1.6401525324718431,-79.42150870011051,-225.89850868490873
 0.46313092168076947,0.5362256265421979,2.303358924794725,5.031352943358744,-96.68150336542412,-128.08794985148566,-0.6115024798991311,-1.635316344366997,-80.53077587353158,-225.5399554598059
 0.4679896939868506,0.5475358841947655,2.3278015391690663,5.030615314850111,-97.07809655980441,-128.0402074413126,-0.613225503534053,-1.6307214788637194,-81.62415717318862,-225.0324219327197
 0.4727910320885186,0.5588284000583169,2.351951815188427,5.029905311390372,-97.47517421414922,-127.9924650311395,-0.6148674408839947,-1.6263668125967126,-82.70145653914194,-224.37481867378978
 0.4775368982927788,0.5701037230777198,2.3758198259532564,5.02922116586509,-97.87269969985188,-127.94472262096643,-0.6164273235353986,-1.6222512562627742,-83.76247213749888,-223.56626855693702
 0.48222915775606057,0.5813624014752994,2.3994151401221107,5.028561262115645,-98.27063613748318,-127.89698021079337,-0.6179042371735031,-1.6183737541181598,-84.80699772577923,-222.60610191189264
 0.4868695852782855,0.5926049826726247,2.422746857585851,5.0279241194900495,-98.66894641696133,-127.8492378006203,-0.6192973227984055,-1.6147332842992463,-85.83482396190345,-221.49386693393163
 0.491459871489875,0.6038320132121116,2.4458236419203856,5.027308379218413,-99.06759321800205,-127.80149539044723,-0.620605778078843,-1.6113288585478784,-86.84573960425956,-220.22932683451157
 0.49600162849671503,0.6150440386784836,2.4686537499664554,5.026712792359216,-99.46653903087937,-127.75375298027416,-0.6218288586060848,-1.6081595219649951,-87.8395326470548,-218.81246427287107
 0.5004963950400284,0.6262416036201608,2.4912450588418755,5.026136209238282,-99.86574617749802,-127.70601057010109,-0.6229658788386452,-1.6052243533213009,-88.81599139170726,-217.24348422613483
 0.5049456412211605,0.6374252514706227,2.5136050906529754,5.025577569953794,-100.26517683263312,-127.65826815992801,-0.6240162132903794,-1.6025224644838845,-89.77490542756622,-215.52280921775898
 0.5093507728353049,0.6485955244698066,2.535741035141207,5.0250358961251465,-100.66479304540488,-127.61052574975494,-0.6249792973259518,-1.60005300060117,-90.71606657304709,-213.65108421707177
 0.5137131353530277,0.6597529635855958,2.5576597704708157,5.0245102832606685,-101.06455676097659,-127.56278333958187,-0.6258546280694356,-1.5978151397309068,-91.6392697644017,-211.62917744776075
 0.5180340175839633,0.6708981084354554,2.5793678823424653,5.023999894333837,-101.46442984237355,-127.5150409294088,-0.6266417649624609,-1.5958080930975054,-92.5443138750808,-209.45817597141956
 0.5223146550531668,0.6820314972082719,2.600871681592832,5.023503953575429,-101.8643740923508,-127.46729851923574,-0.6273403305929087,-1.5940311043845772,-93.43100247442226,-207.1393818609078
 0.5265562331172055,0.6931536665864526,2.6221772204259555,5.023021741308457,-102.2643512755151,-127.41955610906267,-0.6279500109935884,-1.5924834501041363,-94.29914459323736,-204.67432302507345
 0.5307598898441135,0.7042651516683393,2.643290307403289,5.022552589079522,-102.66432314030516,-127.3718136988896,-0.6284705561930568,-1.591164439043052,-95.1485553589086,-202.0647309838758
 0.534926718678736,0.7153664858909994,2.6642165213071176,5.022095875393577,-103.0642514411354,-127.32407128871652,-0.6289017804251045,-1.5900734122966749,-95.97905666467675,-199.3125560780074
 0.5390577709127063,0.7264582009534402,2.6849612239786413,5.021651021726717,-103.46409796049731,-127.27632887854345,-0.6292435623322313,-1.5892097430343113,-96.79047775622462,-196.41995443083547
 0.5431540579763021,0.7375408267403112,2.705529572222548,5.021217489052481,-103.8638245309788,-127.22858646837038,-0.6294958449852512,-1.5885728364472835,-97.58265577476752,-193.38928308591682
 0.5472165535676492,0.7486148912461406,2.725926528859894,5.020794774716953,-104.26339305724301,-127.18084405819731,-0.6296586360259618,-1.5881621291044572,-98.35543627795052,-190.22309952261546
 0.5512461956331912,0.7596809205001671,2.746156873002092,5.020382409442838,-104.66276553794825,-127.13310164802424,-0.6297320072679478,-1.58797708939464,-99.10867372572353,-186.9241574119079
 0.5552438882119513,0.7707394384918155,2.7662252096128865,5.019979954791605,-105.06190408740575,-127.08535923785118,-0.6297160947115732,-1.5880172166443145,-99.84223188599705,-183.4953903586646
 0.5592105031548924,0.7817909670968709,2.78613597841715,5.019587000673256,-105.46077095723948,-127.03761682767811,-0.6296110979176577,-1.588282041576692,-100.55598427660523,-179.93992380792076
 0.5631468817295897,0.7928360260044024,2.8058934622112184,5.019203163300277,-105.85932855768804,-126.98987441750504,-0.6294172797968817,-1.5887711254490957,-101.24981448950564,-176.26104799987493
 0.567065035364573,0.803875132644487,2.8174256725213134,2.943276702355302,-106.25753947881074,-126.94213200733196,-0.6291349658868199,-1.5894840602133977,-101.63228862882576,-97.61591171545795
 0.5709783334440025,0.8149088021167837,2.8195320796787464,0.5382690290079081,-106.65536651134263,-126.89438959715889,-0.6287645437689472,-1.590420468059139,-101.66029381280529,-7.1564147200382076
 0.5748885965349677,0.8259375471200052,2.8204611164665043,0.23758932996208865,-107.05277266732487,-126.84664718698582,-0.628306462217401,-1.591580001375171,-101.63156461273842,7.347127136599598
 0.578795734319381,0.836961877882335,2.821587405058754,0.28826436496376473,-107.44972120040428,-126.79890477681275,-0.6277612303749778,-1.5929623423903934,-101.59573452027874,9.170419482674118
 0.5826996570406917,0.8479823020928337,2.822910440911266,0.33889908867551105,-107.84617562575305,-126.75116236663968,-0.627129416925482,-1.594567202576026,-101.55283637777899,10.9884712280771
 0.5866002755337569,0.8589993248338852,2.8244297053501475,0.3894932153920092,-108.24209973973878,-126.7034199564666,-0.6264116487344217,-1.5963943231585205,-101.50290644666403,12.800516431876181
 0.5904975012542046,0.8700134485147168,2.8261446656896165,0.44004644906018947,-108.6374576390371,-126.65567754629355,-0.6256086100490063,-1.5984434739823454,-101.44598431237898,14.605808944135436
 0.5943912463074744,0.8810251728060423,2.828054775203719,0.49055844385556024,-109.03221373946614,-126.60793513612047,-0.624721041102516,-1.6007144536626887,-101.38211285752969,16.403604749537184
 0.5982814234769432,0.8920349945758637,2.8301594735143296,0.5410289092047079,-109.4263327943389,-126.5601927259474,-0.623749736784399,-1.6032070893613106,-101.31133819968896,18.193170839666767
 0.6021679462515143,0.9030434078264732,2.8324581866948124,0.5914575351321659,-109.81977991232516,-126.51245031577433,-0.6226955453461671,-1.6059212362665656,-101.23370961840898,19.973787825948428
 0.6060507288526548,0.9140509036326866,2.834950327370929,0.6418439897677174,-110.21252057485655,-126.46470790560126,-0.6215593669281436,-1.6088567773375808,-101.14927949250416,21.744747151181503
 0.6099296862606574,0.9250579700813546,2.837635294978894,0.6921879581419157,-110.60452065307047,-126.41696549542819,-0.6203421519916582,-1.6120136231101172,-101.05810324320136,23.50534943093247
 0.6138047342401969,0.9360650922121677,2.8405124759567757,0.742489123508532,-110.99574642412828,-126.36922308525511,-0.6190448997753897,-1.6153917112681708,-100.96023923407017,25.254915461154937
 0.6176757893653108,0.9470727519598052,2.8435812438381887,0.792747140567443,-111.38616458711465,-126.32148067508204,-0.6176686566945258,-1.6189910061998825,-100.8557487217118,26.992773024716662
 0.6215427690435219,0.9580814280974448,2.8468409595398088,0.8429616840210618,-111.77574227830884,-126.27373826490897,-0.6162145145164513,-1.6228114989870184,-100.74469576069754,28.718268585689597
 0.6254055915391096,0.9690915961816662,2.850290971639991,0.8931324450250918,-112.16444708592203,-126.22599585473591,-0.6146836086672893,-1.626853206917498,-100.62714713326957,30.43076081342609
 0.6292641759958151,0.9801037284987733,2.8539306164388925,0.9432590733051145,-112.55224706420901,-126.17825344456284,-0.6130771165045527,-1.6311161729563168,-100.5031722483212,32.129628452977286
 0.6331184424586828,0.9911182940125605,2.8577592182332046,0.9933412313853139,-112.93911074705896,-126.13051103438977,-0.611396255354434,-1.6356004657246186,-100.37284307585263,33.81426108552094
 0.6369683118951279,1.0021357583135457,2.861776089518094,1.043378574572812,-113.32500716091775,-126.0827686242167,-0.6096422807726841,-1.6403061787849778,-100.23623404099611,35.48406955396863
 0.6408137062151241,1.0131565835696872,2.865980531263787,1.093370769241987,-113.70990583713375,-126.03502621404363,-0.6078164844551092,-1.6452334307722383,-100.0934219449272,37.1384789659336
 0.6446545482905651,1.024181228478607,2.8703718331490933,1.1433174806599982,-114.09377682365599,-125.98728380387055,-0.6059201924788096,-1.6503823645635844,-99.944485865941,38.77693382357941
 0.6484907619739476,1.0352101482213338,2.8749492736813362,1.1932183423648355,-114.47659069611706,-125.93954139369748,-0.6039547632651945,-1.6557531471291724,-99.78950706508927,40.39889684015312
 0.6523222721160412,1.0462437944175857,2.8797121205642835,1.2430730198575866,-114.8583185683127,-125.89179898352441,-0.6019215855721917,-1.6613459692584236,-99.62856890339631,42.00384593135769
 0.6561490045828707,1.057282615082599,2.8846596308204737,1.2928811457492035,-115.23893210195399,-125.84405657335134,-0.599822076638874,-1.6671610448277234,-99.46175671816063,43.59128490994442
 0.6599708862716848,1.0683270545855195,2.8897910511582983,1.3426423828982716,-115.61840351593507,-125.79631416317828,-0.5976576799534141,-1.6731986110810915,-99.2891577705665,45.16072491183609
 0.6637878451261751,1.07937755360936,2.8951056181390595,1.3923563714890932,-115.99670559474772,-125.74857175300521,-0.5954298635555295,-1.6794589274186453,-99.11086108974222,46.71171150156647
 0.6675998101508803,1.0904345491125411,2.9006025583973147,1.442022742241769,-116.37381169648933,-125.70082934283214,-0.5931401177598797,-1.6859422757926297,-98.92695743470503,48.243793908209895
 0.671406711424645,1.1014984742920053,2.9062810889558213,1.4916411406936598,-116.74969575999934,-125.65308693265906,-0.5907899533856603,-1.692648959700932,-98.73753913725652,49.75655627160124
 0.6752084801133038,1.1125697585479273,2.9121404174191845,1.5412111948952731,-117.12433231156976,-125.60534452248599,-0.5883808995987653,-1.6995793042940894,-98.54270005642402,51.249588491202154
 0.6790050484814507,1.1236488274500054,2.918179742272303,1.5907325425213708,-117.49769647085834,-125.55760211231292,-0.5859145020768138,-1.7067336556023651,-98.3425354383451,52.72251113882458
 0.6827963499033982,1.1347361027053453,2.9243982531055663,1.640204811272695,-117.86976395626877,-125.50985970213985,-0.5833923209450502,-1.7141123804647922,-98.13714184173575,54.17495834552602
 0.6865823188731771,1.1458320021279302,2.9307951309577005,1.6896276496708176,-118.2405110896349,-125.46211729196678,-0.580815928883978,-1.7217158660257006,-97.92661702342461,55.606588429973634
 0.6903628910140129,1.1569369396096723,2.9373695483263256,1.73900063898042,-118.60991480034967,-125.4143748817937,-0.5781869093772113,-1.7295445188773657,-97.71105984849785,57.017077547179454
 0.6941380030865255,1.1680513250930527,2.944120669769432,1.7883234493256606,-118.97795262889233,-125.36663247162065,-0.5755068544023425,-1.7375987659408314,-97.49057020649217,58.40611822126619
 0.6979075929964257,1.1791755645453224,2.951047651908718,1.8375956814542005,-119.34460272961404,-125.31889006144758,-0.5727773632098101,-1.7458790521958825,-97.26524886931976,59.77343492474785
 0.7016715998013678,1.190310059934282,2.9581496437094574,1.886816939707547,-119.70984387317569,-125.2711476512745,-0.5700000398644895,-1.7543858422145682,-97.03519746087848,61.118754657728964
 0.7054299637168208,1.2014552092056054,2.965425786869385,1.9359868612006605,-120.07365544811006,-125.22340524110143,-0.5671764920042659,-1.7631196181390372,-96.8005182889619,62.441843630859644
 0.7091826261213235,1.212611406261723,2.9728752159350598,1.9851050434849429,-120.43601746212437,-125.17566283092836,-0.5643083286766456,-1.7720808805801096,-96.56131432966018,63.742466952182646
 0.712929529560778,1.2237790409422264,2.980497058693694,2.034171118042999,-120.79691054255088,-125.12792042075529,-0.5613971589601998,-1.7812701472379466,-96.31768906195042,65.02042864099812
 0.7166706177522079,1.234958499005803,2.9882904362390175,2.0831846635363087,-121.15631593646089,-125.08017801058222,-0.5584445901395568,-1.790687953034154,-96.06974642654623,66.27553875157882
 0.7204060095170556,1.2461501621136726,2.9961149492243235,2.094696748796053,-121.51421551015163,-125.03243560040914,-0.5554522261229003,-1.8003348496414853,-95.81312917664619,68.69888516513532
 0.7241407580840034,1.257354407814516,3.0000000000000298,1.040244264390007,-121.87059174811955,-124.98469319023607,-0.5524216659449844,-1.8102114048864801,-95.42174836663189,104.79442002548137
 0.7278798253227904,1.2685716095308772,3.0000000000000298,0.0,-122.22542775154628,-124.93695078006301,-0.5493545021613303,-1.8203182026645655,-94.89960483883434,139.6453966864027
 0.7316233343281715,1.2798021365470205,2.9999999999999702,-1.5896303183555455e-11,-122.57870723629172,-124.88920836988994,-0.5462523195261798,-1.8306558420976622,-94.37121274120294,141.1488784645255
 0.7353714068119065,1.2910463539982255,3.0000000000000298,1.587694858574565e-11,-122.93041453040208,-124.84146595971687,-0.5431166934383008,-1.841224937626783,-93.83684430773737,142.57153130962615
 0.739124163099664,1.302304622861498,3.0,-7.928566306589e-12,-123.28053457115062,-124.7937235495438,-0.5399491887089513,-1.8520261182187459,-93.29677013419011,143.9140013725723
 0.7428817221283901,1.3135772999476765,3.0000000000000298,7.918432373913098e-12,-123.62905290165989,-124.74598113937073,-0.5367513582242406,-1.8630600271014615,-92.75125895425403,145.1770087351184
 0.7466442014441355,1.3248647378949125,3.0,-7.908077244554854e-12,-123.97595566707807,-124.69823872919766,-0.5335247416269348,-1.8743273216357161,-92.20057741353025,146.36134700309128
 0.750411717200332,1.336167285163502,3.0,0.0,-124.32122961033213,-124.65049631902458,-0.5302708643071075,-1.885828672308211,-91.64498985469676,147.46787931004883
 0.7541843841565131,1.3474852860320456,3.0000000000000293,7.769010143363585e-12,-124.66486206752965,-124.60275390885151,-0.5269912361080389,-1.8975647629081052,-91.08475812701647,148.49753084152147
 0.7579623156774676,1.3588190805949092,3.0,-7.758183992360676e-12,-125.00684096291327,-124.55501149867845,-0.5236873502876707,-1.9095362900224389,-90.52014137546027,149.45129323401193
 0.7617456237328206,1.370169004760968,2.9999999999999707,-7.747158682633234e-12,-125.3471548035257,-124.50726908850538,-0.5203606826298258,-1.9217439621805168,-89.95139587719305,150.3302110074039
 0.7655344188970314,1.3815353902536005,3.0,7.73593888816345e-12,-125.68579267349652,-124.45952667833231,-0.5170126902877191,-1.9341885001768468,-89.37877485951572,151.13538548780716
 0.7693288103498009,1.3929185646119089,2.9999999999999707,-7.724529272990817e-12,-126.0227442279635,-124.41178426815924,-0.5136448110311287,-1.9468706361357488,-88.80252832665266,151.86797146152458
 0.7731289058768801,1.4043188511931464,3.0,7.712934488421235e-12,-126.35799968678535,-124.36404185798617,-0.5102584623352819,-1.9597911133572097,-88.22290293305774,152.52916392878743
 0.7769348118712683,1.4157365691763113,3.000000000000058,1.5285634110810294e-11,-126.69154982783894,-124.3162994478131,-0.5068550406020075,-1.9729506858849997,-87.64014180734294,153.12021016127906
 0.7807466333347954,1.4271720335668925,2.9999999999999707,-2.295112065912748e-11,-127.02338598012611,-124.26855703764002,-0.5034359204774032,-1.9863501179091674,-87.05448444065095,153.64239177930463
 0.7845644738800763,1.4386255552027352,3.0,7.67708538438912e-12,-127.35350001660424,-124.22081462746695,-0.5000024539907004,-1.9999901840853744,-86.46616655747412,154.09702846390988
 0.788388435732829,1.4500974407609935,3.000000000000058,1.5213458902180285e-11,-127.68188434672378,-124.17307221729388,-0.49655597019397474,-2.0138716681008986,-85.87541998703638,154.48547689159372
 0.7922186197345477,1.4615879927661493,2.999999999999971,-2.2725144560040963e-11,-128.0085319088018,-124.12532980712082,-0.49309777434676266,-2.0279953632416254,-85.28247257350142,154.80911968430124
 0.7960551253455207,1.4730975095990684,3.0,7.523981864562668e-12,-128.33343616215402,-124.07758739694775,-0.48962914756556847,-2.042362071318651,-84.68754807054094,155.0693686616536
 0.7998980506481849,1.4846262855070607,2.9999999999999423,-1.5022825772982055e-11,-128.65659107904494,-124.02984498677468,-0.48615134614528965,-2.0569726031389886,-84.09086605636496,155.2676586667747
 0.8037474923508022,1.4961746106149127,3.0,1.499739487969243e-11,-128.97799113638263,-123.9821025766016,-0.48266560145844634,-2.071827776784487,-83.49264183404959,155.40545059004637
 0.8076035457914595,1.5077427709368847,3.0,0.0,-129.29763130742649,-123.93436016642853,-0.47917311922773276,-2.086928418713609,-82.89308640633476,155.48421123868837
 0.8114663049423684,1.5193310483896112,3.0,0.0,-129.6155070531183,-123.88661775625546,-0.4756750793769074,-2.102275362648622,-82.29240635338171,155.50543781942278
 0.8153358624144666,1.530939720805906,2.999999999999971,-7.4597157035121e-12,-129.93161431345666,-123.83887534608239,-0.4721726357924674,-2.1178694490028156,-81.69080382386628,155.47062780520014
 0.8192123094623062,1.5425690619494243,2.9999999999999716,1.1456088639146242e-13,-130.24594949867048,-123.79113293590932,-0.46866691597575233,-2.1337115249921705,-81.08847646687542,155.38129363241708
 0.8230957359892188,1.5542193415301624,3.0000000000000284,1.4637438990251462e-11,-130.55850948028646,-123.74339052573625,-0.4651590208457052,-2.1498024442950734,-80.485617392239,155.23895468564015
 0.8269862305527523,1.5658908252207628,2.9999999999999716,-1.4610846495870772e-11,-130.8692915821256,-123.69564811556319,-0.4616500246937475,-2.1661430661969243,-79.88241514387327,155.0451333410641
 0.8308838803703645,1.5775837746735992,2.999999999999943,-7.292012048382492e-12,-131.17829357121542,-123.64790570539012,-0.45814097498967016,-2.182734255591409,-79.27905367319214,154.8013543840554
 0.8347887713253677,1.5892984475386085,2.9999999999999716,7.278489913780768e-12,-131.4855136486096,-123.60016329521704,-0.45463289224336306,-2.1995768829341635,-78.67571231421309,154.5091440277016
 0.8387009879731148,1.60103509748185,3.0000000000000284,1.4529721633269464e-11,-131.79095044019553,-123.55242088504397,-0.451126770131154,-2.216671823109222,-78.07256578231785,154.17002334023798
 0.8426206135474162,1.6127939742047543,3.0,-7.2511286835016336e-12,-132.09460298741325,-123.5046784748709,-0.4476235753380951,-2.234019955818209,-77.46978415708736,153.78551185667845
 0.84654772996718,1.6245753234640457,3.0000000000000284,7.237297393927005e-12,-132.39647073798034,-123.45693606469783,-0.4441242476826682,-2.2516221647832912,-76.86753289204383,153.35712025562427
 0.8504824178432632,1.6363793870922951,2.9999999999999716,-1.4446741558924628e-11,-132.69655353655486,-123.40919365452476,-0.4406297001259074,-2.2694793376711915,-76.26597281033978,152.8863535429581
 0.8544247564855313,1.6482064030190995,3.0,7.20935262274992e-12,-132.9948516154495,-123.36145124435168,-0.43714081889200124,-2.2875923656240786,-75.66526013174453,152.37470270936623
 0.8583748239101108,1.660056605292838,3.000000000000028,7.082820927678818e-12,-133.29136558528356,-123.31370883417861,-0.4336584635478307,-2.3059621431548614,-75.0655464737027,151.82365098632974
 0.8623326968468291,1.671930224102993,2.999999999999972,-1.413770510973073e-11,-133.58609642566594,-123.26596642400555,-0.43018346723141,-2.324589567413726,-74.46697887850203,151.2346668958419
 0.866298450746835,1.6838274858030104,2.999999999999972,0.0,-133.87904547594607,-123.21822401383248,-0.4267166367809337,-2.343475538108388,-73.86969985194942,150.6092010781962
 0.8702721597903847,1.6957486129336596,2.999999999999972,0.0,-134.1702144258795,-123.17048160365941,-0.42325875289646553,-2.3626209574090313,-73.27384736586215,149.9486951754692
 0.8742538968947952,1.7076938242468909,3.0,7.02648605041359e-12,-134.4596053064777,-123.12273919348634,-0.4198105704499711,-2.382026729170151,-72.67955493034837,149.25456400813403
 0.8782437337225472,1.719663334730147,3.0000000000000555,1.3913138212856321e-11,-134.74722048078323,-123.07499678331327,-0.41637281865489173,-2.4016937590463714,-72.08695160287647,148.52821131680213
 0.8822417406895343,1.7316573556311086,3.0,-1.3884705977160988e-11,-135.03306263473903,-123.0272543731402,-0.4129462014409663,-2.421622953572458,-71.49616204175932,147.77101840879524
 0.8862479869734515,1.7436760944828604,3.0000000000000555,1.3856150445394065e-11,-135.31713476815892,-122.97951196296712,-0.40953139760892476,-2.4418152206120554,-70.90730656282462,146.98434324884448
 0.8902625405223122,1.7557197551294423,2.9999999999999445,-2.765495617663953e-11,-135.59944018569834,-122.93176955279405,-0.4061290611901369,-2.462271468753208,-70.32050117242942,146.1695262631989
 0.8942854680630864,1.7677885377517648,3.0,1.379869527070216e-11,-135.87998248792178,-122.884027142621,-0.4027398217782985,-2.4829926069503085,-69.73585762607536,145.32788384290674
 0.8983168351104576,1.7798826388938784,3.0000000000000275,6.829824892441468e-12,-136.15876556251067,-122.83628473244792,-0.3993642849304897,-2.5039795438243866,-69.15348349901925,144.46070531728466
 0.9023567059756836,1.7920022514895568,3.000000000000055,6.815448297544331e-12,-136.43579357543916,-122.78854232227485,-0.3960030323434423,-2.5252331884487393,-68.57348221525571,143.56926325442834
 0.9064051437755598,1.8041475648891852,2.999999999999945,-2.7204104271080542e-11,-136.7110709623491,-122.74079991210178,-0.3926566224101413,-2.5467544488667015,-67.99595313489839,142.6547989387389
 0.9104622104414757,1.8163187648869328,3.0,1.3573122296469946e-11,-136.98460241997927,-122.6930575019287,-0.38932559049226423,-2.56854423243948,-67.42099160660905,141.71853105586948
 0.9145279667285581,1.8285160337481798,2.999999999999973,-6.662829714344084e-12,-137.25639289767886,-122.64531509175563,-0.38601044927837735,-2.590603445760181,-66.84868902819048,140.76165367729368
 0.9186024722248961,1.840739550237194,3.0,6.648522581501116e-12,-137.52644758906806,-122.59757268158256,-0.3827116892486398,-2.612932993928808,-66.27913292347031,139.78533228929552
 0.9226857853608368,1.852989489645016,3.000000000000027,6.63418182710917e-12,-137.79477192375225,-122.54983027140949,-0.37942977906821995,-2.6355337803367407,-65.71240699677071,138.79070936572975
 0.9267779634183517,1.865266023817561,3.0,-6.619810140251925e-12,-138.06137155922553,-122.50208786123642,-0.37616516598731087,-2.658406706467161,-65.14859122117296,137.77889614610882
 0.930879062540463,1.877569321183895,3.000000000000054,1.3210820316338855e-11,-138.32625237281553,-122.45434545106335,-0.3729182762674741,-2.6815526715637668,-64.58776189091749,136.75098151901094
 0.9349891377407261,1.8898995467846842,2.999999999999973,-1.9772953399334322e-11,-138.5894204537969,-122.40660304089029,-0.36968951553410045,-2.7049725728771965,-64.02999170538821,135.7080243917647
 0.9391082429127602,1.9022568623007865,3.000000000000027,1.3153071198459696e-11,-138.8508820956031,-122.35886063071722,-0.3664792693334494,-2.728667304480264,-63.47534983602102,134.65105798531982
 0.943236430839826,1.914641426081984,3.0,-6.5620660394954725e-12,-139.11064378818926,-122.31111822054415,-0.36328790343596584,-2.7526377579380723,-62.92390200626678,133.58108678598575
 0.9473737532044387,1.927053393175822,2.9999999999999734,-6.440240871464674e-12,-139.36871221047863,-122.26337581037107,-0.36011576438366916,-2.7768848212226414,-62.37571055537737,132.4990906143055
 0.9515202605980173,1.9394929153565579,3.0000000000000266,1.2851949875824478e-11,-139.6250942229913,-122.215633400198,-0.3569631798420451,-2.8014093790919734,-61.83083452587196,131.40601903887077
 0.9556760025305594,1.9519601411541843,3.0000000000000266,0.0,-139.8797968605596,-122.16789099002493,-0.35383045907579724,-2.8262123125634613,-61.28932972805909,130.3027970944346
 0.959841027440343,1.9644552158835353,3.0000000000000266,0.0,-140.13282732522254,-122.12014857985186,-0.3507178933884376,-2.8512944986597817,-60.751248826530436,129.1903201502346
 0.9640153827036418,1.9769782816734318,3.0000000000000266,0.0,-140.3841929791772,-122.07240616967879,-0.34762575656510875,-2.8766568101311116,-60.216641397217266,128.06946117247702
 0.9681991146444586,1.9895294774958823,3.0000000000000266,0.0,-140.63390133796833,-122.02466375950573,-0.34455430523709285,-2.9023001158319164,-59.68555402772714,126.94106051795617
 0.9723922685442657,2.0021089391953035,2.9999999999999734,-1.270897907764816e-11,-140.8819600637209,-121.97692134933266,-0.34150377951272365,-2.9282252788735015,-59.158030370404546,125.80593747032803
 0.9765948886517516,2.014716799517761,2.999999999999947,-6.234506738899181e-12,-141.12837695857377,-121.92917893915958,-0.33847440314407884,-2.95443315864074,-58.63411123311167,124.66488140568562
 0.9808070181925675,2.027353188140209,3.000000000000053,2.5092588183752876e-11,-141.3731599582072,-121.88143652898651,-0.3354663842033161,-2.980924608511385,-58.11383464384643,123.51865825200869
 0.9850286993790702,2.040018231699717,3.000000000000026,-6.3115501654158e-12,-141.61631712551846,-121.83369411881344,-0.33247991533372095,-3.007700477173989,-57.59723592787654,122.36800770781446
 0.9892599734200594,2.0527120538226846,2.999999999999974,-1.2384574067922184e-11,-141.85785664446647,-121.78595170864037,-0.3295151743079012,-3.0347616072624115,-57.0843477893774,121.21364239959203
 0.9935008805305028,2.0654347751540145,2.999999999999974,0.0,-142.09778681399675,-121.7382092984673,-0.32657232438348976,-3.0621088357313235,-56.57520037150452,120.05625320561431
 0.9977514599412467,2.078186513386246,2.9999999999999476,-6.164162776238564e-12,-142.3361160421521,-121.69046688829422,-0.32365151476193604,-3.0897429932795353,-56.06982134081988,118.89650371128859
 1.0020117499087096,2.090967383288635,3.0000000000001044,3.6796436926669996e-11,-142.57285284029695,-121.64272447812115,-0.3207528808629375,-3.1176649054862735,-55.56823595409955,117.73503459884022
 1.006281787724553,2.103777496736165,3.0,-2.444029041793233e-11,-142.80800581745797,-121.59498206794808,-0.3178765450116342,-3.1458753899675114,-55.07046712525624,116.57246383074215
 1.010561609725328,2.1166169627384908,3.000000000000052,1.2140326757291961e-11,-143.0415836748577,-121.54723965777502,-0.3150226166112425,-3.1743752583772813,-54.57653550951658,115.40938283185768
 1.0148512513020966,2.1294858874687965,3.0,-1.211253588967634e-11,-143.27359520051905,-121.49949724760195,-0.3121911926041263,-3.2031653156469693,-54.08645955826923,114.24636358931521
 1.019150746910018,2.1423843742925603,2.9999999999998965,-2.4066261564362475e-11,-143.5040492640376,-121.45175483742888,-0.309382357912906,-3.2322463593140927,-53.60025559601961,113.08395369769413
 1.0234699272129502,2.1553125237962214,2.9931951428109413,-1.5754973656310813,-143.73295481147403,-121.40401242725581,-0.30659618575676284,-3.261619180068166,-52.99745122495785,139.5645304856901
 1.0278247907325713,2.1682704338157395,2.9755031268225505,-4.062587933853354,-143.9603208603967,-121.35627001708274,-0.30383273815514567,-3.29128456028781,-52.20968416076579,180.89362861607984
 1.0322220229263241,2.181258199465032,2.9536228875392037,-4.975911737031297,-144.18615649500558,-121.30852760690966,-0.3010920661180371,-3.321243275829028,-51.35858755189766,193.5528012546813
 1.0366626123453224,2.1942759131642986,2.931528333507355,-4.975590388366197,-144.41047086144968,-121.26078519673659,-0.29837421021156035,-3.351496093750718,-50.51454779502989,190.07381165587836
 1.0411475864997513,2.2073236646682033,2.9092144245737215,-4.975259202240692,-144.63327316322122,-121.21304278656353,-0.29567920078876003,-3.3820437735639812,-49.67749960198683,186.6338944710504
 1.0456780141570154,2.2204015410939313,2.8866759200444645,-4.974917653329754,-144.8545726566955,-121.16530037639046,-0.2930070584288601,-3.4128870661414203,-48.84737384988942,183.23341964557684
 1.050255007815162,2.2335096269490924,2.8639073667559245,-4.974565181669931,-145.0743786467845,-121.11755796621739,-0.2903577942076933,-3.444026714449755,-48.02409758593099,179.87271240655576
 1.0548797263682443,2.2466480041594794,2.8409030862279003,-4.974201189538775,-145.29270048272772,-121.06981555604432,-0.2877314101779972,-3.4754634517704455,-47.207594027036926,176.55205382171192
 1.0595533779822006,2.259816752096676,2.8176571608102896,-4.973825038262298,-145.50954755400016,-121.02207314587125,-0.2851278994683746,-3.507198004350032,-46.39778254435698,173.27168337959083
 1.0642772232019742,2.2730159476054905,2.7941634187259483,-4.973436044432377,-145.72492928630302,-120.97433073569817,-0.28254724688882416,-3.5392310879372224,-45.594578628718516,170.03180211670352
 1.06905257831308,2.2862456650312395,2.7704154178987044,-4.973033475984702,-145.93885513774006,-120.9265883255251,-0.27998942909067487,-3.5715634095462545,-44.797893865427035,166.83256946455427
 1.0738808189836067,2.2995059762468517,2.74640642844462,-4.972616547605798,-146.15133459504918,-120.87884591535203,-0.27745441487298156,-3.6041956674497295,-44.00763586748125,163.6741106900089
 1.0787633842158535,2.3127969506798003,2.722129413687811,-4.972184415780456,-146.36237716997212,-120.83110350517896,-0.274942165616118,-3.6371285494136543,-43.22370821164342,160.5565145674627
 1.0837017806404616,2.326118655338845,2.6975770095455402,-4.971736173290078,-146.57199239571355,-120.78336109500589,-0.27245263545770965,-3.670362734131896,-42.44601034799882,157.4798369303281
 1.0886975871901143,2.339471154840615,2.6727415021100467,-4.971270842586983,-146.7801898235792,-120.73561868483283,-0.26998577163792026,-3.7038988904241474,-41.67443751002055,154.44409832720788
 1.0937524601947,2.352854511435975,2.647614803224351,-4.970787369514838,-146.98697901960452,-120.68787627465976,-0.2675415147792955,-3.7377376771785698,-40.90888056687374,151.44929307864265
 1.0988681389454382,2.366268785036225,2.622188423836072,-4.970284614648563,-147.1923695614086,-120.64013386448669,-0.2651197991865112,-3.7718797429252056,-40.14922590173745,148.4953809944885
 1.1040464517819104,2.379714033239088,2.5964534448680463,-4.969761345194831,-147.39637103505865,-120.59239145431361,-0.26272055312333675,-3.806325725610589,-39.39535522326528,145.58229722284605
 1.1092893227634446,2.3931903113545094,2.5704004853230478,-4.969216224614166,-147.5989930320947,-120.54464904414054,-0.260343699001084,-3.8410762535713845,-38.64714538079019,142.7099474906665
 1.1145987789950222,2.40669767243026,2.5440196672902617,-4.968647801612502,-147.80024514663904,-120.49690663396747,-0.25798915376048115,-3.8761319436258423,-37.90446813506285,139.87821225652465
 1.1199769586880581,2.420236167277323,2.517300577478684,-4.968054497356373,-148.00013697257722,-120.4491642237944,-0.2556568290354675,-3.911493402201547,-37.1671898945651,137.0869481085662
 1.125426120048344,2.4338058444950894,2.4902322248454123,-4.967434591045384,-148.19867810086924,-120.40142181362133,-0.2533466314670534,-3.9471612241666834,-36.43517142637966,134.3359867300825
 1.1309486510974642,2.447406750496337,2.462802993821875,-4.966786203566355,-148.39587811694557,-120.35367940344827,-0.2510584628414015,-3.9831359942314295,-35.708267517618395,131.62513751318036
 1.136547080550535,2.461038929532006,2.43500059256641,-4.966107278571572,-148.59174659817782,-120.3059369932752,-0.24879222040049803,-4.0194182856289915,-34.98632658928923,128.95418873826577
 1.1422240898927076,2.4747024237157564,2.406811995578241,-4.965395561139201,-148.78629311145272,-120.25819458310212,-0.2465477971081763,-4.056008659291472,-34.26919026355887,126.32290745111257
 1.1479825268201564,2.488397273048319,2.37822337990422,-4.964648572904814,-148.97952721083772,-120.21045217292905,-0.2443250817386797,-4.092907665818608,-33.55669286988567,123.73104067128429
 1.1538254202390656,2.502123515441629,2.3492200540383164,-4.963863583758141,-149.17145843532796,-120.16270976275598,-0.24212395920486715,-4.130115843487736,-32.84866088248152,121.17831639933236
 1.1597559970494262,2.515881186742745,2.319786378465198,-4.963037578688542,-149.36209630667096,-120.11496735258291,-0.2399443107535365,-4.1676337182554395,-32.144912280699735,118.66444433404047
 1.1657777009805705,2.5296703207575453,2.2899056766113404,-4.962167219699111,-149.55145032726992,-120.06722494240984,-0.23778601404791574,-4.205461805665712,-31.44525582196332,116.18911635920615
 1.1718942137938915,2.543490949274214,2.2595601347502186,-4.96124880095622,-149.7395299781903,-120.01948253223676,-0.23564894358043034,-4.24360060692861,-30.7494902178209,113.75200631103618
 1.178109479227185,2.557343102086507,2.228730689133715,-4.96027819686651,-149.92634471722442,-119.9717401220637,-0.23353297061892614,-4.282050613023621,-30.057403185617073,111.35277159628777
 1.184427730127158,2.5712268070167927,2.197396898300565,-4.959250800452338,-150.11190397702705,-119.92399771189062,-0.23143796357229368,-4.32081230133894,-29.368770367035978,108.99105298018951
 1.1908535193052776,2.585142089938878,2.1655367981053484,-4.958161451001676,-150.29621716334762,-119.87625530171756,-0.2293637880882988,-4.359886136930331,-28.683354092627145,106.6664740173451
 1.1973917547616926,2.599088974800613,2.1331267365189945,-4.957004348100501,-150.47929365331433,-119.82851289154449,-0.2273103071937824,-4.399272573009628,-28.000901953917445,104.37864210596965
 1.2040477400582585,2.6130674836462666,2.1001411846365383,-4.955772949119118,-150.66114279378084,-119.78077048137142,-0.22527738154500426,-4.438972049221139,-27.32114515942805,102.12714785294132
 1.2108272207923922,2.6270776366386976,2.066552519559785,-4.95445984640669,-150.8417738997977,-119.73302807119835,-0.22326486956501632,-4.4789849918990186,-26.643796641741044,99.91156317867441
 1.2177364383386737,2.6411194520812904,2.032330773858756,-4.953056619189388,-151.02119625307523,-119.68528566102528,-0.221272627511641,-4.519311815680368,-25.968548837212275,97.73144353982407
 1.2247821922985809,2.655192946439671,1.9974433450932139,-4.951553654025422,-151.1994191005476,-119.6375432508522,-0.21930050976874685,-4.5599529205586595,-25.295071114676322,95.58632424127761
 1.2319719134488847,2.6692981343632103,1.9618546573177158,-4.949939925555282,-151.37645165301933,-119.58980084067913,-0.21734836888857403,-4.600908693787625,-24.623006757955444,93.4757193875983
 1.2393137494314648,2.6834350287062954,1.9255257644855528,-4.948202727268798,-151.55230308383153,-119.54205843050606,-0.21541605572210795,-4.642179510008413,-23.95196940240142,91.39912102996918
 1.2468166660167272,2.6976036405493904,1.8884138830658974,-4.946327337898438,-151.7269825276279,-119.494316020333,-0.21350341966172479,-4.683765728831894,-23.28153882710904,89.35599478864926
 1.254490567548549,2.711803979219871,1.8504718377732157,-4.944296605233455,-151.9004990791444,-119.44657361015993,-0.21161030863275543,-4.7256676976709855,-22.61125592985172,87.34577769571759
 1.2623464412105152,2.726036052312641,1.8116473997887164,-4.942090422414177,-152.07286179208808,-119.39883119998686,-0.2097365693333812,-4.76788574914886,-21.940616710547623,85.36787226492052
 1.2703965311413634,2.74029986571053,1.7718824908066888,-4.939685062355278,-152.24407967803796,-119.35108878981379,-0.20788204726836923,-4.810420202900115,-21.2690649943888,83.4216414881797
 1.278654550318277,2.754595423604471,1.7311122180372664,-4.9370523240490485,-152.41416170542726,-119.30334637964071,-0.20604658698696562,-4.853271362671294,-20.595983582210703,81.50639975017238
 1.2871359407367589,2.7689227285134663,1.6892636940488268,-4.934158424926032,-152.5831167985712,-119.25560396946764,-0.2042300319986967,-4.896439520737976,-19.920683379434482,79.62140279554396
 1.2958581960721347,2.783281781304329,1.6462545796641523,-4.930962547064803,-152.7509538367333,-119.20786155929457,-0.20243222507763634,-4.939924953235495,-19.242389921944447,77.76583365302363
 1.3048412662127409,2.7976725812112138,1.6019912659742148,-4.927414903492076,-152.91768165324237,-119.1601191491215,-0.2006530082671955,-4.983727922326339,-18.56022650379145,75.93878345326615
 1.3141080705968629,2.8120951258549303,1.5563665796624062,-4.923454129449774,-153.08330903468172,-119.11237673894843,-0.1988922229982254,-5.027848675656475,-17.873192804537318,74.13922543043208
 1.3236851584302258,2.826549411262045,1.5092568491187142,-4.919003705863432,-153.2478447200907,-119.06463432877536,-0.19714971013645383,-5.072287447482763,-17.180137456380802,72.3659801617535
 1.3336035706928615,2.8410354318837645,1.4605180988786817,-4.913966968648755,-153.41129740022782,-119.0168919186023,-0.1954253101909383,-5.11704445561816,-16.479722339516464,70.61766523891303
 1.3438999848956117,2.855553180614622,1.4099810327152265,-4.908220004393056,-153.57367571689164,-118.96914950842923,-0.19371886328962748,-5.162119904167041,-15.770375342948793,68.89262442241362
 1.3546182649966332,2.8701026488109282,1.3574442969557863,-4.901601307697979,-153.73498826223587,-118.92140709825615,-0.1920302093392287,-5.207513981477059,-15.050226699044249,67.1888248037023
 1.3658116069465944,2.884683826309042,1.3026652418283535,-4.8938963334022345,-153.89524357819826,-118.87366468808308,-0.190359188044294,-5.253226861670126,-14.317021375635195,65.50370092209978
 1.3775455861925652,2.899296701443406,1.2453469388384995,-4.884813735249806,-154.0544501558846,-118.82592227791001,-0.18870563904181867,-5.299258703013067,-13.567995506810663,63.833917984961104
 1.389902619179254,2.9139412610644015,1.1851194082568755,-4.873947544406628,-154.21261643507881,-118.77817986773694,-0.18706940189418966,-5.345609650078535,-12.799697092706037,62.17499094906067
 1.4029887346639,2.928617490555974,1.1215115370785345,-4.860714491857603,-154.36975080370252,-118.73043745756387,-0.18545031624519023,-5.392279831315389,-12.00771679021863,60.52065667742575
 1.4169443104266413,2.9433253738530727,1.0539073089600446,-4.844245000552441,-154.52586159738703,-118.68269504739081,-0.1838482219286802,-5.439269357676615,-11.186266789601794,58.86177787160571
 1.4319620482690656,2.958064893458878,0.9814740249471349,-4.8231820779484815,-154.68095709902298,-118.63495263721774,-0.18226295886350968,-5.486578327464029,-10.327487619193015,57.18432292663762
 1.4483192313522584,2.9728360304618335,0.9030367226330841,-4.795281798529608,-154.83504553838688,-118.58721022704466,-0.1806943672301863,-5.534206822983593,-9.420230768354939,55.465347928415305
 1.466441208012606,2.987638764552475,0.8168388232742435,-4.756539585852635,-154.9881350917589,-118.53946781687159,-0.17914228757668663,-5.582154908968232,-8.447729309077095,53.664204380406346
 1.4870436185720628,3.00247307404006,0.720027855224722,-4.699011689439588,-155.1402338816068,-118.49172540669852,-0.17760656073290337,-5.630422636829654,-7.38257251057847,51.70059083254693
 1.511521098026728,3.017338935869012,0.6073281301894352,-4.604221004209948,-155.29134997628816,-118.44398299652545,-0.17608702803326226,-5.679010039348857,-6.173678746671252,49.38800035135215
 1.5434721356739263,3.0322363256351537,0.4662568374347563,-4.415233530515683,-155.44149138976738,-118.39624058635238,-0.17458353122908615,-5.727917134908982,-4.69910915373313,46.15091407109346
 1.62074798433728,3.0471652176017576,0.19318962165838535,-3.533668287047444,-155.59066608137977,-118.3484981761793,-0.17458353122908615,-5.727917134908982,-1.9304180308941508,35.82867313305826