 0.0,0.0,0,0.0,-152.43369580294984,66.19405648154232,0.3323862341386487,3.008548180677268,0.0,0.0
 0.05744834813066266,0.008250781757354528,0.14362087032665663,2.4999999999999996,-152.43369580294984,66.01748450649191,0.3323862341386487,3.008548180677268,0.0,0.0
 0.08132764260371891,0.01653546362869559,0.34693997683595396,8.514451996842224,-152.59114925213413,65.84091253144149,0.32547817673376445,3.0724026109375155,-6.593722832219659,-276.12720466509427
 0.09970755716953238,0.024853992391788916,0.4525879994331281,5.748014889779677,-152.74596200060026,65.66434055639108,0.3187042491507265,3.1377052633115814,-8.42293079827901,-99.52211472525923
 0.11524983728504468,0.03320631248557318,0.5373934861364424,5.456437927577462,-152.898170299489,65.48776858134067,0.3120615016896525,3.20449653220764,-9.79317691854219,-88.16249032184014
 0.1289842875165948,0.041592366065408976,0.6105853120040986,5.329068483536632,-153.0478097873943,65.31119660629025,0.30554704448205594,3.272818435194282,-10.895193137148672,-80.23737390485284
 0.14143845736864571,0.05001209305705553,0.6760568622131017,5.256998337646841,-153.19491549790607,65.13462463123984,0.2991580455733511,3.342714711494558,-11.811763630920609,-73.59547080699227
 0.15292538207823017,0.0584654312094317,0.7359095986171894,5.210510029211545,-153.33952186730946,64.95805265618944,0.29289173131506174,3.414230902013094,-12.588780118208206,-67.64356056406206
 0.1636487899694486,0.06695231614616175,0.7914354301191974,5.178002372499416,-153.48166274235064,64.78148068113902,0.28674538528761206,3.4874144495716206,-13.255196154347775,-62.14591880677328
 0.173750028967989,0.07547268141594253,0.8434970473435932,5.153983311544117,-153.6213713880565,64.60490870608861,0.2807163477247675,3.5623147996370514,-13.830842506159456,-56.98769743937927
 0.18333189416114318,0.0840264585417815,0.8927048078228309,5.135509578489422,-153.7586804956525,64.4283367310382,0.27480201475614846,3.6389835092270766,-14.330102211633099,-52.10464720692817
 0.19247189620212132,0.09261357706910041,0.9395094759081613,5.120859697348755,-153.89362219057182,64.25176475598778,0.26899983770180225,3.7174743618564654,-14.763858291749587,-47.4568909472658
 0.20123018124799105,0.10123396461274832,0.9842551936252808,5.108958829585129,-154.0262280403544,64.07519278093737,0.2633073220970704,3.7978434934344203,-15.140618179027166,-43.01754114011807
 0.20965452239621524,0.10988754690296278,1.0272117591105145,5.099100894589104,-154.15652906274346,63.89862080588696,0.2577220274242537,3.8801495161057082,-15.467206289066592,-38.76719903588755
 0.21778360620604617,0.11857424783027547,1.0685953215056536,5.0908027722745,-154.28455573369385,63.72204883083654,0.2522415657670007,3.9644536655140925,-15.749212819723935,-34.691059565199545
 0.225649276080748,0.12729398948941406,1.1085822057169847,5.0837226642246955,-154.41033799538027,63.545476855786134,0.2468636011669916,4.050819947828384,-15.991296824060367,-30.77729019813533
 0.2332781106081038,0.13604669222221677,1.147318466722131,5.077611903396795,-154.53390526425417,63.36890488073572,0.24158584862899296,4.139315302096668,-16.19739796830001,-27.016072179911543
 0.2406925629591189,0.14483227465957352,1.184926683918056,5.072285236383783,-154.65528643899708,63.192332905685305,0.2364060736964913,4.230009763978589,-16.370888771885568,-23.399004454024805
 0.24791180186706407,0.15365065376243608,1.2215109120654593,5.06760180870872,-154.77450990855004,63.0157609306349,0.2313220908149104,4.322976662009069,-16.514686807463697,-19.91872514703339
 0.25495234445825976,0.16250174486190783,1.2571603658133077,5.063452608386841,-154.89160356000792,62.83918895558448,0.2263317634704526,4.418292795790234,-16.631339124952838,-16.56865447203114
 0.2618285406127025,0.171385461698444,1.2919522126774092,5.0597519446303725,-155.0065947865667,62.66261698053407,0.2214330022406632,4.516038665786393,-16.723087005670948,-13.34282482020691
 0.26855294931180174,0.1803017164601679,1.3259537248112625,5.05643152511059,-155.11951049530765,62.48604500548366,0.2166237648204224,4.616298681859693,-16.791916403899762,-10.2357547419795
 0.2751366350163889,0.18925041982035407,1.359223960820482,5.053436251678665,-155.23037711507305,62.309473030433246,0.21190205445230315,4.7191614191031315,-16.839597869650106,-7.242366645346312
 0.2815894039015497,0.19823148097407525,1.391815097294844,5.05072117944761,-155.339220604141,62.13290105538283,0.20726591930176733,4.8247198737196015,-16.867718494957437,-4.3579160834349375
 0.2879199942164721,0.2072448076740333,1.4237734952950514,5.048249280146188,-155.44606645792302,61.956329080332424,0.20271345182966846,4.933071737342116,-16.877707838745888,-1.5779482309733976
 0.29413623120290694,0.21629030626562484,1.4551405635484487,5.045989771922602,-155.5509397165788,61.77975710528201,0.19824278741045365,5.044319710504981,-16.87085915235227,1.1017415212064152
 0.30024515431308435,0.22536788172121963,1.4859534637899812,5.043916855034315,-155.65386497251555,61.603185130231594,0.19385210394256117,5.158571816668559,-16.848346931274445,3.685137408313513
 0.3062531225464949,0.2344774376736961,1.5162456921489507,5.042008742741555,-155.7548663778719,61.42661315518118,0.18953962070302213,5.275941759780336,-16.811241576588323,6.176023781181049
 0.3121659023335253,0.24361887644926022,1.5460475622000505,5.040246910001567,-155.85396765188895,61.25004118013077,0.18530359735805985,5.396549307500558,-16.760521715087094,8.578006171053886
 0.31798874137273353,0.25279209909953815,1.5753866092656563,5.038615504919633,-155.9511920881807,61.07346920508036,0.1811423334388567,5.5205206922960555,-16.697084641546045,10.894526383761123
 0.3237264310698047,0.26199700543298265,1.6042879311063467,5.037100883207958,-156.0465625619541,60.89689723002994,0.17705416742293276,5.647989056429722,-16.621755237491993,13.128873820503818
 0.32938335965595567,0.2712334940456117,1.6327744768143961,5.035691236723207,-156.1401015371354,60.720325254979535,0.17303747569010383,5.779094938895892,-16.535293623877205,15.28419747536805
 0.33496355763042795,0.28050146235108264,1.660867293215954,5.034376294546182,-156.23183107338616,60.54375327992912,0.16909067205912137,5.9139867848556245,-16.438401768248493,17.363515787784216
 0.3404707368395251,0.28980080661012303,1.6885857361748928,5.033147080659994,-156.3217728330444,60.367181304878706,0.16521220629474476,6.052821534360255,-16.331729228944937,19.369723637710806
 0.34590832424753737,0.2991314219593488,1.7159476527176618,5.031995716050714,-156.40994808797336,60.1906093298283,0.16140056422714488,6.195765205582947,-16.21587816667418,21.305599998273152
 0.35127949125416635,0.30849320243946493,1.7429695387542476,5.030915256076748,-156.49637772630794,60.014037354777884,0.1576542663268349,6.342993585260092,-16.091407738374766,23.17381458178316
 0.35658717925515826,0.31788604102287604,1.7696666762733169,5.0298995559045725,-156.58108225910993,59.83746537972747,0.15397186685814424,6.49469296180782,-15.958837969786787,24.976933188839993
 0.36183412201765636,0.32730982964072064,1.7960532531820268,5.028943158538888,-156.6640818269328,59.660893404677054,0.1503519537769667,6.651060893318407,-15.818653181444116,26.717422828513637
 0.36702286534184386,0.3367644592093432,1.8221424683987555,5.028041201250583,-156.74539620628994,59.48432142962665,0.14679314733136567,6.812307101384203,-15.671305030275528,28.397656612096927
 0.37215578440014435,0.3462498196562169,1.8479466243549636,5.027189336734227,-156.82504481599585,59.30774945457623,0.1432940992655852,6.978654425585053,-15.517215214429923,30.019919288699125
 0.3772350990803121,0.3557657999453323,1.873477208701144,5.02638366665189,-156.9030467234767,59.13117747952582,0.13985349291775578,7.150339824462405,-15.356777910494968,31.5864076233322
 0.3822628876059347,0.36531228810206867,1.8987449667156093,5.025620685057851,-156.97942065090834,58.95460550447541,0.1364700413963404,7.327615568722295,-15.190361933968067,33.09923949243582
 0.3872410986646708,0.37488917123755333,1.9237599656765112,5.024897230301973,-157.05418498130317,58.778033529424995,0.1331424877628924,7.510750450906822,-15.01831270564565,34.56045279970408
 0.39217156223904587,0.38449633557253454,1.9485316522592824,5.024210443723051,-157.1273577644974,58.60146155437458,0.12986960395972863,7.700031181353959,-14.84095401789999,35.97201055646005
 0.3970559993052684,0.39413366646076325,1.9730689038607858,5.02355773425487,-157.19895672302434,58.42488957932417,0.1266501899268203,7.895763919326212,-14.658589629924531,37.335804618420724
 0.40189603054119233,0.4038010484119175,1.9973800746161576,5.022936747789615,-157.26899925788777,58.24831760427376,0.12348307354710024,8.098275911625809,-14.471504717481794,38.653658070251
 0.40669318416421063,0.41349836511406135,2.0214730367635045,5.022345340733106,-157.33750245427763,58.071745629223344,0.1203671095008722,8.307917371669989,-14.279967199959376,39.92732619680131
 0.4114489030028688,0.42322549945566035,2.045355217917704,5.021781556989188,-157.4044830871369,57.895173654172936,0.11730117830802718,8.52506355370147,-14.084228931866617,41.15850300098619
 0.41616455089167403,0.43298233354717186,2.069033634736352,5.021243607874014,-157.46995762667277,57.71860167912252,0.1142841872712797,8.750116913604774,-13.884526809414279,42.34881975103002
 0.420841418466482,0.44276874874220157,2.0925149233954032,5.0207298546432355,-157.53394224376302,57.54202970407211,0.11131506759215153,8.983509794594122,-13.681083773871604,43.49984948013592
 0.4254807284276232,0.4525846256582522,2.1158053672352737,5.020238793042691,-157.59645281525817,57.3654577290217,0.10839277553914413,9.225707110331054,-13.4741097315666,44.61310928535022
 0.4300836403292177,0.46242984419707983,2.138910921892102,5.019769039860205,-157.65750492920512,57.188885753971284,0.10551629118197092,9.477209526587922,-13.263802404254767,45.69006138027074
 0.43465125494568535,0.472304283564648,2.1618372381872524,5.019319320963312,-157.71711388997576,57.01231377892087,0.10268461773073422,9.738556972790805,-13.050348108556534,46.73211591202606
 0.4391846182601147,0.48220782229070674,2.184589683014506,5.018888460767001,-157.77529472328146,56.83574180387046,0.09989678127341459,10.010332537772454,-12.83392246999575,47.74063395093875
 0.4436847251136794,0.4921403382480032,2.2071733584344733,5.018475372885338,-157.83206218115004,56.65916982882005,0.09715182994842453,10.293166896916661,-12.614691098634477,48.71692572979913
 0.4481525225505846,0.5021017086711306,2.229593119160656,5.018079051881269,-157.88743074677055,56.48259785376963,0.09444883410137617,10.587743189361715,-12.392810193933355,49.66225703706459
 0.4525889128889559,0.5120918101750174,2.251853588598854,5.017698565805273,-157.94141463923592,56.30602587871922,0.09178688469449425,10.894802708779418,-12.168427110313203,50.57784967193056
 0.4569947565445753,0.5221105187730891,2.2739591735838283,5.017333049660052,-157.99402781826618,56.129453903668804,0.08916509295217667,11.21515120873979,-11.941680899902474,51.46487895037535
 0.4613708746312819,0.5321577098950852,2.295914077939642,5.0169816994898815,-158.04528398879123,55.952881928618396,0.08658259142329791,11.549665857320562,-11.712702790347539,52.32448142807314
 0.4657180513592108,0.5422332584045514,2.317722314976251,5.016643767091352,-158.09519660543236,55.77630995356798,0.08403853104639991,11.899303659268787,-11.48161663648122,53.157754636861654
 0.4700370362497075,0.5523370386160221,2.339387719022272,5.016318555244834,-158.14377887696236,55.59973797851757,0.08153208280111088,12.265110440504715,-11.24853935861064,53.965754402945876
 0.4743285461837141,0.5624689243118897,2.360913956083576,5.016005413555421,-158.19104377066893,55.42316600346716,0.07906243559543338,12.648231647163671,-11.013581334633967,54.7495001968488
 0.47859326729864077,0.5726287887589707,2.382304533705904,5.015703734403718,-158.2370040165529,55.246594028416744,0.0766287973433059,13.049924240881454,-10.776846749278587,55.50998036584415
 0.4828318567471657,0.5828165047247891,2.4035628101145114,5.015412949703237,-158.28167211159322,55.07002205336633,0.07423039377608187,13.471570729053774,-10.538433972620178,56.24814093315394
 0.48704494433001333,0.5930319444935647,2.424692002692956,5.015132527618461,-158.32506032378942,54.89345007831592,0.07186646694448075,13.914695441651993,-10.298435848534051,56.964902667395464
 0.49123313401354596,0.6032749798819261,2.4456951958588786,5.014861969720305,-158.3671806962198,54.71687810326551,0.06953627705332209,14.380982738451412,-10.056940017778649,57.66114932781777
 0.49539700534192177,0.6135454822543603,2.466575348388681,5.014600808509429,-158.40804505101275,54.54030612821509,0.067239100261671,14.872298946719255,-9.814029197890646,58.33773446182683
 0.4995371147526035,0.6238433225383895,2.487335300236301,5.014348604908355,-158.44766499317535,54.363734153164685,0.06497422870991222,15.390717517627783,-9.569781431477498,58.99548591227475
 0.503653996803161,0.6341683712394964,2.5079777788894,5.014104946315716,-158.48605191442883,54.18716217811427,0.06274097079624359,15.938548404798857,-9.324270353645037,59.63519838981322
 0.5077481653165481,0.6445204984558017,2.528505405299277,5.013869444493022,-158.52321699695884,54.010590203063856,0.06053864969304129,16.5183730570546,-9.077565422255269,60.257639758377294
 0.5118201144513541,0.6548995738924931,2.5489206994197406,5.013641733871115,-158.55917121702444,53.83401822801345,0.05836660440338117,17.13308509586811,-8.829732119756272,60.86355558338858
 0.5158703197029337,0.6653054668760178,2.5692260853857416,5.013421469956778,-158.59392534858597,53.657446252963034,0.056224187562235725,17.78593952812709,-8.580832180775195,61.45366062226177
 0.5198992388407784,0.6757380463680519,2.5894238963592757,5.013208327715252,-158.62748996681734,53.48087427791262,0.05411076647400642,18.48061051732426,-8.33092377459197,62.02864779185408
 0.5239073127869996,0.6861971809792378,2.6095163790694333,5.01300200039982,-158.65987545156085,53.30430230286221,0.0520257225377616,19.221261161229897,-8.080061689992254,62.5891857200445
 0.5278949664403705,0.6966827389826998,2.6295056980684453,5.012802198133373,-158.69109199070385,53.1277303278118,0.04996845060438517,20.012627726188516,-7.828297504375454,63.13592089523082
 0.5318626094499819,0.70719458832736,2.649393939725891,5.012608646813192,-158.72114958351156,52.95115835276138,0.047938358247549225,20.86012196821787,-7.575679751156268,63.66947646429759
 0.535810636942206,0.7177325966510313,2.6691831159804495,5.012421087121188,-158.75005804387123,52.774586377710975,0.04593486723982772,21.76995515800582,-7.32225406652069,64.1904559010076
 0.5397394302043608,0.7282966312933202,2.68887516786643,5.012239273486269,-158.77782700350028,52.59801440266056,0.04395741060385376,22.749292696333885,-7.068063340603761,64.69944050390588
 0.5436493573281683,0.7388865593083263,2.7084719688313186,5.012062973134108,-158.80446591507726,52.421442427610145,0.04200543456973179,23.80644338627027,-6.813147849931289,65.19699283403295
 0.5475407738158509,0.749502247477152,2.727975327860039,5.011891965420336,-158.82998405529455,52.24487045255974,0.04007839672937476,24.951097888281232,-6.557545381760326,65.68365760386179
 0.5514140231514706,0.7601435623202264,2.7473869924182885,5.011726040906616,-158.8543905278877,52.06829847750932,0.03817576738055557,26.194627341252595,-6.301291365021231,66.15995887031987
 0.5552694373399101,0.7708103701094507,2.7667086512284262,5.011565000739468,-158.87769426658826,51.89172650245891,0.03629702656908596,27.550466099382813,-6.0444189810980795,66.62640415999587
 0.5591073374156912,0.7815025368801588,2.785941936888998,5.011408655984214,-158.89990403801605,51.7151545274085,0.0344416675866572,29.034598788921674,-5.7869592717960225,67.08348425399208
 0.5629280339236684,0.7922199284429169,2.805088428348405,5.011256826976735,-158.9210284445098,51.538582552358086,0.03260919258557661,30.666199335530635,-5.5289412413817,67.5316738389472
 0.566731827373457,0.8029624103951445,2.8241496532428165,5.011109342824848,-158.94107592691597,51.36201057730767,0.030799115591326778,32.46846478545008,-5.270391957605913,67.97143093828073
 0.5705190086693287,0.8137298481325839,2.8431270901069703,5.010966040849513,-158.96005476734183,51.18543860225726,0.029010961202247172,34.4697300109636,-5.011336649388172,68.40319698983716
 0.5742898595171615,0.8245221068606028,2.862022170466251,5.01082676609714,-158.97797309179043,51.00886662720685,0.027244262899428197,36.70497541781496,-4.751798777428507,68.82740326598373
 0.5780446528099167,0.8353390516053429,2.8808362808177144,5.010691370884498,-158.99483887281892,50.832294652156435,0.025498565080821767,39.21789311792019,-4.49180013744556,69.24446160181719
 0.5817836529930105,0.8461805472247291,2.899570764507282,5.0105597144063365,-159.01065993209014,50.65572267710602,0.023773421385540273,42.06378138774046,-4.23136092443607,69.65477407224708
 0.5855071164108314,0.8570464584193171,2.918226923509577,5.010431662361541,-159.02544394291638,50.479150702055605,0.022068395310860196,45.31367079091087,-3.970499818933104,70.0587265754927
 0.5892152916355832,0.8679366497430132,2.936806020116031,5.010307086472064,-159.0391984327273,50.3025787270052,0.020383059072536465,49.06034940296919,-3.7092340510475483,70.45669420949395
 0.5929084197795292,0.878850985613646,2.955309278537785,5.010185864274837,-159.0519307854734,50.12600675195478,0.018716993113484282,53.42738515405928,-3.447579463758407,70.84904100012251
 0.5965867347916506,0.889789330323408,2.973737886427957,5.0100678787551685,-159.06364824404375,49.94943477690437,0.017069787898745685,58.58303605948622,-3.185550593612955,71.23611471066907
 0.6002504637396524,0.9007515480491695,2.992092996328286,5.009953018041835,-159.07435791257188,49.77286280185396,0.015441042765965588,64.7624655378944,-2.9231607141644074,71.61825647381835
 0.6038998270781871,0.9117375028626608,3.010375727044583,5.009841175101455,-159.0840667587326,49.596290826803546,0.013830363357716247,72.30468022679095,-2.660421903785972,71.99579378794589
 0.6075350389041051,0.9227470587405311,3.0285871649556975,5.009732247587983,-159.09278161598098,49.41971885175313,0.012237365725410992,81.71693340205496,-2.3973450972674035,72.36904453350155
 0.6111563071994898,0.9337800795742927,3.0467283652589936,5.009626137454991,-159.10050918576243,49.243146876702724,0.010661672394684074,93.79391553041917,-2.133940142270981,72.73831528366283
 0.6147638340631767,0.9448364291801425,3.0648003531566763,5.0095227507780695,-159.1072560396664,49.06657490165231,0.009102913686647379,109.85493594944785,-1.8702158456166842,73.1039037599204
 0.618357815931415,0.9559159713086742,3.082804124986457,5.009421997614488,-159.11302862151598,48.890002926601895,0.007560728033996466,132.2623953015564,-1.6061800145941496,73.46609991439863
 0.6219384437882823,0.9670185696544759,3.10074064929923,5.009323791740152,-159.11783324949803,48.71343095155149,0.006034762928127452,165.70659227375708,-1.3418395248330144,73.82517824469117
 0.6255059033664288,0.9781440878656299,3.118610867886736,5.0092280503963496,-159.12167611814237,48.53685897650107,0.004524671274172662,221.01053079990885,-1.077200332663621,74.1814129557412
 0.6290603753386784,0.9892923895530971,3.1364156967627617,5.009134694275451,-159.12456330035192,48.36028700145066,0.003030110673036008,330.0209490361795,-0.8122675413061952,74.53506271136702
 0.6326020355009957,1.0004633383000072,3.1541560270992006,5.009043647155473,-159.1265007493443,48.18371502640025,0.0015507455778809263,644.8511053415267,-0.5470454260347886,74.88638184242797
 0.6361310549472817,1.0116567976708535,3.171832726120665,5.008954835901406,-159.12749430057846,48.007143051349836,0.00008624794857619428,11594.47866886442,-0.28153747784646593,75.23561494333654
 0.639647600236438,1.0228726312205842,3.189446637959242,5.008868190292316,-159.12754967363588,47.83057107629942,0.0013636781216540127,733.3108774870528,-0.015746436593774216,75.58299961962551
 0.6431518335521121,1.0341107025036087,3.2069985844713567,5.00878364280312,-159.12667247406398,47.65399910124901,0.0027993831155066974,357.2215587286618,0.25032567551270357,75.92876619155376
 0.6466439128555103,1.0453708750827113,3.224489366019095,5.008701128499103,-159.12486819519515,47.4774271261986,0.004221149851469209,236.9022743061209,0.5166775184913744,76.27313695868405
 0.6501239920316368,1.0566530125378788,3.241919762217822,5.00862058492797,-159.1221422199133,47.300855151148184,0.005629286676985873,177.64240078379467,0.7833084087754197,76.6163287643393
 0.6535922210293037,1.0679569784750447,3.2592905326523325,5.008541952159494,-159.1184998224158,47.12428317609778,0.007024087063806462,142.36725583211728,1.0502182814137506,76.95854939736861
 0.6570487459952269,1.0792826365347497,3.2766024175613175,5.0084651722922775,-159.11394616989952,46.947711201047355,0.008405840336479328,118.96490534804,1.3174076742230272,77.30000374463195
 0.6604937094025118,1.0906298504007235,3.2938561384943115,5.0083901897210445,-159.10848632424774,46.77113922599695,0.009774832212159672,102.30354632133965,1.5848776913767868,77.64088773429336
 0.6639272501738099,1.1019984838083912,3.311052398940828,5.00831695090526,-159.10212524369888,46.59456725094654,0.011131338214888304,89.83645817737238,1.8526299737011582,77.98139010393758
 0.6673495037994134,1.1133884005533072,3.328191884933045,5.0082454041362094,-159.0948677844252,46.41799527589612,0.01247563134891084,80.15626400240681,2.1206666915027887,78.32169883503822
 0.670760602450535,1.124799464499511,3.345275265624895,5.008175499771179,-159.08671870213897,46.24142330084571,0.013807979762654726,72.42189061607806,2.388990504143143,78.6619913651932
 0.6741606750880144,1.1362315395878175,3.362303193846426,5.00810718977895,-159.0776826536488,46.064851325795296,0.01512864390185734,66.09977777831298,2.6576045436724085,79.00244146795804
 0.6775498475666694,1.1476844898440417,3.3792763066367444,5.00804042792604,-159.06776419836606,45.88827935074488,0.016437882429317364,60.835086532586196,2.9265123994754836,79.34321947220316
 0.6809282427355038,1.1591581793871524,3.3961952257554278,5.007975169618936,-159.05696779984044,45.71170737569447,0.01773594558940705,56.38267184340364,3.1957180809477133,79.68448568587921
 0.6842959805339714,1.1706524724373728,3.413060558173617,5.007911371800653,-159.04529782718944,45.53513540064406,0.01902308154815484,52.5677187194204,3.465226020948668,80.02640232965341
 0.6876531780844779,1.1821672333242061,3.4298728965461907,5.007848992990463,-159.03275855655804,45.358563425593644,0.020299532593286724,49.26221800450277,3.7350410402522054,80.36912193708535
 0.6909999497813049,1.193702326494414,3.4466328196644436,5.007787992871713,-159.0193541725386,45.18199145054324,0.02156553656797052,46.37028143715264,4.005168333462086,80.71279360524814
 0.6943364073761173,1.2052576165199334,3.4633408928935494,5.007728332913167,-159.00508876956536,45.00541947549282,0.022821325847251685,43.81866359094239,4.275613451651108,81.05756195118731
 0.6976626600602154,1.2168329681057386,3.4799976685908645,5.007669975569466,-158.98996635325932,44.82884750044241,0.024067130019783563,41.550446570820206,4.546382293302053,81.40356953199067
 0.7009788145436786,1.2284282460976519,3.496603686509727,5.0076128846446935,-158.9739908417769,44.652275525392,0.025303172461550897,39.52073604681535,4.817481079991904,81.75095220736766
 0.7042849751315449,1.2400433154901012,3.5131594741879884,5.007557025215763,-158.95716606714365,44.475703550341585,0.02652967430102771,37.69364028571063,5.088916338489624,82.09984097381694
 0.7075812437971573,1.2516780414338295,3.529665547321779,5.007502363501723,-158.93949577651216,44.29913157529117,0.027746851225932956,36.04012548513516,5.360694902039585,82.45036770977804
 0.7108677202528073,1.263332289243558,3.5461224101248487,5.007448866635669,-158.92098363346315,44.12255960024076,0.028954915421693418,34.53645038972507,5.632823876518608,82.80265449983173
 0.714144502017792,1.2750059244055996,3.5625305556765405,5.007396503187156,-158.9016332192187,43.94598762519035,0.03015407441009239,33.163014271308754,5.905310646935311,83.15682580038259
 0.7174116844840032,1.2866988125854366,3.5788904662545185,5.007345242321268,-158.881448033898,43.76941565013993,0.031344532683983684,31.903490477335346,6.178162845031748,83.51299657066731
 0.720669360979151,1.298410819635244,3.595202613657862,5.0072950545088,-158.86043149768838,43.592843675089526,0.032526490567898615,30.744171367412456,6.451388356367137,83.87128425500369
 0.7239176228277332,1.3101418116013896,3.611467459517188,5.007245911047957,-158.8385869520662,43.41627170003911,0.03370014463113665,29.67346315410373,6.724995286862127,84.23179634191581
 0.7271565594098356,1.3218916547318735,3.6276854555939058,5.0071977840920265,-158.81591766088488,43.2396997249887,0.034865687772563436,28.681493579682705,6.998991986008916,84.5946477188936
 0.7303862582178704,1.3336602154837534,3.6438570440692875,5.007150646726003,-158.7924268116095,43.06312774993829,0.036023309296535015,27.75980384723253,7.273386984861286,84.95993439689606
 0.7336068049113268,1.345447360530513,3.6599826578230306,5.0071044728237055,-158.7681175163394,42.886555774887874,0.03717319543672938,26.901104095343364,7.548189044877799,85.32776766592549
 0.7368182833696288,1.357252956769416,3.6760627207023964,5.007059237092791,-158.7429928129919,42.70998379983746,0.038315528902224325,26.099078589045583,7.823407092319425,85.6982386819867
 0.7400207757431709,1.3690768713288106,3.6920976477820133,5.007014915036838,-158.71705566631667,42.53341182478705,0.03945048894652621,25.34822829079421,8.099050255207754,86.07145021346462
 0.7432143625026131,1.3809189715754133,3.7080878456144637,5.00697148282376,-158.6903089689939,42.35683984973664,0.04057825122547799,24.643743133319823,8.37512782256491,86.44749247563303
 0.746399122486506,1.3927791251215647,3.7240337124727576,5.006928917388139,-158.66275554268594,42.18026787468622,0.04169898868440026,23.981396948701146,8.651649244309395,86.8264557275926
 0.7495751329473099,1.4046571998324426,3.739935638584526,5.006887196380085,-158.63439813901493,42.003695899635815,0.04281287113252271,23.3574617526726,8.928624140559306,87.20843324294333
 0.7527501220946752,1.4165530638332688,3.746741626092782,2.1436254400755756,-158.6052394406414,41.8271239245854,0.04392006489889438,22.768636665315437,9.183873399291754,80.39374211539129
 0.7559375679045856,1.4284665855164742,3.7376389729243304,-2.8557828779864565,-158.57528206218922,41.650551949534986,0.04502073382704685,22.21198801071598,9.398553022942226,67.35161519703082
 0.7591434119803341,1.440397633548849,3.7216557482101194,-4.985652557190941,-158.54452855127153,41.47397997448458,0.04611503887091467,21.684899860958645,9.592952804638928,60.63918802766882
 0.7623678581552918,1.4523460768786682,3.7055800225834634,-4.9855772912278535,-158.5129813894176,41.297407999434164,0.047203137418024434,21.18503249358488,9.783745841049937,59.17079276831381
 0.7656111153117063,1.4643117847427907,3.689410764254921,-4.985499930698608,-158.48064299304403,41.12083602438375,0.04828518490206096,20.71028623020385,9.970962774134637,57.724973400405496
 0.7688733975469992,1.4762946266737467,3.6731469157757073,-4.985420422323968,-158.44751571435296,40.94426404933334,0.04936133323453749,20.25877208884449,10.154632953795735,56.301131052999374
 0.7721549243471109,1.4882944725068008,3.656787393187206,-4.985338711219697,-158.4136018422716,40.76769207428292,0.050431732021813835,19.828785566346564,10.334784430283454,54.89867597046314
 0.7754559207672616,1.5003111923869998,3.640331085136549,-4.985254740114364,-158.37890360334328,40.59112009923251,0.051496528676190534,19.418784638630427,10.511443973861297,53.51703579544609
 0.7787766176205232,1.5123446567762024,3.623776851952973,-4.985168449603089,-158.34342316260347,40.414548124182105,0.05255586685124652,19.027371441334758,10.684637083013488,52.155651902423614
 0.7821172516746194,1.5243947364600954,3.6071235246845736,-4.985079777888043,-158.3071626244634,40.23797614913168,0.053609888941965944,18.653274978475057,10.854387985302386,50.81397708939576
 0.7854780658573995,1.5364613025551959,3.5903699040923605,-4.984988660799555,-158.27012403355963,40.061404174081275,0.054658733770729315,18.295337835570518,11.020719649882626,49.49147900900804
 0.7888593094714581,1.5485442265158385,3.573514759600319,-4.984895031508839,-158.23230937559393,39.88483219903087,0.05570253853772258,17.952503175825377,11.183653791899836,48.187637631243845
 0.7922612384184078,1.560643380141156,3.556556828197738,-4.98479882061798,-158.19372057819643,39.708260223980446,0.056741437896744976,17.62380434947289,11.343210866319671,46.90194207697947
 0.7956841154333374,1.5727586355820393,3.5394948132930795,-4.984699955691932,-158.15435951168033,39.53168824893004,0.057775563693785253,17.308355575725297,11.499410099871762,45.63390179395745
 0.7991282103300366,1.5848898653481038,3.522327383514061,-4.984598361523553,-158.11422798992191,39.355116273879624,0.05880504566577686,17.005343481638963,11.652269453104097,44.38302596680332
 0.8025938002575892,1.5970369423146291,3.505053171453387,-4.984493959697428,-158.07332777110534,39.17854429882921,0.05983001166718004,16.714019806025767,11.801805658370824,43.14884576442911
 0.806081169968997,1.609199739729506,3.4876707723560294,-4.984386668409807,-158.03166055851943,39.0019723237788,0.060850586985664847,16.43369521210337,11.948034201709687,41.93089790867892
 0.8095906121025271,1.621378131220171,3.470178742743629,-4.984276402587483,-157.9892280013429,38.82540034872839,0.06186689473479375,16.16373351671719,12.090969322766446,40.72872998563541
 0.8131224274765284,1.6335719908005317,3.4525755989747866,-4.984163073309081,-157.94603169537845,38.64882837367797,0.0628790562026498,15.903546592320811,12.230624024812952,39.54190331537278
 0.8166769253985217,1.6457811928778994,3.4348598157348507,-4.9840465879359686,-157.90207318383293,38.472256398627565,0.06388718997081505,15.65259014298203,12.367010056051214,38.369984799929284
 0.820254423989411,1.6580056122599054,3.4170298244526434,-4.983926849786718,-157.8573539580366,38.29568442357715,0.06489141347370703,15.41035934446372,12.50013792044392,37.212555368083486
 0.8238552505237368,1.67024512416142,3.3990840116396384,-4.983803757812801,-157.81187545816837,38.119112448526735,0.06589184140330126,15.176385705771137,12.63001686827516,36.06920427661084
 0.8274797417869562,1.6824996042114784,3.3810207171456956,-4.983677206576651,-157.76563907401277,37.94254047347633,0.06688858643071716,14.950233714922271,12.756654878654004,34.93952700726386
 0.8311282444507958,1.694768928460189,3.362838232328031,-4.983547085732297,-157.71864614561179,37.76596849842591,0.06788175996185464,14.731497836266152,12.880058679062692,33.82313561992002
 0.8348011154678213,1.707052973385659,3.3445347981259204,-4.98341328003774,-157.67089796402288,37.5893965233755,0.06887147086053953,14.51980025263201,13.00023370479715,32.71964225734807
 0.8384987224864316,1.7193516159009083,3.326108603036883,-4.9832756689114905,-157.62239577196914,37.41282454832509,0.06985782622690992,14.31478839252502,13.11718411654782,31.628675292439084
 0.8422214442875946,1.7316647333607964,3.307557780987427,-4.983134126128145,-157.57314076455052,37.236252573274676,0.07084093157306451,14.116132831604729,13.230912770126105,30.549866375391858
 0.8459696712447273,1.7439922035689392,3.2888804090915986,-4.982988519488098,-157.52313408989318,37.05968059822426,0.07182089046741595,13.92352550200815,13.341421218413604,29.48285937627214
 0.8497438058082508,1.7563339047846513,3.2700745052900344,-4.982838710447895,-157.47237684985933,36.883108623173854,0.07279780452011955,13.736678002749715,13.448709678880054,28.42730132183897
 0.8535442630164435,1.7686897157298629,3.2511380258606937,-4.982684553984524,-157.4208701006337,36.70653664812344,0.07377177376968293,13.555319994365616,13.552777048672729,27.382855296551725
 0.8573714710343788,1.7810595155960727,3.232068862795414,-4.982525897708245,-157.368614853463,36.529964673073025,0.07474289654350776,13.379197840130548,13.65362084470601,26.349180802480383
 0.861225871722844,1.7934431840512821,3.2128648410294143,-4.982362581936642,-157.31561207520753,36.35339269802262,0.07571126923681627,13.208073383000796,13.751237232307941,25.325957390486312
 0.8651079212393198,1.8058406012469588,3.193523715517014,-4.982194438869189,-157.26186268907335,36.176820722972195,0.07667698715701629,13.041722648181743,13.845620955127387,24.312859075824036
 0.8690180906732455,1.8182516478249846,3.174043168141013,-4.982021292218781,-157.20736757514598,36.00024874792179,0.07764014314314924,12.879935037680792,13.936765362278587,23.30957997891506
 0.8729568667180105,1.8306762049246381,3.1544208044442885,-4.981842956723639,-157.15212757108924,35.82367677287138,0.0786008290712393,12.722512113627415,14.02466233899159,22.31580971196
 0.8769247523822844,1.843114154189561,3.1346541501717162,-4.981659237449238,-157.09614347270994,35.64710479782096,0.07955913496095826,12.569266879167628,14.109302312653348,21.331253171895177
 0.8809222677435572,1.855565377774754,3.1147406476078143,-4.981469929251629,-157.03941603461158,35.47053282277055,0.08051514923327563,12.420022933854488,14.19067419926034,20.355615739542834
 0.8849499507469838,1.8680297583535745,3.0946776516960934,-4.981274815980323,-156.98194597074885,35.293960847720136,0.08146895885854423,12.27461371804585,14.268765395349664,19.38861524675296
 0.8890083580529143,1.880507179124748,3.074462425922675,-4.981073669929092,-156.92373395505948,35.11738887266972,0.08242064931942476,12.132881847660009,14.34356172292166,18.429970659351085
 0.8930980659367884,1.8929975238193926,3.0540921379481727,-4.980866250820329,-156.8647806220636,34.940816897619314,0.08337030440731852,11.994678526233336,14.41504739943451,17.479408931557685
 0.8972196712454052,1.9055006767080525,3.033563854966945,-4.980652305137143,-156.80508656740142,34.7642449225689,0.08431800662559218,11.859862916831341,14.483205011744237,16.536666470036298
 0.9013737924139525,1.9180165226077508,3.012874538774022,-4.980431565061449,-156.74465234847588,34.587672947518485,0.08526383681355934,11.72830167362316,14.54801544623319,15.601479075685962
 0.9055610705485817,1.9305449468890543,2.9920210405161174,-4.980203747499895,-156.6834784849871,34.41110097246808,0.08620787470172124,11.599868381629802,14.609457867834294,14.673594546530833
 0.9097821705797715,1.9430858354831524,2.9710000951015516,-4.979968553041039,-156.62156545951902,34.23452899741766,0.08715019829339861,11.474443197861861,14.667509656393316,13.752763054671881
 0.9140377824922239,1.9556390748889492,2.949808315242429,-4.979725664624896,-156.55891371809955,34.05795702236725,0.08809088425154021,11.351912385673613,14.72214635835398,12.83874166269525
 0.9183286226376004,1.9682045521801814,2.9284421850979196,-4.979474746345877,-156.49552367078448,33.88138504731684,0.08903000786292903,11.232167939820966,14.773341622472701,11.931291398465358
 0.9226554351370191,1.98078215501254,2.9068980534858757,-4.979215442069289,-156.43139569217553,33.704813072266425,0.0899676431606646,11.115107219316569,14.821067152213443,11.03018209066225
 0.9270189933809408,1.9933717716308188,2.885172126627531,-4.978947373650384,-156.36653012201236,33.52824109721601,0.09090386273195711,11.000632645816617,14.865292620662261,10.135184630667643
 0.9314201016348417,2.0059732908760783,2.8632604603830054,-4.978670139527836,-156.30092726571485,33.3516691221656,0.09183873776767389,10.888651393812903,14.905985609276856,9.246077639314061
 0.9358595967599405,2.0185866021928267,2.8411589519354896,-4.978383312679959,-156.23458739491417,33.17509714711519,0.09277233818303876,10.779075094852212,14.943111532120113,8.36264525517029
 0.9403383500592282,2.0312115956362224,2.818863330874597,-4.9780864385717605,-156.1675107480067,32.998525172064774,0.09370473265619701,10.671819572539665,14.976633546253519,7.484675286476783
 0.9448572692601385,2.043848161879292,2.79636914962407,-4.977779033091758,-156.09969753070263,32.821953197014366,0.0946359885917277,10.566804604473818,15.006512462179918,6.611960647665889
 0.9494173006464379,2.056496192220176,2.7736717731559546,-4.977460579834873,-156.0311479165528,32.64538122196395,0.09556617187230038,10.463953723460254,15.032706651045542,5.744300125723692
 0.9540194313532954,2.0691555785893856,2.7507663679231205,-4.977130527541023,-155.96186204747832,32.46880924691354,0.09649534726616718,10.36319396044721,15.055171938355501,4.881497015389941
 0.958664691841078,2.0818262135570915,2.7276478899365184,-4.976788287202629,-155.891840034325,32.29223727186312,0.09742357838580652,10.264455654050256,15.07386148472551,4.023358091362667
 0.963354158565182,2.0945079903404245,2.704311071906809,-4.97643322848577,-155.82108195736097,32.115665296812715,0.09835092751172568,10.167672286372461,15.088725675420864,3.1696974453305455
 0.9680889568612405,2.1072008028108034,2.680750409356422,-4.976064676292637,-155.74958786684047,31.9390933217623,0.09927745570219587,10.072780299685716,15.099711972954667,2.3203306343479158
 0.9728702640673399,2.119904545501284,2.65696014560098,-4.97568190663285,-155.67735778348964,31.762521346711885,0.10020322276064567,9.979718939666132,15.106764789905025,1.475081321141719
 0.9776993129074937,2.132619113613937,2.632934255485375,-4.975284142050556,-155.6043916990613,31.585949371661478,0.10112828727235643,9.88843010172636,15.109825318313124,0.633774581580401
 0.9825773951636064,2.1453444030272353,2.608666427744672,-4.974870546779526,-155.53068957683632,31.409377396611063,0.10205270663885481,9.79885818745416,15.108831371718344,-0.203757653642504
 0.9875058656665938,2.1580803103034856,2.5841500458469664,-4.974440220925551,-155.4562513521662,31.23280542156065,0.10297653717539287,9.710949964230867,15.103717192793393,-1.037680741287227
 0.9924861466412325,2.1708267326962627,2.559378167152899,-4.973992194459461,-155.38107693295973,31.05623344651024,0.10389983387993527,9.624654464371728,15.094413264890392,-1.8681532127162033
 0.9975197324438554,2.183583568157888,2.5343435002096966,-4.973525420021065,-155.30516620022112,30.879661471459826,0.10482265053633336,9.539922859071213,15.08084608372609,-2.695331260118847
 1.0026081947372008,2.1963507153469206,2.5090383799698093,-4.973038765165079,-155.22851900856747,30.70308949640941,0.10574503993691682,9.456708329738769,15.062937924079355,-3.519365697208076
 1.0077531881527715,2.2091280736356773,2.4834547406975287,-4.972531003607242,-155.15113518673445,30.526517521358997,0.10666705359212031,9.374965993003409,15.040606582473936,-4.340402368219943
 1.0129564564980602,2.2219155431177837,2.4575840862954457,-4.972000805130008,-155.07301453809515,30.34994554630859,0.1075887418289836,9.294652795452688,15.013765090554879,-5.158583055467346
 1.018219839574138,2.234713024615743,2.4314174577419925,-4.971446724518554,-154.99415684116778,30.173373571258175,0.10851015400535756,9.215727405111103,14.98232140574774,-5.974044517119323
 1.0235452806786316,2.247520419688537,2.404945397290589,-4.97086718864777,-154.91456185013354,29.99680159620776,0.10943133810745964,9.13815016150143,14.946178067217668,-6.78691920929751
 1.0289348348802583,2.2603376306392553,2.378157909025167,-4.970260482274577,-154.83422929536178,29.820229621157353,0.11035234108905628,9.061882966243394,14.905231818157747,-7.597335053716259
 1.0343906781641872,2.27316456052275,2.3510444153112924,-4.969624731293505,-154.75315888389648,29.643657646106938,0.11127320877621978,8.986889216173212,14.859373197923212,-8.405413764288205
 1.0399151175629633,2.2860011131533136,2.3235937086046077,-4.9689578842635385,-154.6713502999924,29.467085671056523,0.11219398595328157,8.913133725513662,14.808486074117905,-9.211273784011548
 1.045510602406038,2.2988471931123957,2.295793897999912,-4.968257690681052,-154.58880320560925,29.290513696006116,0.11311471615453497,8.840582675677856,14.752447142327089,-10.015027001667464
 1.0511797368426992,2.311702705756337,2.267632349800585,-4.967521676186145,-154.50551724094404,29.1139417209557,0.11403544181211477,8.769203539787252,14.691125355332362,-10.816781235275013
 1.0569252938191869,2.324567557224135,2.2390956212677553,-4.966747114267445,-154.42149202493,28.937369745905286,0.11495620428155905,8.698965021067742,14.624381301568752,-11.61663769704886
 1.0627502307219165,2.337441654445248,2.210169386569656,-4.965930993096946,-154.33672715576108,28.76079777085488,0.11587704386598847,8.629836994776097,14.552066500357379,-12.414692625680885
 1.0686577069362133,2.3503249051474127,2.1808383537771747,-4.965069977175144,-154.25122221139588,28.584225795804464,0.11679799956130392,8.56179047377544,14.474022622089073,-13.211035548383562
 1.0746511036153596,2.3632172178644995,2.1510861715435636,-4.964160362876035,-154.16497675008375,28.40765382075405,0.11771910953087901,8.494797522552522,14.390080605247075,-14.005750217413269
 1.0807340460099069,2.3761185019444,2.1208953238593162,-4.963198025894621,-154.07799031087995,28.231081845703635,0.11864041057290155,8.42883124873818,14.30005966878365,-14.798913194397777
 1.0869104287746416,2.3890286675569388,2.0902470109611113,-4.9621783599937075,-153.9902624141609,28.054509870653227,0.11956193848096018,8.363865731059944,14.203766194666763,-15.59059368319827
 1.0931844447534993,2.401947625701817,2.0591210141020806,-4.961096204396003,-153.90179256214194,27.877937895602813,0.1204837280635618,8.299875975554516,14.10099246114397,-16.380853008522767
 1.0995606178451938,2.414875288216586,2.0274955414257185,-4.95994575767666,-153.81258023941447,27.701365920552398,0.1214058129510884,8.236837888502727,13.991515199558146,-17.169744298257488
 1.1060438406798514,2.4278115677846497,1.9953470516098326,-4.958720475259374,-153.72262491343355,27.52479394550199,0.12232822546596119,8.174728246002866,13.875093957906808,-17.95730990904411
 1.1126394179966208,2.440756377943307,1.9626500512312453,-4.957412946316993,-153.631926035095,27.348221970451576,0.12325099717444785,8.113524619882897,13.751469201634274,-18.743583819147243
 1.1193531168135922,2.4537096330918025,1.9293768608969306,-4.956014745583207,-153.54048303920436,27.17164999540116,0.12417415827714609,8.05320538407102,13.620360159662113,-19.52858558991876
 1.126191224737275,2.4666712484994378,1.895497344045222,-4.954516253592872,-153.44829534505055,26.995078020350753,0.1250977380512229,7.993749651896479,13.481462296683981,-20.31232389548547
 1.1331606180865212,2.4796411403136878,1.8609785908629555,-4.95290643711474,-153.35536235691416,26.81850604530034,0.12602176456232808,7.935137263574961,13.334444402746039,-21.09479068990157
 1.1402688419290972,2.492619225568359,1.8257845478833679,-4.951172579679733,-153.26168346460355,26.641934070249924,0.12694626474179616,7.877348750937743,13.17894517467549,-21.87596107190105
 1.1475242046807825,2.5056054221917834,1.7898755813977425,-4.949299947447006,-153.16725804399917,26.465362095199517,0.12787126455873368,7.820365298261997,13.014569200201425,-22.655789944600738
 1.1549358906430787,2.5185996490150315,1.7532079596128134,-4.947271372729547,-153.0720854575669,26.288790120149102,0.12879678869204475,7.7641687355343665,12.840882211738034,-23.434207729112032
 1.1625140948216184,2.531601825780166,1.7157332342607485,-4.945066729422177,-152.97616505494605,26.112218145098687,0.129722860949268,7.708741486907847,12.65740541703732,-24.211117882029505
 1.1702701856670774,2.544611873148522,1.677397496700716,-4.942662266839886,-152.87949617343125,25.935646170048273,0.13064950365105357,7.6540665831449255,12.463608722610823,-24.986387896676163
 1.178216903150828,2.557629712709019,1.6381404758776772,-4.940029754840415,-152.78207813856423,25.759074194997865,0.131576738433256,7.600127590237106,12.258902504865508,-25.75984589409334
 1.1863686020318411,2.570655266986506,1.5978944349657467,-4.937135375016306,-152.68391026468353,25.58250221994745,0.13250458549169505,7.546908631797325,12.04262759378367,-26.53126841885502
 1.1947415535956756,2.5836884594501353,1.5565828088536657,-4.9339382650342305,-152.58499185543104,25.405930244897036,0.13343306408653371,7.494394338059135,11.814042933170251,-27.300368199996836
 1.2033543240216493,2.596729214521765,1.5141185038791345,-4.930388582803806,-152.48532220436908,25.229358269846628,0.13436219222932533,7.442569843555621,11.572310201302052,-28.066779899206267
 1.212228254599108,2.6097774575844013,1.4704017513705643,-4.926424894467605,-152.3849005954926,25.052786294796213,0.13529198680129223,7.391420760704274,11.31647447542005,-28.83003463334135
 1.2213880794543335,2.6228331149906587,1.425317362788837,-4.921970593794512,-152.28372630381403,24.8762143197458,0.13622246366539525,7.3409331551682335,11.045439544715393,-29.58953200399247
 1.2308627322197245,2.6358961140712664,1.3787311687373005,-4.916928905479906,-152.18179859592848,24.69964234469539,0.13715363745516776,7.291093539731135,10.757935980289743,-30.34449615671824
 1.2406864174869985,2.648966383143587,1.3304853236556617,-4.9111757725343805,-152.0791167305685,24.523070369644977,0.13808552164380114,7.241888853340849,10.452479142634212,-31.09391530214354
 1.250900061728596,2.662043851520184,1.280391999883455,-4.904549501361141,-151.97567995920735,24.346498394594562,0.1390181286096724,7.19330644140482,10.127312927140258,-31.836454041510496
 1.2615533221540707,2.6751284495174072,1.2282247382157911,-4.896835295879758,-151.87148752659687,24.169926419544154,0.13995146956584073,7.145334044024067,9.780332822928646,-32.57032029198216
 1.27270744056129,2.6882201084640145,1.1737062911340412,-4.887741468340885,-151.76653867139197,23.99335444449374,0.14088555453666218,7.097959782241361,9.40897804500506,-33.293063993585996
 1.2844394220645847,2.7013187607098184,1.1164910413577838,-4.8768615736556695,-151.66083262669392,23.816782469443325,0.1418203922919591,7.05117214695998,9.010075976369796,-34.001252774157244
 1.296848378353467,2.714424339634366,1.0561386968773219,-4.8636116588253415,-151.5543686206722,23.64021049439291,0.14275599067253497,7.004959969027706,8.579610044810778,-34.6899385844958
 1.3100655874451252,2.7275367796556553,0.9920732834259866,-4.847121128753938,-151.44714587716118,23.463638519342503,0.14369235612944284,6.959312429251051,8.112358877540075,-35.35172698187833
 1.3242713383347289,2.7406560162388622,0.9235158834728067,-4.826031406995395,-151.33916361622408,23.287066544292088,0.144629493964536,6.914219033672383,7.6013061031579845,-35.97506237815983
 1.3397251652549385,2.753781985905117,0.8493669389482776,-4.798095960785061,-151.230421054786,23.110494569241673,0.14556740830664772,6.869669602782455,7.036610543106072,-36.540823380999434
 1.3568253607510319,2.7669146262402937,0.7679818829075233,-4.759305591526534,-151.1209174072383,22.933922594191266,0.1465061020887434,6.825654261105576,6.403648868970913,-37.01487940765129
 1.3762423311488636,2.7800538759038425,0.6766889681727057,-4.701707468483966,-151.01065188604454,22.75735061914085,0.14744557706750644,6.7821634252356064,5.67882213005105,-37.32954853764426
 1.3992831234411272,2.793199674637634,0.5705445614474699,-4.606803680135438,-150.899623702356,22.580778644090437,0.14838583367726346,6.739187799928274,4.818765877500932,-37.32754679789817
 1.4293217382088776,2.806351963274849,0.4378460437974379,-4.417597771269311,-150.78783206664872,22.40420666904003,0.149326871339551,6.696718353698864,3.7215975693819674,-36.52526311888677
 1.50187163958449,2.819510683748877,0.18137475343903195,-3.535101847080096,-150.67527618932175,22.227634693989614,0.149326871339551,6.696718353698864,1.5514270204756837,-29.912798057032052
 1.50187163958449,-0.0,0,-0.0,-150.62309782635944,22.05106271893923,0.31185022806564744,3.2066675282003976,0.0,0.0
 1.5744275252445574,-0.013160891359791933,-0.18138971415016847,-2.4999999999999996,-150.62309782635944,22.229143696828494,0.31185022806564744,3.2066675282003976,0.0,0.0
 1.604452752157529,-0.026307211641806175,-0.43784249558276556,-8.541243740669438,-150.85812269896255,22.407224674717753,0.30993377583560877,3.2264957160732544,-7.827580230594645,-260.70011904599403
 1.6274729082128432,-0.039439196702629284,-0.5704559530034797,-5.760754058402664,-151.0914465837305,22.585305652607016,0.30798882900446184,3.246871009031022,-10.135634363524673,-100.26231478987782
 1.646864159254113,-0.052557076900364916,-0.6764844707449404,-5.467853389954255,-151.3230553405882,22.763386630496274,0.3060159559634364,3.2678034609394118,-11.943982178600825,-93.25586117303655
 1.6639346854868304,-0.06566107711786026,-0.7676389139299084,-5.339873062041877,-151.55293515196792,22.941467608385537,0.30401572295745477,3.2893035605923058,-13.466474802582686,-89.18838255049408
 1.6793556296083865,-0.07875141678700649,-0.8488675898155914,-5.267425602829204,-151.78107252002715,23.1195485862748,0.30198869355280533,3.3113822515515516,-14.793994859259652,-86.08552409066176
 1.693525817638706,-0.0918283099140929,-0.922845420195282,-5.220666812705827,-152.00745426367791,23.29762956416406,0.2999354281570178,3.334050952715378,-15.975916703885739,-83.40904454458638
 1.7067051965093185,-0.10489196510619253,-0.9912193374476128,-5.187946861804795,-152.23206751542253,23.47571054205332,0.29785648359420375,3.357321579618151,-17.04277978118106,-80.94942013346471
 1.7190743887370417,-0.1179425855985657,-1.0550907651934498,-5.163750920022258,-152.45489971799938,23.65379151994258,0.2957524125495438,3.3812065686276767,-18.015097386667737,-78.60801154884001
 1.730764950350042,-0.13098036928303877,-1.115240149795259,-5.14512361278876,-152.67593862085747,23.831872497831842,0.29362376330001416,3.4057188994551373,-18.90746656792743,-76.3324475590081
 1.7418762301550565,-0.14400550873736317,-1.1722447533402964,-5.1303364279703,-152.89517227647423,24.009953475721105,0.2914710791045426,3.430872123135509,-19.730729444668313,-74.0925340003891
 1.7524854390892246,-0.15701819125549824,-1.2265459751882537,-5.118310157232807,-153.11258903645344,24.188034453610364,0.2892948979258487,3.4566803879697776,-20.49321125904369,-71.86980849436655
 1.762654000091355,-0.17001859887883142,-1.278490400029002,-5.10833586284872,-153.32817754756888,24.366115431499626,0.28709575197915016,3.483158469278303,-21.201476892378654,-69.65249391595961
 1.7724317315628029,-0.18300690842828277,-1.3283561312129442,-5.099928478252513,-153.54192674754043,24.54419640938889,0.2848741672728262,3.510321801282502,-21.860817163546795,-67.43284708661729
 1.7818597047139075,-0.19598329153728752,-1.376370392769328,-5.092744833576192,-153.75382586075673,24.722277387278147,0.2826306635444856,3.538186506230247,-22.475574529129382,-65.20567631342387
 1.790972255070264,-0.20894791468563365,-1.42272170153798,-5.086535267958128,-153.96386439384148,24.90035836516741,0.28036575346238435,3.566769434748978,-23.04936871358139,-62.96746377393155
 1.799798435448249,-0.2219009392341149,-1.4675685283738322,-5.0811137904810435,-154.1720321310368,25.078439343056672,0.2780799426444921,3.5960881985596416,-23.585257527089333,-60.71582389643952
 1.8083630890312945,-0.23484252146000795,-1.5110456132764092,-5.076338988029075,-154.3783191295527,25.25652032094593,0.27577372925624816,3.6261612108483434,-24.085854321566224,-58.449158465424354
 1.8166876573430017,-0.24777281259331904,-1.5532686680132926,-5.072101417860107,-154.58271571474805,25.434601298835194,0.2734476036238217,3.6570077292602168,-24.553415569655904,-56.16642576313876
 1.824790799037005,-0.2606919588537971,-1.594337943027571,-5.0683150517622115,-154.78521247519566,25.612682276724453,0.27110204791060954,3.6886479010653948,-24.989907383387575,-53.8669852033687
 1.832688870991009,-0.2736001014886858,-1.634340977147582,-5.064911329369626,-154.98580025768297,25.790763254613715,0.26873753605400735,3.721102807904859,-25.39705685836646,-51.550489454895484
 1.8403963074072034,-0.2864973768111961,-1.6733547480730773,-5.061834936908682,-155.18447016208876,25.968844232502978,0.2663545333020419,3.754394519225305,-25.776392262979968,-49.21680622839372
 1.8479259221701336,-0.29938391623966126,-1.711447376020887,-5.0590407540299305,-155.38121353618035,26.146925210392236,0.26395349605410284,3.7885461452460887,-26.129274907952652,-46.86596274619402
 1.8552891526408695,-0.3122598463373904,-1.7486794891050577,-5.056491608152783,-155.57602197033737,26.3250061882815,0.2615348715578566,3.8235818957655923,-26.456924705979066,-44.49810437532994
 1.8624962581856872,-0.32512528885314723,-1.7851053291439465,-5.054156597592962,-155.76888729217796,26.503087166170758,0.25909909777684226,3.8595271406976623,-26.760440878968243,-42.11346304029425
 1.8695564833092675,-0.3379803607622854,-1.8207736558149368,-5.052009822160107,-155.95980156113177,26.68116814406002,0.25664660313653104,3.8964084767879017,-27.040818899129533,-39.71233427456237
 1.8764781928151955,-0.3508251743084736,-1.8557284923887123,-5.050029410196918,-156.14875706294168,26.859249121949283,0.25417780642171295,3.9342537968908045,-27.298964460742088,-37.29505859664778
 1.8832689846439612,-0.36365983704603344,-1.8900097457254421,-5.048196764258769,-156.33574630411326,27.03733009983854,0.2516931163674297,3.973092369122117,-27.535705096936752,-34.86200757794303
 1.8899357847372373,-0.3764844518828317,-1.923653725530547,-5.046495970238601,-156.520762006313,27.215411077727804,0.24919293170948348,4.012954914651551,-27.751799905673796,-32.41357258559217
 1.8964849273099438,-0.3892991171237294,-1.9566935821954987,-5.0449133299748485,-156.70379710067218,27.393492055617067,0.24667764101101572,4.053873694841048,-27.947947739293074,-29.950154763271424
 1.9029222231843983,-0.4021039265145676,-1.9891596783133978,-5.0434369883068175,-156.88484472214938,27.571573033506326,0.2441476223805544,4.095882606799643,-28.12479416950069,-27.472161239224885
 1.909253018288358,-0.41489896928666076,-2.0210799057594406,-5.042056632993529,-157.06389820375543,27.749654011395588,0.24160324345528628,4.139017281798499,-28.28293739819058,-24.9799947862755
 1.915482243994864,-0.42768433020178726,-2.052479957785606,-5.040763251421427,-157.24095107077605,27.92773498928485,0.23904486133925854,4.183315191957942,-28.42293334076765,-22.47405202075932
 1.9216144606536076,-0.44046008959765337,-2.0833835636987232,-5.0395489319597155,-157.41599703502249,28.10581596717411,0.2364728222943808,4.228815769598748,-28.545300009393,-19.95472036215017
 1.9276538954072635,-0.4532263234338244,-2.113812692229718,-5.038406700656016,-157.58902998897062,28.283896945063372,0.2338874617888697,4.275560529630701,-28.65052128320338,-17.422371149334634
 1.933604475184509,-0.46598310333808224,-2.143787728556972,-5.037330386171305,-157.760043999941,28.461977922952634,0.2312891044440367,4.323593203422873,-28.739050205548153,-14.877360804958975
 1.9394698556015233,-0.4787304966532252,-2.1733276290426278,-5.03631450740445,-157.92903330425858,28.640058900841893,0.22867806389860676,4.3729598849646925,-28.81131185069657,-12.320027007762233
 1.9452534463759967,-0.4914685664842521,-2.2024500570213417,-5.0353541794917005,-158.0959923013798,28.818139878731156,0.22605464261136904,4.423709190167752,-28.867705830452845,-9.750686373797517
 1.9509584337550456,-0.5041973717459672,-2.2311715024051653,-5.034445034760372,-158.26091554804793,28.99622085662042,0.22341913207816247,4.475892421111694,-28.908608505222812,-7.169634576261213
 1.9565878003753432,-0.5169169672109324,-2.259507387403525,-5.033583155907851,-158.42379775240917,29.174301834509677,0.22077181264757675,4.5295637518559655,-28.934374921316685,-4.577143013029648
 1.9621443429062482,-0.5296274035577981,-2.287472160281543,-5.032765019340682,-158.58463376816573,29.35238281239894,0.21811295329717353,4.584780430887681,-28.9453405354137,-1.9734599413253249
 1.9676306877714114,-0.5423287274199673,-2.3150793787716943,-5.031987446769908,-158.74341858871597,29.530463790288202,0.21544281202680457,4.641602987783059,-28.941822734926276,0.6411920092300171
 1.9730493051988964,-0.5550209814346033,-2.3423417845033216,-5.031247563879198,-158.9001473413145,29.70854476817746,0.2127616353993373,4.700095475968102,-28.924122194629682,3.2666156143098264
 1.9784025218122587,-0.5677042042919391,-2.3692713696054257,-5.030542764677899,-159.05481528122627,29.886625746066724,0.21006965882414977,4.760325720513044,-28.89252408088446,5.902640604220857
 1.9836925319438412,-0.5803784307849038,-2.3958794364678058,-5.029870680875361,-159.20741778593424,30.064706723955986,0.2073671064113953,4.822365597444859,-28.847299137841976,8.54912219779715
 1.9889214078254907,-0.5930436918590314,-2.4221766515008962,-5.029229155233794,-159.3579503493316,30.242787701845245,0.20465419095184317,4.886291335393705,-28.788704647904257,11.205943928283046
 1.9940911087901054,-0.6057000146626446,-2.448173093616529,-5.028616218534045,-159.50640857593763,30.420868679734504,0.20193111410294023,4.952183839733688,-28.71698529996355,13.873016724102618
 1.999203489599071,-0.6183474225973138,-2.4738782980504905,-5.028030069450909,-159.6527881751859,30.598949657623766,0.19919806621775496,5.020129055403791,-28.6323739795665,16.550277367576534
 2.0042603079951378,-0.6309859353685592,-2.499301296063078,-5.0274690568997915,-159.79708495565362,30.77703063551303,0.1964552263713591,5.0902183590153065,-28.535092456544074,19.237693625321757
 2.0092632315671723,-0.6436155690368018,-2.5244506509832974,-5.026931664676831,-159.93929481943306,30.955111613402288,0.19370276253552754,5.162548984383159,-28.425352043026262,21.935256842866483
 2.014213844002022,-0.6562363360685406,-2.549334491000574,-5.026416497907884,-160.0794137564175,31.13319259129155,0.19094083144803178,5.237224497329002,-28.303354146261363,24.64299081586307
 2.0191136507892087,-0.6688482453877561,-2.5739605390556255,-5.025922270945483,-160.21743783872773,31.311273569180813,0.18816957869201495,5.314355311581698,-28.169290811872923,27.360943035350346
 2.0239640844359807,-0.6814513024275176,-2.5983361401405323,-5.025447797049771,-160.35336321509413,31.48935454707007,0.18538913886041933,5.394059253670229,-28.02334518210586,30.089192100213825
 2.0287665092432494,-0.6940455091818021,-2.6224682862756095,-5.02499197875079,-160.48718610534095,31.667435524959334,0.18259963547267063,5.47646219233372,-27.865691940512086,32.8278417509351
 2.0335222256868644,-0.7066308642574952,-2.646363639402855,-5.024553799738664,-160.6189027948682,31.845516502848596,0.17980118096133504,5.5616987310836565,-27.696497696804865,35.57702518920828
 2.0382324744434794,-0.7192073629265802,-2.6700285524034166,-5.024132317285045,-160.7485096291812,32.023597480737855,0.17699387697366883,5.649912963648843,-27.515921347252473,38.33690297116263
 2.0428984400957058,-0.7317749971785071,-2.6934690884254886,-5.023726655786026,-160.8760030085128,32.201678458627114,0.17417781418459582,5.7412593256003746,-27.324114413651827,41.107660856681036
 2.0475212545473243,-0.7443337557727228,-2.716691038685097,-5.023336000751357,-161.00137938242193,32.37975943651638,0.17135307245719744,5.835903527494621,-27.12122132983797,43.889514912897084
 2.052102000175893,-0.7568836242913639,-2.7396999388855567,-5.022959593512079,-161.1246352444725,32.55784041440564,0.16851972089598458,5.9340235948837705,-26.90737972479018,46.68270678775598
 2.056641712747096,-0.7694245851921079,-2.7625010843850157,-5.022596726518726,-161.2457671269939,32.7359213922949,0.16567781799083656,6.0358110224225,-26.682720683635843,49.48750336737993
 2.0611413841125366,-0.7819566178611654,-2.785099544226614,-5.022246738987517,-161.36477159582236,32.914002370184164,0.1628274115168064,6.141472069626212,-26.447368966204092,52.304201422211676
 2.065601964710405,-0.7944796986664232,-2.80750017413488,-5.0219090131386075,-161.4816452451583,33.09208334807342,0.15996853881859552,6.251229194097978,-26.20144323628778,55.13312101878433
 2.070024365886392,-0.8069938010107089,-2.8297076285695493,-5.021582970638646,-161.59638469243595,33.27016432596268,0.15710122672210022,6.365322670388321,-25.945056251490325,57.97461030663429
 2.0744094620504665,-0.8194988953852049,-2.8517263719197,-5.0212680694532965,-161.7089865732663,33.44824530385195,0.15422549166323007,6.484012397792321,-25.6783150510682,60.82904238393271
 2.078758092683529,-0.831994949422974,-2.873560688912534,-5.020963801070732,-161.8194475364231,33.62632628174121,0.15134133987805423,6.60757993028056,-25.40132112324973,63.69681658232772
 2.0830710642065777,-0.8444819279526139,-2.8952146943028434,-5.020669687845196,-161.92776423889526,33.804407259630466,0.1484487672785122,6.7363307781724435,-25.114170565078485,66.5783570878469
 2.0873491517237808,-0.8569597930520328,-2.9166923419034703,-5.020385280633218,-162.03393334099783,33.98248823751973,0.14554775955447571,6.870596998957716,-24.816954229110824,69.47411308733075
 2.09159310064974,-0.8694285041023326,-2.9379974330113274,-5.020110156731224,-162.13795150150446,34.16056921540899,0.1426382925879569,7.01074011653187,-24.50975785084538,72.38456061202461
 2.0958036282302652,-0.8818880178418121,-2.9591336242775594,-5.019843917896076,-162.23981537290592,34.33865019329825,0.13972033220172198,7.157154468801611,-24.192662190988937,75.31019659462885
 2.099981424965091,-0.8943382884200717,-2.9801044350659263,-5.019586188469548,-162.33952159665412,34.516731171187516,0.13679383418410918,7.310271007201334,-23.865743136101745,78.25154636222267
 2.1041271559402093,-0.9067792674522351,-3.000913254340834,-5.019336613928382,-162.4370667985084,34.694812149076775,0.13385874485252747,7.470561606577909,-23.529071818621745,81.2091569618554
 2.1082414620767596,-0.9192109040732653,-3.021563347119993,-5.019094859206425,-162.53244758392935,34.872893126966034,0.1309150005917979,7.638544058965938,-23.18271471674167,84.1835999521691
 2.1123249613028334,-0.9316331449923978,-3.042057860526555,-5.018860607515303,-162.62566053354558,35.0509741048553,0.12796252833704175,7.814787758538893,-22.826733753502534,87.17546974568441
 2.1163782496539545,-0.9440459345476616,-3.0623998294694887,-5.018633558924421,-162.7167021986405,35.22905508274456,0.12500124531366508,7.99992030071944,-22.461186377162647,90.18538645018415
 2.12040190230751,-0.9564492147605187,-3.0825921819811795,-5.018413429362313,-162.8055690967588,35.40713606063382,0.12203105962555914,8.194635063142172,-22.086125659922914,93.21398975837035
 2.1243964745559447,-0.9688429253905918,-3.1026377442361484,-5.018199949399263,-162.89225770731485,35.585217038523076,0.11905186977008302,8.399700079731916,-21.701600362850538,96.26194574976472
 2.1283625027231325,-0.9812270039905037,-3.122539245275276,-5.017992863433898,-162.97676446730927,35.76329801641234,0.11606356526287906,8.615968307840987,-21.30765502210816,99.32994021615515
 2.1323005050279495,-0.9936013859608187,-3.142299321455267,-5.017791928618576,-163.05908576708217,35.9413789943016,0.11306602626312336,8.844389716791094,-20.904330013265163,102.41868277976094
 2.136210982398752,-1.0059660046050738,-3.1619205206443315,-5.017596914271125,-163.13921794612935,36.11945997219086,0.11005912426074857,9.086025413311775,-20.491661617960112,105.5289050861806
 2.1400944192421703,-1.0183207911849397,-3.1814053061798186,-5.0174076008237725,-163.21715728898155,36.29754095008012,0.10704272123194167,9.342064443907269,-20.06968208696215,108.66136054539272
 2.143951284169323,-1.030665674975463,-3.2007560606062957,-5.017223779408683,-163.2929000211652,36.475621927969385,0.10401667082897287,9.613843550561507,-19.638419704675613,111.81682284241424
 2.147782030682337,-1.043000583320433,-3.2199750892066867,-5.017045250866892,-163.36644230519204,36.653702905858644,0.10098081774294534,9.902870885296048,-19.19789883695216,114.99608920269506
 2.151587097823818,-1.0553254416878497,-3.2390646233429154,-5.016871825498751,-163.437780236634,36.8317838837479,0.09793499821884606,10.2108543236545,-18.748139990552065,118.19997642012667
 2.155366910791715,-1.0676401737255097,-3.258026823616389,-5.016703322235007,-163.50690984027037,37.00986486163717,0.09487903949433327,10.539735702738916,-18.28915986678083,121.42932141604267
 2.159121881521821,-1.079944701316701,-3.276863782861429,-5.0165395682072464,-163.5738270662453,37.18794583952643,0.09181276081539101,10.891732163579219,-17.820971396224767,124.68498537211383
 2.162852409240015,-1.092238944636026,-3.295577528982101,-5.016380398248658,-163.63852778637835,37.36602681741569,0.08873597281738721,11.269386791509394,-17.343583809210138,127.9678434464852
 2.16655888098614,-1.1045228222053374,-3.314170027642968,-5.016225654575046,-163.7010077904379,37.54410779530495,0.085648478066538,11.67563070091131,-16.857002653498824,131.27879801595287
 2.170241672111325,-1.116796250949806,-3.3326431848212192,-5.016075185996869,-163.7612627825638,37.72218877319421,0.08255007072164108,12.113860003488076,-16.361229860095442,134.6187651026372
 2.173901146750392,-1.1290591462541126,-3.3509988492318423,-5.015928848000668,-163.81928837769766,37.90026975108347,0.07944053704993428,12.588031716998913,-15.856263769239643,137.98868434965812
 2.177537658270877,-1.1413114220187814,-3.369238814630696,-5.015786502010694,-163.87508009810225,38.07835072897274,0.07631965537528963,13.102784532800376,-15.342099176719852,141.38951289538457
 2.1811515497000906,-1.1535529907166455,-3.3873648220049044,-5.0156480152342064,-163.92863336992957,38.256431706861996,0.07318719620876185,13.663592155485274,-14.818727368077646,144.8222280313661
 2.1847431541315427,-1.165783763449463,-3.4053785616565873,-5.015513260295279,-163.97994351990266,38.434512684751255,0.07004292208019905,14.276960045370487,-14.286136169043232,148.28782211383344
 2.1883127951119463,-1.1780036500046729,-3.423281675186269,-5.015382114886245,-164.02900577196834,38.61259366264052,0.06688658787696562,14.95068042399543,-13.74430995583085,151.78731311828065
 2.191860787009959,-1.190212558912314,-3.4410757573823263,-5.01525446155137,-164.07581524411933,38.79067464052978,0.0637179412773537,15.694166822609112,-13.193229718821442,155.32172926269808
 2.195387435367716,-1.2024103975021017,-3.4587623580216915,-5.015130187410024,-164.12036694521223,38.96875561841904,0.06053672217662654,16.518899009469393,-12.632873077610475,158.8921220281293
 2.1988930372361466,-1.2145970719606713,-3.476342983587287,-5.0150091839908,-164.16265577188068,39.146836596308304,0.057342662968007614,17.439022679464955,-12.063214322549777,162.49955826150403
 2.2023778814950075,-1.22677248738899,-3.4938190989054427,-5.01489134664197,-164.2026765055039,39.32491757419756,0.05413548948259846,18.472170651037416,-11.484224444599747,166.14512297869794
 2.205842249158485,-1.238936547859955,-3.511192128711346,-5.014776574973381,-164.2404238092671,39.50299855208682,0.05091491986021355,19.640608347130684,-10.895871174742085,169.82991616630173
 2.209286413667184,-1.2510891564761721,-3.5284634591416992,-5.01466477188612,-164.2758922252529,39.68107952997609,0.047680665195089796,20.97286176500283,-10.298119005711959,173.55505740808022
 2.2127106411672486,-1.2632302154279322,-3.545634439163647,-5.014555844091564,-164.3090761716293,39.85916050786535,0.044432429758761036,22.506084079338997,-9.690929231709928,177.32168028864453
 2.2161151907773258,-1.275359626051382,-3.5627063819389426,-5.014449701295027,-164.33996993989751,40.037241485754606,0.04116991131148862,24.289583536725914,-9.074259977516162,181.13093501956212
 2.2195003148440318,-1.2874772888869113,-3.579680566130973,-5.014346256605063,-164.36856769222175,40.21532246364387,0.037892800320248235,26.390237500226245,-8.448066233531998,184.98398630143046
 2.222866259186536,-1.2995831037377468,-3.596558237153975,-5.014245425830519,-164.39486345880383,40.39340344153313,0.03460078140449207,28.901081403617503,-7.812299879716199,188.88201619602236
 2.2262132633308482,-1.3116769697287758,-3.613340608371018,-5.014147127831587,-164.41885113536054,40.57148441942239,0.03129353193120812,31.955485312373114,-7.16690972656234,192.8262187098378
 2.229541560734348,-1.323758785365602,-3.630028862240566,-5.01405128399804,-164.44052448066716,40.749565397311656,0.027970723487825564,35.75166729009553,-6.511841545115042,196.81780262736814
 2.2328513790010724,-1.335828448593837,-3.6466241514160918,-5.013957818279321,-164.45987711414062,40.927646375200915,0.024632021655188106,40.59756093099145,-5.8470380890813765,200.85799353921053
 2.2361429400882336,-1.3478858568586465,-3.6631275998008377,-5.013866657106723,-164.47690251357847,41.105727353090174,0.021277085136739888,46.9989189578071,-5.172439151820058,204.9480229586714
 2.239416460504425,-1.3599309071645485,-3.6795403035592096,-5.013777729073985,-164.4915940128703,41.28380833097944,0.017905567375932678,55.84855140329845,-4.487981568459091,209.08914451103436
 2.2426721514999404,-1.3719634961354839,-3.695863332088453,-5.013690965060377,-164.50394479987816,41.4618893088687,0.014517115453696841,68.88420796745444,-3.793599277339717,213.2826156032287
 2.245910219249594,-1.3839835200751631,-3.712097728951428,-5.013606297988335,-164.5139479143524,41.63997028675796,0.011111371862105176,89.99788796651241,-3.0892233417062234,217.52970910163572
 2.2491308650284285,-1.3959908750276881,-3.7282445127726525,-5.013523662657002,-164.52159624592585,41.818051264647224,0.007687971507911636,130.07332284867434,-2.3747819843185836,221.83170905747087
 2.252334285380665,-1.4079854568384884,-3.7443046781003453,-5.0134429958532385,-164.52688253223198,41.99613224253648,0.004246546481839059,235.48547137695016,-1.6502006370936353,226.18990564854153
 2.255520672282214,-1.419967161215538,-3.760279196234695,-5.0133642360203226,-164.5297993570359,42.17421322042574,0.0007867220521610292,1271.0969487293796,-0.9154019565130452,230.605605434598
 2.2586902132970845,-1.4319358837909146,-3.776169016025772,-5.013287323472868,-164.5303391485392,42.35229419831501,0.0026918857876993617,371.4867861666066,-0.17030588997227233,235.08011508449619
 2.2618430917279655,-1.4438915201826568,-3.7919750646402006,-5.013212199879381,-164.5284941777127,42.53037517620427,0.00618965505043884,161.55989176312838,0.5851703029363884,239.61475504705535
 2.2649794867612765,-1.4558339660569741,-3.8076982483007424,-5.013138808584141,-164.52425655672906,42.708456154093525,0.009706977031050511,103.01868406623578,1.351112005546755,244.2108517822098
 2.268111613370288,-1.4677631171907972,-3.8086426964674507,-0.3015357565658263,-164.5176182375123,42.88653713198279,0.013244247897414588,75.5044761881277,2.1194287605317275,245.30194685439258
 2.271252384204057,-1.4796788695346819,-3.7938942299665825,4.695811086340312,-164.50857101036934,43.06461810987204,0.016801863419441117,59.517208004614474,2.8805753815824873,242.34388987154935
 2.274402655466183,-1.4915811192760817,-3.7781666247269237,4.9924606267227185,-164.49710650271115,43.24269908776131,0.020380226758744853,49.06716749708954,3.639212850032874,240.81655366353175
 2.277562519158969,-1.5034697629029998,-3.762391287339542,4.992410724360544,-164.4832161778953,43.420780065650575,0.023979745147249838,41.701861043952206,4.395862026438201,239.45627089320197
 2.280732069304251,-1.5153446972680213,-3.7465677527444257,4.992359757635696,-164.4668913341441,43.59886104353983,0.027600828751805858,36.230796147183526,5.150523892317889,238.09746850130537
 2.2839114020157387,-1.527205819652757,-3.7306955456024875,4.992307689153714,-164.44812310360888,43.77694202142909,0.031243891042950264,32.0062567951387,5.903198009884873,236.73965132601006
 2.2871006155738445,-1.539053027832685,-3.7147741799284377,4.992254480288694,-164.4269024515094,43.95502299931836,0.03490934959010509,28.645621065465107,6.653882442456304,235.38230315857385
 2.29029981050312,-1.550886220142419,-3.698803158710136,4.992200091389329,-164.40322017538614,44.13310397720761,0.03859762548385857,25.908329527115537,7.402573662049166,234.02488317971884
 2.2935090896524137,-1.5627052955414118,-3.6827819735136442,4.992144482045638,-164.37706690452228,44.31118495509688,0.04230914139955106,23.635554088805286,8.14926643873608,232.66682078783768
 2.296728558277861,-1.5745101536800978,-3.6667101040767185,4.99208761032488,-164.34843309940098,44.489265932986136,0.046044323810552235,21.718203618636363,8.893953770801048,231.3075288818751
 2.2999583241288395,-1.5863006949664888,-3.650587017885744,4.992029433369746,-164.3173090513627,44.667346910875395,0.0498036018009877,20.078869074488665,9.636626763167403,229.94638826262442
 2.3031984975370214,-1.5980768206332465,-3.6344121697378013,4.991969907258011,-164.2836848823463,44.84542788876466,0.05358740550785458,18.661101251737684,10.377274540770188,228.58275909940696
 2.306449191508663,-1.609838432805217,-3.618185001288287,4.991908986536077,-164.2475505447757,45.02350886665392,0.057396168073450424,17.422765901728674,11.115884142232375,227.21597539041025
 2.309710521820273,-1.6215854345674714,-3.601904940580136,4.991846624732185,-164.20889582160189,45.20158984454318,0.0612303233474099,16.331777219698463,11.852440409421275,225.84534432672467
 2.3129826071178257,-1.6333177300338304,-3.585571401557235,4.991782773853822,-164.16771032641847,45.379670822432445,0.06509030681711232,15.363270645040174,12.586925901418226,224.47015441388749
 2.3162655690196647,-1.6450352244159152,-3.569183783558742,4.991717384631591,-164.12398350384717,45.557751800321704,0.06897655506078028,14.497679669836034,13.31932074715497,223.0896573385422
 2.3195595322232907,-1.6567378240927109,-3.5527414707950493,4.991650406292382,-164.0777046299096,45.73583277821096,0.07288950507270871,13.719396214893768,14.04960258410464,221.70309496649375
 2.322864624616198,-1.6684254366806712,-3.5362438318037306,4.9915817865551455,-164.0288628127184,45.91391375610023,0.0768295941802886,13.015817806526432,14.777746394016843,220.3096686418694
 2.3261809773909587,-1.6800979711043666,-3.519690218884509,4.991511471639669,-163.97744699320052,46.09199473398949,0.08079725992877695,12.37665733815111,15.503724425572273,218.90856638670905
 2.3295087251647546,-1.6917553376676866,-3.503079967513148,4.991439406002641,-163.92344594606482,46.27007571187875,0.08479293890582386,11.79343484143957,16.22750605107171,217.49894363955778
 2.332848006103574,-1.7033974481256169,-3.4864123957316115,4.9913655325535675,-163.86684828091032,46.44815668976801,0.08881706719274643,11.259097283969636,16.94905765386131,216.07993337772274
 2.3361989620512955,-1.7150242157565885,-3.469686803515311,4.99128979229689,-163.80764244349183,46.626237667657264,0.09287007922265476,10.767730666003994,17.66834250946513,214.65064501752977
 2.3395617386639005,-1.7266355554354211,-3.452902472114416,4.991212124522457,-163.7458167172405,46.80431864554653,0.09695240821867862,10.314338946016427,18.385320636398905,213.21015622811265
 2.342936485549065,-1.7382313837068697,-3.4360586633700385,4.991132466386211,-163.68135922488023,46.982399623435796,0.10106448497783074,9.894672695550346,19.099948693538135,211.75752773663706
 2.346323356411397,-1.749811618859774,-3.419154619001243,4.991050753306442,-163.61425793030256,47.16048060132505,0.1052067374519,9.505094675682678,19.812179827682016,210.29178941100963
 2.349722509203613,-1.761376181001837,-3.4021895598649525,4.9909669183275644,-163.5445006406354,47.338561579214314,0.10937959117754448,9.142473374002691,20.521963539526975,208.811946750488
 2.3531341062839384,-1.7729249921350354,-3.385162685183548,4.990880892587955,-163.47207500850618,47.51664255710358,0.11358346733596833,8.804098197161933,21.229245548047764,207.3169814218906
 2.356558314580062,-1.7844579762316677,-3.3680731717424104,4.990792604668047,-163.39696853451858,47.69472353499283,0.11781878327918843,8.487610991792007,21.933967648115736,205.80585032333485
 2.3599953057599796,-1.795975059311056,-3.350920173052402,4.99070198091714,-163.31916856997427,47.8728045128821,0.12208595177845853,8.190950600234785,22.636067557842928,204.27748369842365
 2.3634452564100825,-1.8074761695169128,-3.333702818477341,4.99060894524556,-163.2386623198154,48.050885490771364,0.1263853802012872,7.912307566012411,23.33547877168807,202.7307879966951
 2.3669083482208775,-1.8189612371953712,-3.3164202123251156,4.990513418775845,-163.15543684579737,48.228966468660616,0.13071746990935756,7.650086868216027,24.032130409770982,201.16464597078397
 2.3703847681807364,-1.8304301949736987,-3.2990714328983795,4.990415320087313,-163.06947906990703,48.40704744654988,0.1350826160353642,7.402877064049479,24.7259470613101,199.5779162329164
 2.373874708778111,-1.8418829778396988,-3.2816555315054003,4.990314564689161,-162.98077577807118,48.58512842443914,0.1394812064348526,7.169424652683008,25.416848614149014,197.96943058533475
 2.3773783682126735,-1.8533195232218072,-3.264171531425508,4.990211065441868,-162.88931362407274,48.7632094023284,0.14391362099796845,6.948612598762395,26.10475010675947,196.33800186872574
 2.3808959506158605,-1.8647397710698912,-3.2466184268310814,4.990104731739275,-162.7950791337812,48.941290380217666,0.14838023144144039,6.739442244330635,26.789561548337502,194.68241624064243
 2.3844276662813533,-1.876143663936759,-3.2289951816594384,4.989995469859892,-162.6980587096457,49.119371358106925,0.1528813998980347,6.541018074579098,27.47118775258664,193.00143862345678
 2.3879737319060403,-1.8875311470603908,-3.2113007284339474,4.989883182732431,-162.59823863548016,49.297452335996184,0.1574174787217958,6.352534725621555,28.149528161750986,191.29381149685568
 2.391534370842054,-1.8989021684468885,-3.1935339670322933,4.989767769473552,-162.49560508155474,49.47553331388545,0.16198880937457769,6.173265942634545,28.82447666550757,189.55825510131896
 2.395109813360518,-1.910256678954156,-3.1756937633960387,4.9896491257027,-162.39014410997837,49.65361429177471,0.16659572168221215,6.002555107072552,29.495921422808376,187.7934699924179
 2.3987002969276747,-1.9215946323763162,-3.1577789481819964,4.989527142782572,-162.28184168040056,49.83169526966397,0.1712385331752874,5.83980708930948,30.16374467452096,185.99813624588361
 2.4023060664941163,-1.932915985528867,-3.1397883153479302,4.989401708168566,-162.17068365607958,50.00977624755323,0.17591754789916075,5.684481235341109,30.827822541833324,184.17091138957983
 2.4059273747978933,-1.944220698334579,-3.1217206206724075,4.9892727047513885,-162.05665581021705,50.18785722544249,0.18063305573076346,5.536085274948326,31.488024851019862,182.31043970987002
 2.409564482682319,-1.9555087339101356,-3.1035745802019155,4.989140010994072,-161.93974383269895,50.36593820333175,0.18538533144532313,5.394170036020009,32.14421491831238,180.41534321879448
 2.41321765942937,-1.9667800586535302,-3.0853488686232624,4.989003500409762,-161.81993333716437,50.54401918122102,0.19017463346472602,5.258324844808927,32.79624935511609,178.48422946687805
 2.4168871831096146,-1.9780346423322053,-3.067042117554992,4.988863041497316,-161.69720986845826,50.722100159110276,0.19500120338086266,5.128173481303447,33.44397785652834,176.51568918860573
 2.4205733409497023,-1.989272458171947,-3.0486529137541933,4.988718497295862,-161.57155891042322,50.900181136999535,0.19986526432828036,5.003370662535395,34.087243000980855,174.5083016947482
 2.424276429718506,-2.0004934829465326,-3.030179797232025,4.988569725304371,-161.44296589415237,51.0782621148888,0.20476702033251296,4.883598923186654,34.72588001513067,172.46062787637052
 2.4279967561330857,-2.0116976970681173,-3.011621259273463,4.988416577059591,-161.31141620654228,51.25634309277806,0.20970665494385002,4.768565882030567,35.35971658146675,170.37122437755025
 2.4317346372857536,-2.0228850846783835,-2.9929757403554076,4.988258897623914,-161.17689519934814,51.43442407066732,0.21468433040483612,4.65800181184287,35.98857258961636,168.23863104925215
 2.435490401093593,-2.034055633740424,-2.9742416279541093,4.988096525716694,-161.03938819859434,51.612505048556585,0.2197001860084152,4.551657502746479,36.61225992613391,166.06138416256425
 2.43926438677191,-2.0452093361313706,-2.955417254238616,4.987929292802603,-160.89888051445325,51.790586026445844,0.2247543373073974,4.449302344863298,37.23058223256448,163.8380108284796
 2.4430569453331907,-2.056346187735752,-2.936500893639688,4.987757022937245,-160.7553574515164,51.9686670043351,0.22984687470871576,4.3507226333501245,37.8433346823282,161.56703709719858
 2.446868440113299,-2.067466188539597,-2.9174907602861615,4.987579532507269,-160.60880431959788,52.14674798222437,0.23497786225740727,4.255720051212938,38.45030371898511,159.2469809547173
 2.450699247326739,-2.0785693427252356,-2.8983850053024205,4.987396629282335,-160.4592064448879,52.32482896011363,0.24014733603482502,4.164110318737763,39.05126684139648,156.87636806753383
 2.454549756653007,-2.089655658766833,-2.8791817139530043,4.987208112550263,-160.3065491816972,52.50290993800289,0.24535530321249038,4.075721970981602,39.64599232347595,154.45371811521522
 2.458420371856192,-2.1007251495266175,-2.8598789026294695,4.987013771778025,-160.1508179245891,52.68099091589215,0.2506017404976528,3.9903952702569763,40.23423898608662,151.97756215257346
 2.4623115114401717,-2.1117778323517937,-2.840474515661565,4.986813386956074,-159.99199812103495,52.85907189378141,0.2558865925200595,3.9079812277448958,40.815755931249946,149.4464366062562
 2.4662236093419723,-2.122813729172144,-2.820966421947107,4.986606727167436,-159.83007528461488,53.03715287167067,0.26120977060056494,3.8283407152069113,41.39028226914344,146.8588855174139
 2.470157115666049,-2.133832866598284,-2.801352411382415,4.98639355036394,-159.66503500863345,53.21523384955994,0.26657115142909676,3.751343664304884,41.95754687649317,144.21347281877632
 2.4741124974625075,-2.144835276020566,-2.7816301910810917,4.986173602503109,-159.49686298035198,53.393314827449196,0.2719705749301048,3.6768683533393105,42.517268100907614,141.5087729117818
 2.4780902395525604,-2.1558209937086183,-2.7617973813648287,4.985946616765189,-159.3255449957168,53.571395805338454,0.2774078434428876,3.60480074243423,43.06915349378162,138.74338264768699
 2.4820908454047785,-2.1667900609114747,-2.741851511509137,4.985712312707129,-159.15106697457165,53.74947678322772,0.28288271954441896,3.53503388828591,43.61289954330719,135.91592614006342
 2.4861148380660674,-2.1777425239583112,-2.7217900152253924,4.985470395296008,-158.9734149765198,53.92755776111698,0.28839492485542406,3.467467399092797,44.148191362496064,133.02504856393128
 2.490162761151623,-2.1886784343597347,-2.7016102258581975,4.985220554018235,-158.79257521724168,54.10563873900624,0.2939441381381135,3.4020069470823637,44.67470242293727,130.06943296922697
 2.4942351798985385,-2.1995978489096046,-2.6813093712771194,4.984962461547664,-158.60853408543176,54.283719716895504,0.29952999371719874,3.3385638199029577,45.19209424357247,127.04779463728723
 2.4983326822881997,-2.210500829787382,-2.6608845684356406,4.984695772970155,-158.42127816030515,54.461800694784756,0.3051520798762102,3.27705451132978,45.700016087630274,123.9588890391874
 2.502455880243054,-2.221387444660939,-2.6403328175743375,4.984420123973766,-158.23079422961442,54.63988167267402,0.31080993695345366,3.2174003502010238,46.19810466933491,120.80152036315293
 2.506605410903951,-2.232257766789836,-2.619650996035026,4.984135129836791,-158.03706930833417,54.81796265056329,0.31650305574736093,3.1595271572929775,46.68598381638729,117.57453720005016
 2.51078193799482,-2.243111875128998,-2.598835851655621,4.98384038377503,-157.8400906578602,54.99604362845254,0.3222308758315533,3.1033649318035916,47.16326416380575,114.2768470152827
 2.514986153282172,-2.253949854432781,-2.577883995709985,4.983535455158451,-157.6398458058053,55.174124606341806,0.3279927835212402,3.04884756690155,47.62954282035662,110.9074166476838
 2.519218778137665,-2.264771795359375,-2.5567918953528634,4.983219887712962,-157.4363225664393,55.35220558423107,0.3337881104442697,2.995912582593211,48.08440301574707,107.46527531258322
 2.5234805652128607,-2.2755777945755113,-2.535555865526093,4.9828931976367885,-157.22950906164107,55.530286562120324,0.3396161315601874,2.9445008851788836,48.52741377013084,103.94952787813645
 2.5277723002362396,-2.286367954861414,-2.5141720602797935,4.982554871121856,-157.01939374246749,55.70836754000959,0.3454760633498517,2.8945565441022594,48.95812952780336,100.35935474260496
 2.5320948039436733,-2.297142385215974,-2.4926364634527762,4.982204362249569,-156.80596541136916,55.886448517898856,0.3513670620988779,2.846026585493067,49.37608977205943,96.69401637232957
 2.5364489341547687,-2.307901200962083,-2.470944878656402,4.981841089891719,-156.58921324489796,56.06452949578811,0.3572882221757298,2.7988608018211045,49.780818662439735,92.95286791124391
 2.540835588008882,-2.3186445238520728,-2.4490929184934025,4.98146443501841,-156.36912681706113,56.242610473677374,0.36323857412106875,2.753011577637942,50.17182461992384,89.13535703700514
 2.5452557043762094,-2.3293724821732136,-2.427075992939714,4.981073737431901,-156.14569612326255,56.42069145156664,0.36921708305496037,2.7084337261045515,50.54859990793308,85.24103365111881
 2.5497102664611315,-2.3400852108532146,-2.4048892968090305,4.980668291902401,-155.91891160476186,56.59877242945589,0.3752226467457861,2.665084340384981,50.91062020850385,81.26955998573486
 2.5542003046170256,-2.3507828515656626,-2.3825277962070484,4.980247344363447,-155.68876417375563,56.77685340734516,0.381254094056732,2.6229226533924024,51.257344150654404,77.220711742818
 2.5587268993940935,-2.361465552835339,-2.3599862138746577,4.979810087394952,-155.45524523898754,56.954934385234424,0.38731018321310995,2.5819099092723037,51.58821283299822,73.09438963258644
 2.563291184844391,-2.3721334701433503,-2.3372590133063307,4.979355655077396,-155.21834673190588,57.133015363123675,0.39338960011264423,2.5420092440513358,51.90264931090049,68.89062512112808
 2.567894352111291,-2.382786766031997,-2.3143403815133174,4.9788831176775314,-154.97806113334332,57.31109634101294,0.39949095676584495,2.5031855742009537,52.20005805359383,64.60958845269943
 2.5725376533340856,-2.3934256102093285,-2.291224210289021,4.978391475189181,-154.734381500754,57.48917731890221,0.40561278977636717,2.465405493133847,52.47982435277777,60.25159380367789
 2.577222405902447,-2.4040501796532823,-2.2679040758111175,4.977879650548876,-154.48730149587635,57.66725829679146,0.4117535587224203,2.428637175845614,52.74131371341099,55.817112391202414
 2.5819499971000948,-2.4146606587153525,-2.2443732163960775,4.9773464818084365,-154.2368154129502,57.845339274680725,0.4179116448143142,2.3928502888315504,52.98387116271896,51.306773188992345
 2.5867218891823605,-2.4252572392236997,-2.2206245081963303,4.97679071327013,-153.98291820736227,58.02342025256999,0.42408534959389993,2.358015906367882,53.206820525449494,46.72137569059916
 2.591539624938556,-2.435840120585607,-2.196650438600183,4.976210985692969,-153.72560552467797,58.20150123045924,0.43027289351465203,2.3241064335509836,53.409463637224874,42.06189837513809
 2.5964048337972905,-2.4464095098892287,-2.172443077062875,4.975605824989586,-153.46487373019076,58.37958220834851,0.4364724148508423,2.291095533131766,53.591079449580434,37.32949964306782
 2.6013192385412833,-2.456965622004492,-2.147994043056053,4.974973629656017,-153.20071993873182,58.557663186237775,0.4426819684916225,2.258958058326526,53.750923096391745,32.525535672796536
 2.60628466270817,-2.4675086796831143,-2.123294470778765,4.974312656309101,-152.93314204490292,58.73574416412703,0.44889952513823395,2.227669988494776,53.88822481940632,27.651559745933586
 2.6113030387653424,-2.478038913657586,-2.0983349702186254,4.973621003246364,-152.66213875359,58.91382514201629,0.45512297025627824,2.1972083708209746,54.002188800823596,22.709334676984223
 2.6163764171606445,-2.4885565627390758,-2.073105584087484,4.972896591845676,-152.38770961077816,59.09190611990556,0.4613501034823784,2.1675512641088974,54.0919918502335,17.700838063459408
 2.6215069763669216,-2.4990618739140955,-2.047595740083505,4.972137144966039,-152.10985503456422,59.26998709779481,0.46757863777023845,2.1386776880328435,54.15678194961199,12.628272430657985
 2.6266970340577567,-2.5095551024398843,-2.0217941978407126,4.971340162240318,-151.8285763464081,59.44806807568408,0.47380619926829154,2.1105675728690763,54.19567660159799,7.4940692961232624
 2.6319490595747186,-2.5200365119383457,-1.9956889898212842,4.970502891716571,-151.54387580249036,59.62614905357333,0.48003032670772855,2.083201715313417,54.20776098635643,2.300899856526435
 2.6372656878740957,-2.530506374488469,-1.969267355280351,4.969622296903432,-151.25575662521788,59.804230031462595,0.4862484714390689,2.0565617348687306,54.192085857541606,-2.9483213668826975
 2.6426497351742917,-2.5409649707171,-1.9425156662814596,4.968695018321722,-150.9642230347264,59.98231100935186,0.49245799732035495,2.0306300343204247,54.14766517390873,-8.250425963245288
 2.648104216565308,-2.55141258988796,-1.9154193445535028,4.967717329200986,-150.669280280433,60.16039198724111,0.4986561810399795,2.0053897615676513,54.073473379005435,-13.601988820694649
 2.6536323658906147,-2.5618495299887707,-1.8879627677627078,4.966685083036113,-150.37093467248798,60.33847296513038,0.5048402125658074,1.9808247740757123,53.968442310208985,-18.99931832804379
 2.6592376582715076,-2.5722760978163985,-1.8601291634971047,4.9655936522560244,-150.06919361310162,60.516553943019645,0.5110071955558035,1.956919606410507,53.8314576443655,-24.43845147318568
 2.6649238357175076,-2.5826926090598676,-1.8319004889298967,4.964437855710429,-149.764065627743,60.694634920908896,0.5171541483630129,1.9336594382262535,53.661354795262596,-29.915149627025148
 2.6706949363571835,-2.5930993883811304,-1.8032572937156772,4.963211872844418,-149.45556039601132,60.87271589879816,0.5232780049959761,1.9110300651900891,53.45691419947692,-35.42488834455032
 2.6765553279368044,-2.603496769493461,-1.7741785631674365,4.961909140911119,-149.14368878227643,61.05079687668743,0.5293756165397272,1.8890178707824081,53.21685581888292,-40.962856719127174
 2.6825097463757235,-2.6138850952373534,-1.7446415381211173,4.960522232240395,-148.82846286581423,61.22887785457668,0.5354437525113988,1.8676098008608506,52.93983278062015,-46.523945386859644
 2.688563340345855,-2.6242647176537823,-1.7146215070985475,4.959042705984347,-148.50989597061206,61.406958832465946,0.5414791027174649,1.8467933388036655,52.62442389991662,-52.10274793119183
 2.6947217230693505,-2.634635998054708,-1.6840915653644724,4.957460928434219,-148.18800269454493,61.58503981035521,0.5474782793437641,1.8265564822017264,52.26912495045305,-57.69354803299407
 2.700991032818938,-2.6449993070906794,-1.653022334181754,4.955765853611412,-147.86279893793818,61.763120788244464,0.5534378192311185,1.8068877211703431,51.8723383588051,-63.290315440876384
 2.707378003980422,-2.6553550248154107,-1.6213816319040633,4.953944753734964,-147.53430193146082,61.94120176613373,0.5593541863369406,1.787776018176837,51.43236100051901,-68.88669874373765
 2.713890051025688,-2.665703540747199,-1.5891340863871872,4.951982885369513,-147.20253026324733,62.119282744022996,0.5652237748493304,1.7692107878274692,50.947369683810074,-74.4760155044546
 2.7205353683879263,-2.6760452539270467,-1.5562406753684237,4.949863072857555,-146.86750390509883,62.29736372191225,0.5710429121358805,1.7511818792386105,50.415403792791615,-80.05123939472224
 2.7273230500866488,-2.6863805729733405,-1.5226581777160226,4.947565183959582,-146.52924423773175,62.475444699801514,0.5768078622443535,1.7336795585778082,49.8343443875241,-85.60498724871574
 2.7342632341015243,-2.696709916132985,-1.4883385134320404,4.94506546374318,-146.1877740750689,62.65352567769078,0.582514829675376,1.7166944926660153,49.201888873695914,-91.12950211011848
 2.741367278062464,-2.707033711328821,-1.4532279434924815,4.942335679875954,-145.84311768726704,62.83160665558003,0.5881599633790476,1.7002177337180235,48.515520131471106,-96.6166237144222
 2.748647974988706,-2.7173523962032307,-1.4172660912745256,4.93934201385827,-145.49530082260824,63.0096876334693,0.593739361078656,1.6842407048494876,47.77246851261945,-102.05775990667291
 2.7561198208430344,-2.7276664181577615,-1.3803847343230957,4.936043605618916,-145.1443507280502,63.187768611358564,0.5992490739545849,1.6687551862212584,46.96966471206241,-107.44383867233168
 2.763799349985847,-2.737976234388679,-1.3425062968302892,4.932390617757903,-144.79029616832597,63.365849589247816,0.6046851115719613,1.6537533021118445,46.10368072573719,-112.76524513690077
 2.7717055608716823,-2.7482823119182846,-1.303541946758614,4.928321623887348,-144.4331674436199,63.54393056713708,0.6100434470465166,1.6392275088625756,45.170655053725426,-118.01173602431707
 2.779860463578764,-2.758585127621907,-1.2633891627763403,4.923760028112415,-144.0729964055737,63.72201154502635,0.6153200226901457,1.625170582988758,44.166196824574726,-123.17231305266823
 2.7882897947302343,-2.76888516825041,-1.2219285781299627,4.918609068899107,-143.70981647161835,63.9000925229156,0.6205107556661157,1.611575610686239,43.08526114696128,-128.23504714544936
 2.797023966986227,-2.7791829304481244,-1.179019819611314,4.912744706770547,-143.34366263757343,64.07817350080487,0.6256115441446805,1.598435977339858,41.9219845124665,-133.18682073125626
 2.8060993546884063,-2.7894789207660864,-1.1344959197158857,4.906005270137069,-142.9745714883476,64.25625447869413,0.6306182738581966,1.5857453573013078,40.669463535667305,-138.0129442291974
 2.815560073729212,-2.7997736556704447,-1.0881556528584104,4.898175990387216,-142.60258120663391,64.43433545658338,0.6355268243356272,1.5734977056954111,39.319451313290756,-142.69657692546062
 2.8254605098940186,-2.8100676615459674,-1.0397527648443696,4.888965214088297,-142.22773157967683,64.61241643447265,0.6403330761658765,1.5616872487482636,37.86193059751797,-147.21782874111122
 2.8358690206949393,-2.820361474694517,-0.9889803974300736,4.877966539632658,-141.85006400382804,64.79049741236192,0.6450329179574313,1.550308475986949,36.2844967039278,-151.55231365572854
 2.8468735543357946,-2.830655641328401,-0.9354477863256334,4.864596070268319,-141.46962148689815,64.96857839025117,0.6496222536724868,1.539356132501211,34.5714347691638,-155.66874441676566
 2.858590560272,-2.840950717558528,-0.8786439373829511,4.847983286170378,-141.0864486482924,65.14665936814043,0.6540970101416577,1.5288252116967025,32.702282536340064,-159.52473208604422
 2.8711799087726373,-2.8512472693772506,-0.8178780512908532,4.82676971640131,-140.70059171677474,65.3247403460297,0.658453145017026,1.5187109478748748,30.64947574516039,-163.05901699963067
 2.884871668558638,-2.8615458726358414,-0.7521752805742731,4.798708985806028,-140.31209852573008,65.50282132391895,0.6626866544270952,1.5090088103019343,28.37423363517402,-166.17601722115265
 2.900018813592104,-2.871847113016521,-0.6800780185256058,4.759792151549116,-139.9210185060891,65.68090230180822,0.6667935812005114,1.4997144966506362,25.81872813503255,-168.71202424584712
 2.9172153227006294,-2.8821515859989653,-0.599218883170632,4.702066846513928,-139.5274026765919,65.85898327969748,0.6707700229606992,1.4908239273814277,22.88928683217785,-170.35092903840155
 2.937618993996267,-2.8924598968212596,-0.5052184321602142,4.607036138173628,-139.13130363156435,66.03706425758674,0.6746121406160779,1.4823332397883726,19.413126161870235,-170.3693722536522
 2.964218052123857,-2.9027726604352093,-0.38771160860213766,4.417706183219757,-138.73277552592174,66.215145235476,0.6783161663399948,1.474238783657069,14.982790132303117,-166.5598837491057
 3.0284608447804904,-2.913090501456017,-0.16060698164158135,3.5350989203472545,-138.33187405771906,66.39322621336527,0.6783161663399948,1.474238783657069,6.2404115952031844,-136.08341380528816