 0.0,0.0,0,0.0,-0.09019559409588739,0.0,0.25677463821348745,3.894465617622954,0.0,0.0
 0.12664122208555073,0.012028499348491336,0.09498091656416305,0.75,-0.09019559409588739,0.0,0.25677463821348745,3.894465617622954,0.0,0.0
 0.17930792274945495,0.024113498370543378,0.22946185862625426,2.553433960488423,-0.2675758014685721,0.0,0.24949226990317008,4.008140213675189,-3.3679764469137234,-63.94887859800962
 0.2198612545354632,0.03625422843443081,0.29937688296368875,1.7240266399407564,-0.44072749856036586,0.0,0.24242498859723904,4.124987303439184,-4.269728021497229,-22.23618960192633
 0.2541650760676335,0.04844991441934944,0.35551974795232233,1.636635875568048,-0.6097431016681751,0.0,0.2355642643087323,4.245126071794117,-4.927019660165432,-19.160886726622927
 0.284487316529516,0.06069977494962376,0.40398929444786214,1.5984817004689995,-0.7747119510484226,0.0,0.22890192635039133,4.368683199586758,-5.440523090225694,-16.934877576272047
 0.3119893643907922,0.0730030226197279,0.44735751069023105,1.5769086164464405,-0.9357204143045641,0.0,0.22243014690217455,4.4957934611255865,-5.854417244428059,-15.049575809412394
 0.33736007313758204,0.08535886421054602,0.48701207814628045,1.5630058999067944,-1.0928519858940753,0.0,0.21614142478462028,4.626600389057654,-6.193424596756419,-13.362155378148602
 0.3610475516184864,0.0977665008972777,0.5238057185670519,1.5532949381012697,-1.2461873828773458,0.0,0.21002857012451007,4.761257001403074,-6.473268022465191,-11.813981210974728
 0.38336254111806267,0.11022512844937372,0.5583075695524118,1.5461289366062656,-1.3958046370294939,0.0,0.20408468985425593,4.899926597698903,-6.7047871187655765,-10.37504840881871
 0.40453090104114275,0.12273393742286912,0.5909200816194035,1.5406253571602357,-1.5417791834347938,0.0,0.19830317387415852,5.042783635094975,-6.895883617612829,-9.027458883996893
 0.4247228325162383,0.13529211334546246,0.6219403001680354,1.5362680180888977,-1.6841839456813696,0.0,0.1926776815408627,5.190014702288817,-7.052557721989875,-7.7592430704455335
 0.44407032009907793,0.14789883689467315,0.6515948644614877,1.532734633707929,-1.8230894177722332,0.0,0.18720212927783714,5.341819582168556,-7.179509561441289,-6.561670548067201
 0.4626781229168478,0.1605532840693933,0.6800613322619448,1.5298134916430037,-1.9585637428648268,0.0,0.18187067838481655,5.498412437238068,-7.280511644460248,-5.427942460917765
 0.48063101072809716,0.17325462635513417,0.7074818502337074,1.527359735105165,-2.0906727889498535,0.0,0.17667772355464037,5.660023119387398,-7.3586515703755655,-4.352498981604232
 0.49799870265327006,0.18600203088325507,0.7339722850360264,1.525270883226778,-2.2194802215768217,0.0,0.17161788194577882,5.82689862304641,-7.416496859912265,-3.3306261871710157
 0.5148393413929508,0.19879466058444553,0.7596285330346654,1.5234723810199906,-2.345047573731241,0.0,0.16668598283617078,5.9993046984812235,-7.45621078246579,-2.3582194931804024
 0.5312020009208335,0.21163167433672284,0.7845310067353365,1.5219086883911688,-2.4674343129643215,0.0,0.1618770575677265,6.177527656021408,-7.4796361205541695,-1.4316339008620054
 0.5471285371320477,0.2245122271081908,0.8087479035396598,1.520537578489392,-2.5866979058739155,0.0,0.15718633014659014,6.361876373520595,-7.488357250311455,-0.5475848383872128
 0.5626549802437215,0.23743547009479696,0.8323376380318287,1.519326372595445,-2.702893880033017,0.0,0.15260920808621375,6.552684549906507,-7.483747135346014,0.29692022392270373
 0.5778126003625657,0.2504005508533125,0.8553506854547153,1.5182493849596128,-2.8160758834560116,0.0,0.1481412739993349,6.750313217938773,-7.467003562273292,1.1046307363189158
 0.5926287353025786,0.26340661342975036,0.8778310017488594,1.5172861468366485,-2.926295741693853,0.0,0.14377827730846837,6.955153578969061,-7.439177537468126,1.8780893207187142
 0.6071274423967618,0.2764527984834249,0.8998171332745037,1.5164201457980473,-3.0336035126432157,0.0,0.13951612632085988,7.167630197101338,-7.401195861968571,2.619659480864625
 0.6213300179527255,0.28953824340685064,0.9213430952621195,1.5156379138977347,-3.1380475391520024,0.0,0.13535088082193705,7.388204597763686,-7.353879308526582,3.331547384172885
 0.6352554157624718,0.3026620824416632,0.9424390752863983,1.5149283569847973,-3.23967449950279,0.0,0.13127874499804584,7.617379340538984,-7.297957425651382,4.015819414226007
 0.648920587633284,0.315823446790745,0.9631320025468175,1.5142822538967016,-3.3385294558484513,0.0,0.12729606065752733,7.855702641815158,-7.234080718502215,4.674416666913872
 0.6623407629780117,0.329021464726721,0.9834460129584688,1.5136918773294465,-3.4346559006773623,0.0,0.12339930076416573,8.103773634107924,-7.162830764851016,5.309167117491625
 0.6755296802726892,0.34225526169699133,1.0034028324380284,1.5131507032509282,-3.528095801375467,0.0,0.11958506310208902,8.362248378347271,-7.084728686244234,5.921796070273261
 0.6884997801262808,0.35552396042545276,1.0230220952992275,1.5126531856087695,-3.6188896429567494,0.0,0.1158500644710336,8.631846728493047,-7.000242296218026,6.5139352032678195
 0.7012623674593884,0.36882668101105975,1.0423216106892514,1.5121945798528442,-3.707076469025319,0.0,0.1121911350019598,8.913360222111413,-6.909792173551089,7.08713055638005
 0.7138277486185458,0.38216254102336633,1.0613175870584453,1.5117708033353152,-3.7926939210329182,0.0,0.10860521290651547,9.207661153988749,-6.813756854896735,7.642849622939256
 0.726205347997553,0.3955306555951852,1.0800248224620703,1.5113783239222596,-3.875778275892112,0.0,0.10508933910464004,9.51571309249814,-6.712477299928463,8.18248772375409
 0.738403807784055,0.4089301375124937,1.0984568668362085,1.511014070361061,-3.9563644820025607,0.0,0.10164065258422936,9.838583033214023,-6.606260751018721,8.707373780686162
 0.7504310737184883,0.42236009730171237,1.1166261611269108,1.5106753596164255,-4.034486193745276,0.0,0.0982563853281073,10.177455609227863,-6.495384085510077,9.218775581507023
 0.7622944691867004,0.43581964331447504,1.134544157178896,1.510359837535231,-4.110175804498054,0.0,0.09493385795109247,10.533649654427558,-6.380096740059595,9.717904604916233
 0.7740007595259027,0.4493078818100058,1.1522214215344542,1.5100654300671303,-4.183464478222759,0.0,0.09167047573579772,10.90863761722026,-6.260623271855261,10.20592047031661
 0.78555620807613,0.46282391703521114,1.1696677257015262,1.509790302924148,-4.254382179672347,0.0,0.08846372379567469,11.304068572895567,-6.137165609914255,10.683935063566054
 0.796966625233952,0.47636685130259593,1.1868921249825592,1.509532828011068,-4.322957703262978,0.0,0.08531116369912871,11.721795327124498,-6.0099050404675,11.153016378504201
 0.8082374115453138,0.4899357850661018,1.2039030275844522,1.5092915553500204,-4.389218700656954,0.0,0.08221042943155854,12.163906780617362,-5.879003963297528,11.614192085073393
 0.8193735956977278,0.5035298169949677,1.2207082554322763,1.509065189460001,-4.453191707096184,0.0,0.07915922377270164,12.632766623273204,-5.744607449344532,12.068452902142717
 0.8303798681292024,0.5171480440457037,1.2373150978701979,1.5088525694158788,-4.514902166528417,0.0,0.07615531459032329,13.131059931660573,-5.606844625775364,12.516755734231063
 0.8412606108551397,0.5307895615322721,1.2537303592382527,1.5086526518933705,-4.574374455561089,0.0,0.07319653205111319,13.661849434365267,-5.465829909837291,12.960026671885565
 0.8520199240194322,0.5444534631945592,1.2699604011559313,1.5084644967433594,-4.631631906282546,0.0,0.07028076487712079,14.228644234996654,-5.321664110631211,13.399163776041997
 0.8626616495978973,0.558138841265224,1.2860111802129952,1.5082872546107262,-4.686696827982124,0.0,0.06740595697711071,14.835484055801977,-5.174435414027992,13.83503977035035
 0.8731893926176626,0.5718447865350018,1.3018882816616635,1.508120156320284,-4.739590527802991,0.0,0.0645701055358045,15.48704298532537,-5.024220264643808,14.2685045695134
 0.8836065402025539,0.5855703884165456,1.317596949615168,1.5079625036980266,-4.79033333035788,0.0,0.06177125679743316,16.188759171264813,-4.871084156327451,14.70038770867185
 0.8939162787098687,0.5993147350068747,1.333142114184319,1.5078136616289153,-4.838944596337924,0.0,0.059007503898426614,16.946997143301704,-4.71508234137596,15.131500652592388
 0.9041216091865131,0.6130769131485074,1.3485284159222874,1.507673051174689,-4.88544274014153,0.0,0.05627698472595994,17.769253361200626,-4.556260467019723,15.562639026703875
 0.9142253613410263,0.6268560084893475,1.3637602278956509,1.5075401435455438,-4.929845246548988,0.0,0.053577878112258934,18.664419630519003,-4.394655146763815,15.994584762624292
 0.9242302062014573,0.6406511055413914,1.3788416756568744,1.5074144548577988,-4.972168686469009,0.0,0.050908402545955876,19.643122745744833,-4.230294473371516,16.428108150116437
 0.9341386676065634,0.6544612877383242,1.3937766553560156,1.5072955415100915,-5.012428731778232,0.0,0.048266812294074736,20.71816953453047,-4.063198478875441,16.863969860140607
 0.9439531326586557,0.6682856374920672,1.408568850198902,1.5071829961565735,-5.050640169277749,0.0,0.04565139682947389,21.90513477025462,-3.8933795470972954,17.30292286709445
 0.9536758612501007,0.682123236248341,1.4232217454315697,1.5070764441126734,-5.0868169137841175,0.0,0.043060476733088514,23.223152084416668,-3.7208427825703274,17.745714374746687
 0.9633089947614956,0.6959731645413024,1.4377386420087088,1.5069755401985698,-5.120972020378311,0.0,0.04049240280233392,24.695990625242956,-3.5455863404978514,18.19308762462071
 0.9728545640175389,0.7098345020473168,1.4521226690842681,1.5068799659541239,-5.15311769582442,0.0,0.03794555335294552,26.35354901004165,-3.3676017201130004,18.64578377786829
 0.9823144965762739,0.7237063276379239,1.4663767954453604,1.5067894271540476,-5.183265309180085,0.0,0.03541833146428576,28.23396695037299,-3.186874025632173,19.10454364856428
 0.9916906234184459,0.7375877194320495,1.4805038399960369,1.506703651569187,-5.21142540161138,0.0,0.03290916417088898,30.38667268506889,-3.0033821966482592,19.57010949964994
 1.0009846850959792,0.7514777548475224,1.4945064813858198,1.5066223870271778,-5.237607695425236,0.0,0.03041649957211641,32.87689293861828,-2.8170992104718913,20.04322680864866
 1.010198337391854,0.7653755106519494,1.5083872668658662,1.5065453996197877,-5.261821102334197,0.0,0.027938805199218222,35.792511271311696,-2.6279922588138356,20.52464599111519
 1.0193331565378083,0.7792800630129988,1.5221486204472272,1.506472472140361,-5.2840737309644155,0.0,0.02547456522313241,39.25484071037024,-2.436022900362909,21.015124151193064
 1.028390644031179,0.7931904875481469,1.5357928504267246,1.506403402652657,-5.304372893617001,0.0,0.023022280110602287,43.43618421789061,-2.2411471909226455,21.51542683143605
 1.0373722310877225,0.8071058593739389,1.549322156339168,1.5063380032136469,-5.322725112291733,0.0,0.020580463224978134,48.589771234416055,-2.0433157925428005,22.026329771609362
 1.0462792827633298,0.8210252531548105,1.5627386353882882,1.5062760987299888,-5.339136123983637,0.0,0.018147640011214806,55.1035836826179,-1.8424740632016072,22.548620649772776
 1.0551131017741024,0.8349477431515251,1.576044288403068,1.5062175259142179,-5.353610885256046,0.0,0.01572234500949939,63.603743550711,-1.6385621275190372,23.083100914101173
 1.0638749320412129,0.8488724032692709,1.5892410253614846,1.5061621323519068,-5.366153576099977,0.0,0.013303121651118103,75.1703266515609,-1.4315149302781174,23.630587551795006
 1.072565961984293,0.8627983071054687,1.602330670519146,1.506109775640957,-5.376767603080938,0.0,0.010888518284609423,91.83986047150864,-1.2212622727656635,24.19191498469706
 1.081187327584718,0.8767245279973379,1.6153149671767808,1.5060603226239464,-5.385455601780577,0.0,0.008477088668690664,117.96502774512747,-1.0077288334937187,24.76793691029911
 1.0897401152380433,0.8906501390692677,1.628195582117076,1.506013648694659,-5.3922194385347435,0.0,0.006067389020328869,164.81554036662004,-0.7908341734096951,25.35952824687451
 1.0982253644129953,0.9045742132800422,1.6409741097382795,1.50596963715868,-5.397060211467243,0.0,0.0036579739695591575,273.375373450379,-0.570492725987163,25.967587147937394
 1.106644070132738,0.9184958234699643,1.653652075909315,1.5059281786396679,-5.399978250825091,0.0,0.0012474013689890463,801.666588525911,-0.34661377354073364,26.59303697020928
 1.114997185292667,0.9324140424079277,1.6662309415690786,1.5058891705583255,-5.400973118610441,0.0,0.0011657764330407685,857.7974057955836,-0.11910140903151072,27.23682843505264
 1.1232856228276535,0.9463279428384823,1.6787121060902375,1.505852516650372,-5.400043607509416,0.0,0.0035830141132751564,279.09463049419065,0.11214551561754978,27.899941777076577
 1.1315102577404776,0.9602365975289417,1.6910969104260947,1.5058181265342776,-5.397187739115888,0.0,0.006005768265665675,166.50659095804468,0.34723345459078786,28.583388985045623
 1.1396719290021302,0.9741390793165776,1.7033866400569657,1.5057859152713085,-5.392402761446268,0.0,0.008435505124513094,118.54654644142855,0.5862742465629889,29.288216139668457
 1.1477714413337128,0.9880344611559515,1.7155825277518726,1.5057558030193043,-5.38568514573946,0.0,0.010873703955639294,91.96498305265911,0.8293852063924678,30.015505857249213
 1.155809566878805,1.0019218161664285,1.7276857561594,1.5057277147054458,-5.377030582538674,0.0,0.013321852320239037,75.06463635546868,1.076689229626497,30.766379779303257
 1.1637870467744083,1.0158002176799241,1.7396974602398931,1.5057015796572009,-5.36643397704537,0.0,0.015781454840361232,63.36551415034878,1.3283149104699035,31.542001250556787
 1.171704592627869,1.0296687392889305,1.7516187295517047,1.5056773313918603,-5.353889443739444,0.0,0.01825403058718445,54.78242162594308,1.584396672668804,32.3435780402794
 1.1795628879065732,1.043526454894871,1.763450610400811,1.5056549072634826,-5.339390300257495,0.0,0.020741116798452534,48.2134115398554,1.8450749135428235,33.17236520501535
 1.1873625892466249,1.0573724387568368,1.775194107864905,1.5056342483000937,-5.322929060512601,0.0,0.0232442704424374,43.0213545517129,2.1104961622523954,34.02966820622038
 1.1951043276862208,1.0712057655407503,1.7868501876996392,1.505615298899541,-5.304497427054575,0.0,0.025765070711440692,38.8122358055847,2.3808132503877686,34.916845905411755
 1.20278870982896,1.0850255103690105,1.7984197781363689,1.5055980066870354,-5.28408628264755,0.0,0.028305121150512435,35.32929587838546,2.6561854977905845,35.83531405488555
 1.210416318941916,1.0988307488706734,1.8099037715781732,1.50558232228997,-5.261685681057314,0.0,0.030866051299652315,32.39805410455157,2.9367789117808845,36.7865486858388
 1.2179877159929091,1.1126205572322176,1.8213030262011287,1.5055681991291463,-5.237284837031133,0.0,0.033449519069071135,29.89579604822011,3.2227664012124624,37.77208981452948
 1.2255034406310745,1.1263940122489515,1.8326183674680216,1.5055555933266611,-5.210872115453493,0.0,0.03605721336276445,27.733701712863912,3.5143280055145505,38.79354531185406
 1.2329640121145016,1.1401501913771168,1.8438505895591697,1.5055444634636053,-5.182435019659969,0.0,0.03869085602700843,25.845900108851115,3.811651139151309,39.852594978445524
 1.2403699301884357,1.1538881727867487,1.8550004567271903,1.505534770532192,-5.151960178888898,0.0,0.04135220459462677,24.18250755438413,4.114930852169371,40.950994865239764
 1.2477216759172673,1.1676070354153458,1.8660687045792699,1.5055264777007649,-5.11943333485359,0.0,0.04404305442390023,22.705055611614075,4.4243701067824475,42.090581751152584
 1.2550197124732954,1.1813058590224146,1.8770560412928932,1.5055195502615015,-5.084839327406313,0.0,0.04676524128884802,21.383402981360586,4.740180071954169,43.27327805872253
 1.2622644858850287,1.1949837242449466,1.8879631487687205,1.5055139555037875,-5.048162079279321,0.0,0.049520644606741465,20.193598204169287,5.062580434550347,44.50109675949715
 1.269456425747596,1.208639712653896,1.8987906837244615,1.505509662573277,-5.009384579866568,0.0,0.05231118995570484,19.11636880840911,5.391799730498727,45.77614694220482
 1.276595945897641,1.222272906811719,1.9095392787339005,1.5055066423996606,-4.968488868030645,0.0,0.055138851032892074,18.136032602555833,5.728075693667535,47.100639272891065
 1.2836834450549175,1.2358823903310454,1.9202095432144068,1.5055048676163278,-4.925456013897289,0.0,0.05800565410168154,17.239698706733673,6.071655626114013,48.4768921762392
 1.2907193074326424,1.2494672479345494,1.930802064365673,1.5055043124210785,-4.880266099610683,0.0,0.060913680016272766,16.416673557283936,6.422796788873347,49.90733813541097
 1.2977039033185227,1.2630265655160964,1.9413174080633304,1.5055049525363067,-4.832898199018109,0.0,0.06386506811946366,15.658011953098315,6.781766814645772,51.394530426320195
 1.3046375896282394,1.276559430203236,1.9517561197100788,1.50550676515605,-4.78333035624736,0.0,0.06686201874987567,14.956174203188555,7.14884414388426,52.94115032635305
 1.3115207104330555,1.2900649304211194,1.9621187250460042,1.505509728766441,-4.731539563143277,0.0,0.0699067978189568,14.304760498253398,7.5243184846974085,54.550014660563406
 1.3183886616837857,1.3035421559579257,1.962335643453136,0.03158415067504057,-4.677501735521672,0.0,0.07300173968273771,13.698303689007348,7.868114616547357,50.058033218188434
 1.325277237751911,1.3169901980318728,1.9522237892056407,-1.4679164674227227,-4.6211916882052355,0.0,0.07614925085455644,13.132105552948646,8.174410322184277,44.46429895057733
 1.3321870291824551,1.330408149359907,1.941875013581658,-1.4976972500554633,-4.562583108794493,0.0,0.0793518148196223,12.602106231258087,8.481960707478137,44.50935869559875
 1.3391179082473548,1.343795104228156,1.9314945107100747,-1.497718077949702,-4.501648530129895,0.0,0.08261199512416599,12.104779681170973,8.7917532673728,44.697441261608176
 1.3460697463516238,1.3571501585642411,1.921082472833198,-1.4977388311851978,-4.438359301400943,0.0,0.08593244034528731,11.637048779039379,9.103956073155338,44.90938958875043
 1.3530424140273984,1.3704724100115468,1.910639093498118,-1.4977595119532183,-4.372685557846431,0.0,0.08931588878325873,11.196216189783232,9.418739944065289,45.14539994550653
 1.360035780928785,1.3837609580055457,1.9001645675652998,-1.4977801222957694,-4.304596189001273,0.0,0.09276517264152741,10.779907712394408,9.736278648794551,45.4056978858496
 1.3670497158276025,1.397014903852287,1.8896590912151219,-1.4978006642105048,-4.234058805426474,0.0,0.09628322319370469,10.386025382513195,10.056749113353318,45.690538789118165
 1.3740840866101123,1.4102333508091631,1.879122861954104,-1.4978211394848606,-4.161039703869583,0.0,0.09987307641059637,10.012708489010775,10.380331633704266,46.000208171497576
 1.3811387602748382,1.423415404168058,1.868556078618707,-1.4978415498128688,-4.0855038307959495,0.0,0.1035378779321104,9.658301096876817,10.707210094113892,46.33502213490759
 1.38821360293159,1.4365601713410097,1.8579589413776163,-1.4978618967557555,-4.007414744219525,0.0,0.10728088891027557,9.321324703380773,11.037572192775457,46.69532803620594
 1.3953084798018072,1.4496667619485057,1.8473316517323481,-1.49788218170201,-3.926734573774275,0.0,0.11110549226408706,9.000455149625694,11.371609672879337,47.08150489631405
 1.4024232552203537,1.4627342879105467,1.836674412515819,-1.4979024058508226,-3.8434239789503946,0.0,0.11501519881865443,8.694503076734316,11.709518561430523,47.49396413417876
 1.4095577926389002,1.4757618635406091,1.8259874278879917,-1.4979225702911003,-3.7574421054232077,0.0,0.11901365396670814,8.402397260063383,12.051499415179098,47.93315020811041
 1.416711954631047,1.488748605642662,1.8152709033299423,-1.4979426758596182,-3.668746539396328,0.0,0.1231046446463602,8.12317035537267,12.39775757443606,48.399541363063705
 1.423885602899344,1.5016936336113775,1.804525045634612,-1.4979627232101722,-3.5772932598780236,0.0,0.1272921067224926,7.855946654886333,12.74850342502415,48.89365040911746
 1.4310785982843872,1.5145960695356993,1.793750062894602,-1.4979827127951741,-3.48303658880579,0.0,0.13158013284549733,7.599931527460987,13.103952668762622,49.41602555141064
 1.4382908007761739,1.5274550383059338,1.7829461644869848,-1.498002644812133,-3.385929138928259,0.0,0.1359729801750662,7.354402313698594,13.464326603158755,49.967251308671926
 1.445522069527922,1.540269667724535,1.7721135610543273,-1.4980225192209549,-3.285921759351555,0.0,0.14047507930692413,7.118700376848332,13.829852410412396,50.547949440445485
 1.4527722628725719,1.5530390886207712,1.7612524644820853,-1.4980423356925756,-3.182963478652454,0.0,0.14509104325110606,6.892224203456314,14.20076345620181,51.15877993283076
 1.4600412383422023,1.5657624349694546,1.7503630878713317,-1.4980620936539244,-3.0770014454550907,0.0,0.1498256767722323,6.6744233801808095,14.57729959883198,51.80044205725064
 1.4673288526906185,1.5784388440139474,1.7394456455078222,-1.4980817921412282,-2.9679808663618448,0.0,0.15468398622130697,6.464793314605276,14.95970750934961,52.473675504074684
 1.474634961919383,1.5910674563936444,1.7285003528249434,-1.4981014299357376,-2.855844941130791,0.0,0.15967119049168685,6.262870571207173,15.34824100214232,53.17926144096446
 1.4819594213075866,1.6036474162761603,1.7175274263622073,-1.498121005409426,-2.740534794975884,0.0,0.16479273167808195,6.06822879757508,15.743161377974166,53.918023829565584
 1.489302085445676,1.6161778714944508,1.7065270837174757,-1.4981405165556145,-2.6219894078736625,0.0,0.17005428699432054,5.880475098127917,16.144737778114962,54.69083054713797
 1.496662808273685,1.6286579736891178,1.6954995434928877,-1.4981599609519403,-2.5001455407422184,0.0,0.17546178098076157,5.699246835466948,16.55324755169475,55.498594788181464
 1.5040414431242373,1.6410868784561485,1.6844450252339735,-1.498179335719097,-2.374937658363481,0.0,0.1810213985458846,5.524208784336201,16.968976635205966,56.342276306043246
 1.511437842770725,1.653463745500369,1.6733637493611937,-1.4981986375008907,-2.246297848907552,0.0,0.18673959852190758,5.355050604774026,17.392219945418585,57.22288281347894
 1.5188518594810934,1.6657877387948898,1.6622559370935752,-1.4982178624016689,-2.1141557399122193,0.0,0.19262312823877442,5.191484579984634,17.823281786043577,58.14147141348578
 1.5262833450777018,1.678058026746851,1.6511218103633327,-1.4982370059795114,-1.9784384105704866,0.0,0.19867903864027775,5.033243601558641,18.26247626768873,59.09914995268114
 1.5337321510037627,1.6902737823697769,1.6399615917212989,-1.4982560631614756,-1.839070300163779,0.0,0.20491470047119023,4.8800793583893896,18.710127742636587,60.09707856418617
 1.541198128396908,1.7024341834628811,1.6287755042318908,-1.4982750282204462,-1.6959731124821498,0.0,0.21133782096696158,4.7317607204643695,19.166571253351112,61.136471044446594
 1.5486811281704715,1.7145384127976693,1.6175637713568987,-1.4982938947294617,-1.5490657160578145,0.0,0.21795646193179594,4.5880722743284625,19.632152996094025,62.21859639602812
 1.5561810011031227,1.726585658312209,1.606326616827232,-1.4983126555044497,-1.3982640400389292,0.0,0.2247790584496301,4.448813011751654,20.10723079885262,63.34478024158394
 1.5636975979375471,1.7385751133134677,1.5950642645019297,-1.49833130250158,-1.2434809655194008,0.0,0.23181443886953904,4.313795140960921,20.592174614268945,64.51640630709129
 1.5712307694889098,1.7505059766881148,1.583776938212554,-1.498349826818163,-1.0846262121378125,0.0,0.23907184559692302,4.182843017349721,21.08736702708609,65.73491781526832
 1.5787803667639173,1.762377453122241,1.572464861592813,-1.4983682185523965,-0.9216062197494927,0.0,0.24656095743767845,4.055792167552575,21.59320377631112,67.00181887841633
 1.586346241091346,1.774188753330442,1.5611282578909917,-1.4983864668122209,-0.7543240249719878,0.0,0.25429191265368006,3.9324884128812196,22.110094291555075,68.31867579006166
 1.59392824426498,1.785939094294756,1.5497673497651925,-1.4984045595372735,-0.5826791323983465,0.0,0.2622753337037522,3.8127870657083207,22.63846224313478,69.68711822979395
 1.6015262286999823,1.797627699513966,1.5383823590586927,-1.498422483474909,-0.4065673802657569,0.0,0.2705223532377383,3.6965521999625217,23.178746105517284,71.10884037792077
 1.6091400476038065,1.80925379926381,1.5269735065545964,-1.4984402240465675,-0.22588080036142613,0.0,0.2790446412222837,3.5836559900227996,23.731399733394987,72.58560189816475
 1.6167695551628463,1.8208166308686669,1.5155410117074526,-1.498457765285004,-0.040507471950135265,0.0,0.28785443385039766,3.47397810283414,24.296892948438327,74.11922862220847
 1.6244146067461207,1.832315438985322,1.5040850923506937,-1.4984750896673829,0.14966863050875923,0.0,0.29696456391821413,3.3674051435827415,24.875712137110316,75.71161323990403
 1.632075059127402,1.8437494758994506,1.4926059643772729,-1.4984921780168696,0.34476779607550784,0.0,0.3063884926675955,3.263830150060211,25.468360856009316,77.36471547648583
 1.6397507707273125,1.8551180018354902,1.4811038413913724,-1.4985090093841853,0.5449147427095751,0.0,0.31614034354964266,3.1631521265901728,26.075360444288037,79.08056215736508
 1.647441601877046,1.866420285280621,1.4695789343291656,-1.4985255608694763,0.7502387895430862,0.0,0.326234937456668,3.065275619453924,26.697250639890473,80.86124678787043
 1.6551474151055003,1.8776556033235903,1.4580314510455208,-1.4985418075025105,0.9608740362779784,0.0,0.3366878300485719,2.970110324022511,27.33459019706085,82.70892873667673
 1.6628680754517786,1.8888232420091955,1.446461595864472,-1.4985577220251667,1.1769595499324217,0.0,0.3475153508391713,2.8775707248189906,27.98795750140813,84.62583186452851
 1.6706034508051621,1.899922496709252,1.434869569089707,-1.4985732747531668,1.39863955916154,0.0,0.35873464420286555,2.787575764314798,28.65795117907923,86.61424262728717
 1.6783534122748531,1.9109526725109365,1.4232555664724138,-1.4985884333378987,1.6260636563671311,0.0,0.3703637125308929,2.7000485365222913,29.345190694820268,88.67650741603504
 1.6861178345919823,1.92191308462345,1.4116197786322986,-1.4986031625875644,1.8593870078003025,0.0,0.38242146138250055,2.614916004935699,30.050316933229535,90.81502906580482
 1.6938965965465826,1.9328030588039866,1.3999623904285015,-1.4986174241908699,2.098770571853623,0.0,0.3949277467385489,2.532108742063197,30.773992757517043,93.03226252598277
 1.7016895814624788,1.9436219318040608,1.3882835802756142,-1.4986311764911497,2.3443813257135586,0.0,0.40790342461515283,2.4515606872962055,31.5169035370435,95.33070929100114
 1.709496677713286,1.9543690518372963,1.3765835194005973,-1.4986443741880486,2.5963925005374007,0.0,0.4213704025690503,2.3732089247443744,32.27975763687872,97.7129108349788
 1.7173177792830105,1.9650437790698576,1.3648623710352086,-1.498656968062062,2.8549838252696773,0.0,0.43535169364605386,2.2969934758379784,33.06328685632789,100.18144023115723
 1.72515278637503,1.97564548613475,1.3531202895388743,-1.498668904626068,3.1203417792098764,0.0,0.44987147266110045,2.2228571064636617,33.86824680867056,102.7388926249454
 1.7330016060735907,1.9861735586713078,1.3413574194459341,-1.498680125764298,3.3926598533754895,0.0,0.46495513423276835,2.1507451501748007,34.695417225032124,105.38787335288816
 1.7408641530623064,1.9966273958912375,1.3295738944305164,-1.4986905683780805,3.672138820682806,0.0,0.48062935338890084,2.0806053416193473,35.545602170444766,108.1309843531395
 1.7487403504045687,2.0070064111726897,1.317769836182272,-1.4987001639618467,3.958987014891202,0.0,0.4969221481026296,2.012387662369739,36.41963015187779,110.97080779618636
 1.7566301303911978,2.0173100326838846,1.305945353185586,-1.4987088381076692,4.253420618209657,0.0,0.5138629436034325,1.946044198064879,37.31835410080319,113.90988727803285
 1.7645334354611693,2.027537704037923,1.294100539393129,-1.4987165100662951,4.555663957368762,0.0,0.5314826386884913,1.8815290043483672,38.242651205186924,116.95070558462831
 1.7724502192017704,2.0376888849804913,1.2822354727852254,-1.4987230921887909,4.865949807892022,0.0,0.5498136734246153,1.8187979825443712,39.193422567799004,120.0956592683032
 1.7803804474351337,2.047763052112265,1.2703502138047653,-1.4987284893589272,5.184519706169028,0.0,0.5688900981746409,1.7578087634301112,40.17159265817209,123.34702881032052
 1.7883240993987282,2.05775969964791,1.258444803657003,-1.4987325983470066,5.5116242688400705,0.0,0.5887476436713458,1.6985205983401368,41.178108528690935,126.70694475685552
 1.7962811690281077,2.0676783402136856,1.2465192624622994,-1.4987353071124898,5.847523518832125,0.0,0.6094237912603643,1.640894258381143,42.21393875351109,130.17734832878546
 1.804251666350984,2.0775185056857404,1.2345735872481114,-1.4987364941334995,6.192487217243572,0.0,0.6309578432333911,1.5848919396507135,43.28007205038042,133.75994667351674
 1.812235619002557,2.0872797480713285,1.222607749767275,-1.4987360275087425,6.546795200075564,0.0,0.653390992635712,1.5304771741130114,44.377515535764644,137.45616153773275
 1.8202330738729724,2.096961640435245,1.2106216941257635,-1.498733764144258,6.910737718596221,0.0,0.6767663910641305,1.4776147474280232,45.50729255965837,141.2670708618884
 1.8282440988988269,2.106563777873923,1.1986153342035875,-1.4987295487689947,7.284615781879762,0.0,0.701129214385711,1.4262706209955072,46.670440059405635,145.1933424241419
 1.8362687850117902,2.116085778539726,1.1865885508494618,-1.4987232129487487,7.668741499774899,0.0,0.7265267246381322,1.3764118594509778,47.86800536342549,149.2351585048625
 1.8443072482586895,2.125527284718102,1.1745411888295743,-1.4987145739000105,8.063438424238834,0.0,0.7530083269839435,1.3280065626967803,49.10104236853801,153.3921307145555
 1.8523596321088087,2.1348879639603586,1.1624730535067747,-1.4987034333467553,8.469041886623083,0.0,0.7806256200916877,1.2810238022709861,50.37060700704735,157.6632041070107
 1.8604261099657249,2.144167510274954,1.1503839072264868,-1.498689576135477,8.885899328058006,0.0,0.8094324381817898,1.2354335616277967,51.67775190475624,162.0465488029763
 1.8685068879027371,2.1533656453802914,1.1382734653810478,-1.498672768864214,9.31437061964417,0.0,0.8394848824787537,1.1912066802767096,53.02352012714572,166.53943876189
 1.8766022076428641,2.1624821200221205,1.1261413921232035,-1.4986527582978373,9.754828368636527,0.0,0.8708413393863393,1.1483148017578904,54.40893789643533,171.13811606752813
 1.884712349806551,2.171516715358751,1.1139872956953547,-1.4986292696900818,10.207658206179662,0.0,0.9035624830812737,1.1067303243820625,55.83500614461228,175.8376387731102
 1.8928376374525935,2.180469244417367,1.1018107233380614,-1.4986020049670552,10.673259051564994,0.0,0.9377112585401864,1.0664263555465716,57.30269076838244,180.63171271050592
 1.9009784399404746,2.1893395536248184,1.0896111557375943,-1.498570640748036,11.15204334717882,0.0,0.9733528412940139,1.0273766691537678,58.8129114207815,185.51250379152003
 1.9091351771452902,2.198127524416337,1.0773880009681127,-1.4985348261882299,11.644437257525519,0.0,1.0105545700265417,0.9895556654340156,60.366528672272516,190.47043106571758
 1.9173083240597757,2.20683307492565,1.065140587878601,-1.49849418071823,12.15088082482602,0.0,1.0493858463723302,0.9529383338425476,61.96432935800036,195.49393916999475
 1.9254984158217088,2.2154561617600237,1.0528681588713038,-1.4984482914267958,12.671828072632218,0.0,1.0899179968567543,0.9175002182585558,63.607009902809715,200.56924788613486
 1.9337060532091848,2.2239967818637316,1.04056986200926,-1.4983967104601499,13.207747047872706,0.0,1.1322240901718859,0.8832173848625561,65.29515741743735,205.68008001956545
 1.9419319086510116,2.232454974473428,1.028244742387281,-1.4983389519962047,13.759119790497847,0.0,1.176378703017705,0.8500663922551048,67.02922833065084,210.80736532228335
 1.9501767328048676,2.2408308231688174,1.0158917326905386,-1.498274489088413,14.326442218596828,0.0,1.2224576265415952,0.8180242638176826,68.80952431637428,215.92892128461227
 1.9584413617619558,2.2491244580218934,1.0035096428573334,-1.498202750237879,14.910223915474935,0.0,1.2705375044323064,0.7870684623723986,70.6361652663696,221.01911162372232
 1.9667267249438247,2.2573360578478274,0.9910971487530787,-1.4981231156429236,15.510987803623538,0.0,1.3206953932606385,0.7571768669012466,72.50905904321364,226.04848281636444
 1.9750338537649215,2.265465852560342,0.978652779750851,-1.4980349131729036,16.129269688974325,0.0,1.373008234546285,0.7283277513120329,74.42786775866551,230.9833826795713
 1.9833638911434934,2.2735141256340725,0.966174905101096,-1.4979374140448365,16.76561765707728,0.0,1.4275522269058378,0.7004997653693272,76.39197030974711,235.78556275557725
 1.9917181019538324,2.28148121667601,0.9536617189594417,-1.4978298280632736,17.420591301101084,0.0,1.4844020867273278,0.6736719174281864,78.40042092464657,240.41177084182084
 2.0000978845247928,2.2893675241075786,0.9411112239234234,-1.4977112985617669,18.094760759816943,0.0,1.543630183910052,0.6478235593106739,80.45190349593942,244.81334138693833
 2.0085047833033687,2.2971735079582842,0.9285212129112752,-1.4975808968025728,18.788705541797636,0.0,1.605305539861322,0.6229343730330534,82.54468148815339,248.93579039481224
 2.016940502818148,2.3048996927710634,0.9158892491912535,-1.4974376160670917,19.5030131104406,0.0,1.66949267392669,0.5989843595108292,84.67654328614235,252.71843074606247
 2.025406923096231,2.312546670618581,0.9032126443466643,-1.4972803650446351,20.238277202575652,0.0,1.736250284958773,0.5759538291587637,86.84474287656612,256.0940183936548
 2.0339061167091184,2.3201151042285755,0.8904884339284136,-1.4971079608019093,20.995095852093538,0.0,1.8056297547103715,0.5538233945199929,89.04593588388188,258.988453207849
 2.0424403676489864,2.327605730215133,0.8777133505138414,-1.496919120914643,21.774069088542678,0.0,1.8776734616341404,0.5325739647668554,91.27611104217011,261.320551036282
 2.0510121922673394,2.33501936241123,0.8648837938452067,-1.4967124550314979,22.575796279952893,0.0,1.9524128947705213,0.5121867421990859,93.53051737592126,263.00192014244624
 2.059624362544486,2.342356895296208,0.8519957976735785,-1.4964864554325303,23.400873088568687,0.0,2.0298665602291366,0.4926432207874381,95.80358748888736,263.93696824573937
 2.068279932001885,2.3496193075099,0.8390449928726269,-1.496239486574826,24.24988800841576,0.0,2.1100376770433655,0.47392518668255423,98.08885758767707,264.0230790171955
 2.076982264621859,2.3568076654429047,0.8260265663145911,-1.4959697734553297,25.123418454720362,0.0,2.192911663475612,0.4560147208187446,100.37888511634387,263.1509996998482
 2.0857350672026995,2.36392312689006,0.8129352149140131,-1.4956753885018153,26.022026377119165,0.0,2.2784534217054304,0.43889420361795084,102.6651651398873,261.20548274995264
 2.094542425654544,2.37096694475142,0.7997650941395017,-1.495354236633004,26.946253371872967,0.0,2.3666044368710826,0.42254632181883023,104.93804695325306,258.0662324342808
 2.103408845836225,2.37794047076203,0.7865097601643432,-1.4950040381061331,27.896615273004663,0.0,2.457279716025228,0.4069540775022347,107.18665274800128,253.60920739963404
 2.1123392996502592,2.384845159228525,0.7731621046675375,-1.4946223086479358,28.873596208564955,0.0,2.5503646046072856,0.3921007993106082,109.39880054303246,247.70832939696635
 2.1213392772584263,2.391682570747038,0.7597142811009208,-1.494206336070603,29.877642116600448,0.0,2.6457115311744843,0.377970155936116,111.56093400992076,240.2376495832899
 2.130414108592977,2.398454375873181,0.7462182906211063,-1.4871891258663075,30.90915372574138,0.0,2.743136746734062,0.3645461718926646,113.66730367909595,232.11116455196677
 2.139566044643193,2.40516235871093,0.7329577917658815,-1.4489282685614568,31.968479018182354,0.0,2.8424171418765853,0.35181324558850374,115.74876470164538,227.43395617370626
 2.148794570829626,2.4118084203832293,0.7201650120546615,-1.3862213156015069,33.05590520796311,0.0,2.943287242707143,0.3397561697308997,117.83313692921097,225.86187495787632
 2.1580990384523937,2.4183945823430575,0.707849414587892,-1.3236219379853171,34.171650285372614,0.0,3.045436505199799,0.32836015405101804,119.91498306462033,223.7469374728256
 2.1674786557956716,2.4249229894797137,0.696020626186313,-1.2611163087645973,35.31585419846756,0.0,3.148507045252841,0.31761085035771136,121.98833611426237,221.0487884271705
 2.176932479416057,2.4313959129712845,0.6846884130155727,-1.1986909874544853,36.488569765263044,0.0,3.2520919585695127,0.30749437984523253,124.04669410869286,217.72756474872534
 2.1864594057545754,2.4378157528307733,0.6738626532182399,-1.1363328961160308,37.68975343474718,0.0,3.3557343963867305,0.2979973626866133,126.0830226667767,213.74454737313684
 2.1960581632285354,2.4441850400904483,0.6635533064517919,-1.0740292995646301,38.919256040406765,0.0,3.458927573227344,0.28910694972053214,128.08976672189516,209.06289804304663
 2.2057273049742907,2.4505064385666597,0.6537703802911413,-1.011767788484975,40.176813716594914,0.0,3.5611158820544273,0.2808108562373136,130.05887277846654,203.64848384147624
 2.215465202424307,2.456782746146024,0.6445238935386196,-0.9495362628311648,41.46203917351122,0.0,3.661697286621277,0.2730973976613781,131.9818229256617,197.4707740624166
 2.2252700399117593,2.4630168955335803,0.6358238365025801,-0.8873229206678273,42.77441355053494,0.0,3.760027141866612,0.26595552698685154,133.84968172121435,190.5037995727154
 2.2351398105011233,2.4692119544045372,0.627680128414834,-0.8251162490566954,44.11327908806665,0.0,3.8554235632887774,0.25937487375497953,135.65315681952328,182.72715479855594
 2.2450723132435098,2.4753711249037504,0.6201025722277707,-0.7629050183622424,45.47783287316388,0.0,3.9471744225328176,0.25334578433914795,137.38267388279385,174.12701593224224
 2.2550651520495504,2.481497742441215,0.613100807126083,-0.7006782794750147,46.867121922592425,0.0,4.0345459894716855,0.24785936326157673,139.02846592389002,164.69714693099056
 2.2651157363600603,2.487595273737839,0.606684259167686,-0.6384253651488899,48.280039866208774,0.0,4.116793171739931,0.24290751521465373,140.5806767014395,154.43985439993904
 2.2752212837742154,2.4936673140835426,0.6008620905779387,-0.5761358935976075,49.715325482762225,0.0,4.1931712219768285,0.23848298747232172,142.02947724959435,143.36685473618974
 2.2853788247669007,2.499717583779401,0.5956431482989003,-0.5137997752405533,51.17156331721743,0.0,4.262948697315533,0.23457941228092205,143.36519394840525,131.50000573690033
 2.295585209591071,2.505749923746957,0.5910359124682943,-0.4514072230252613,52.64718657365148,0.0,4.325421366237173,0.2311913488488482,144.57844592921188,118.87186322167872
 2.3058371174175227,2.511768290300852,0.5870484455943423,-0.3889487636304833,54.14048242964911,0.0,4.3799266739678,0.22831432451678338,145.6602889215101,105.52601629004968
 2.3161310677149665,2.5177767490952254,0.5836883432267669,-0.3264152507526533,55.649599858220334,0.0,4.425858304876973,0.2259448746694111,146.60236206366537,91.51716444455842
 2.326463433818934,2.5237794682696113,0.5809626869571395,-0.26379787961450124,57.17255997300931,0.0,4.462680325560486,0.22408058096216113,147.39703369629552,76.91090546288422
 2.3368304585807205,2.5297807108357797,0.5788780005898522,-0.2010882017926315,58.707268834386916,0.0,4.489940362987101,0.22272010743027165,148.03754178678696,61.78321217601209
 2.3472282719293442,2.5357848263626797,0.5774402103202432,-0.1382781380471018,60.25153257155804,0.0,4.50728127185648,0.22186323410611455,148.51812447426883,46.21959169381482
 2.3576529101238073,2.5417962420317166,0.5766546096755539,-0.07535999140061368,61.803074592651065,0.0,4.514450780916346,0.22151088770914,148.83413622135257,30.313929480216984
 2.3681003364214517,2.5478194531484704,0.5765258299177296,-0.01232645765142779,63.359554576388255,0.0,4.511308672913435,0.22166516913465664,148.9821454005506,14.167046981839071
 2.378566462843623,2.553859013209076,0.5770578165205008,0.050829369081978944,64.91858886852391,0.0,4.497831153064997,0.22232937741972844,148.96000958224522,-2.114996266285592
 2.389047172685696,2.559919523629341,0.5782538121545983,0.11411399152530059,66.47777184944171,0.0,4.474112184122757,0.22350802993914443,148.7669255624972,-18.422799853969014
 2.39953834339485,2.566005623251802,0.5801163465151133,0.17753351004859314,68.03469779919347,0.0,4.440361705542321,0.22520687869905534,148.4034520945574,-34.64565376127615
 2.4100358694280355,2.5721219777500988,0.5826472331634662,0.2410936291419602,69.58698276513113,0.0,4.396900802800056,0.2274329226083916,147.87150429829717,-50.67363439524612
 2.420535684705591,2.578273269051047,0.5858475733470592,0.30479966542211634,71.13228593727716,0.0,4.344154036634971,0.23019441565994994,147.17431986153915,-66.39968593050806
 2.431033784290942,2.58446418489261,0.5897177666519597,0.36865656240306094,72.66833005743129,0.0,4.282639268841283,0.2335008711276683,146.3163982838846,-81.72160786621556
 2.4415610004713266,2.5906994086308055,0.5922955918596511,0.24487244904257344,74.19292042765206,0.0,4.212955429706481,0.2373630617947626,144.82369736659948,-141.79445845013626
 2.4523085483689453,2.5969836094006,0.5847101896784206,-0.7057797977258783,75.70396214102476,0.0,4.135768744133755,0.24179301645393425,140.59408971859582,-393.5416420838453
 2.4634610897099742,2.6033214327255547,0.5682851227494272,-1.472764496157248,77.19947522704119,0.0,4.051797977682968,0.24680401281306055,134.0961705754555,-582.6402202370894
 2.4750645893517307,2.6097174916587496,0.5512180920123383,-1.4708520070678832,78.6776074831587,0.0,3.9617992672471556,0.25241056715497023,127.38676276580244,-578.2227790578394
 2.487172670089967,2.6161763585239575,0.5334344067273568,-1.4687451850913447,80.13664484640002,0.0,3.866551078622998,0.2586284209534177,120.50112604831163,-568.6811036654758
 2.4998486829597693,2.6227025573116722,0.5148463365213091,-1.4663972336545406,81.57501924206484,0.0,3.7668397769041886,0.26547452486069345,113.47214699437595,-554.5102490926416
 2.513168572576374,2.6293005567699477,0.49534940965653407,-1.4637453782251801,82.99131392427016,0.0,3.6634462240958956,0.27296702034893133,106.32931075042323,-536.2534112180834
 2.5272249447088524,2.6359747642156273,0.4748172133447127,-1.4607038088000153,84.38426639379117,0.0,3.5571337291741987,0.2811252193861583,99.09758054160326,-514.4805601802865
 2.5421330159683184,2.642729520077833,0.45309388080075363,-1.457152448890103,85.75276903854623,0.0,3.448637582794411,0.289969582477758,91.79608957705548,-489.7676458255205
 2.55803963380848,2.649569093172918,0.4299828639760394,-1.4529183423494916,87.09586769031976,0.0,3.3386563148738215,0.29952169546322205,84.43646947891332,-462.67661498476394
 2.575137560502872,2.65649767669875,0.4052294555751275,-1.4477432757406075,88.4127583264744,0.0,3.2278447279787783,0.3098042453318946,77.02048673460231,-433.7357901261439
 2.5936893532710568,2.6635193849263583,0.3784921659781735,-1.4412240332269548,89.70278216865208,0.0,3.116808681643608,0.32084099543532557,69.53634391550524,-403.4188454245726
 2.614070154875942,2.6706382505587523,0.3492927201983803,-1.4326936862382218,90.9654194412518,0.0,3.006101541390419,0.3326567603360024,61.95228711205588,-372.1176895039993
 2.6368517767319894,2.6778582227201237,0.3169209026026822,-1.4209619402977316,92.20028205339867,0.0,2.896222157096126,0.3452773805869374,54.20433277093843,-340.09669680566617
 2.662990774588801,2.6851831655336627,0.28023043781803375,-1.4036676151716925,93.40710545975115,0.0,2.7876142024243924,0.35872969764980334,46.16945963129207,-307.39025205408177
 2.6943416057924243,2.6926168572427143,0.23711306602271018,-1.3753182974727682,94.58573994057477,0.0,2.6806666867518043,0.37304152916217714,37.594999417029655,-273.50025135127515
 2.7356661551387806,2.7001629898278834,0.18260653061022378,-1.3189868074699855,95.73614152098257,0.0,2.575715442857879,0.3882416447720841,27.83821236054791,-236.10147505073817
 2.8367415675390864,2.7078251690718025,0.0758065593002312,-1.056636513012828,96.85836272540745,0.0,2.575715442857879,0.3882416447720841,11.102811037568054,-165.5734161805828
 2.8367415675390864,-0.0,0,-0.0,98.99794167379031,0.0,2.315060728340961,0.43195411150904395,0.0,0.0
 2.9387411238630694,-0.0078029321177170725,-0.07649966724298743,-0.7499999999999999,98.99794167379031,0.0,2.315060728340961,0.43195411150904395,0.0,0.0
 2.9806318112352383,-0.015528301673203512,-0.18441735001510143,-2.576173597089554,100.02781742159156,0.0,2.3718390487503616,0.42161376866059475,24.584837643067207,586.8807409305206
 3.012540964504979,-0.023179070980178667,-0.23976723049653356,-1.7346082490355526,101.07261260448051,0.0,2.427795166830077,0.41189636327749996,32.74280498943008,255.6622946839208
 3.0392532491284308,-0.030758235885108013,-0.28373330891642784,-1.6459123223513035,102.13188801790774,0.0,2.48270336329389,0.40278674238120205,39.65499126560085,258.7643241155918
 3.0626289252551153,-0.038268823781946966,-0.3212992794790302,-1.6070538605605786,103.2051504912698,0.0,2.5363303950451086,0.39427040024184823,45.91364406083945,267.7421077071645
 3.083625862716255,-0.04571389140384554,-0.35457873966989845,-1.5849673435690628,104.29185239076766,0.0,2.5884372871825048,0.3863334858263044,51.7552572373509,278.21262921427905
 3.102815548207215,-0.05309652239143778,-0.38471870688397347,-1.5706337255122664,105.39139154376264,0.0,2.638781363937719,0.37896280975235896,57.29844574643815,288.86291605449196
 3.1205720912431447,-0.06041982463959005,-0.41242837827914003,-1.5605330012208436,106.50311161869347,0.0,2.6871184995478736,0.37214585072011414,62.60903784488348,299.0780405678923
 3.137156674631241,-0.06768692742689318,-0.4381842230971604,-1.5529992050633297,107.62630298942136,0.0,2.7332055622132674,0.3658707613598701,67.72502778297498,308.47865263612664
 3.1527605086058497,-0.07490097833471887,-0.4623255361191884,-1.5471398286672506,108.7602041063875,0.0,2.776803016986284,0.36012637334473896,72.66810956918073,316.78636123977174
 3.1675287901163682,-0.08206513996529415,-0.48510462273303434,-1.5424331258597688,109.90400338982782,0.0,2.8176776448231977,0.35490220176082193,77.44972105425151,323.7757542517843
 3.181575027769595,-0.08918258647090932,-0.5067155121058429,-1.538553590387528,111.05684165149202,0.0,2.8556053290823797,0.3501884485981612,82.07452345072294,329.2555993034201
 3.1949900844637384,-0.09625649990903457,-0.527311482866371,-1.5352876420954311,112.21781504222243,0.0,2.8903738537914547,0.34597600538361073,86.54256312142537,333.0615570676644
 3.2078481406250274,-0.10329006644069329,-0.5470163175079439,-1.5324893898734764,113.38597851252109,0.0,2.9217856553773967,0.34225645476749855,90.85070524233448,335.0539200380317
 3.2202107708082233,-0.1102864723919,-0.5659318322663072,-1.530055860125523,114.56034976324482,0.0,2.9496604650402203,0.3390220711339956,94.9936407804239,335.1176470295804
 3.232129815889529,-0.11724890020022342,-0.5841430887146829,-1.5279123725221133,115.73991365286332,0.0,2.9738377804059097,0.3362658200756016,98.96463026795516,333.1633919028912
 3.2436494592796303,-0.12418052427055075,-0.6017221050682395,-1.5260035192288792,116.92362701799337,0.0,2.9941791051168374,0.33398135679027074,102.75607716703925,329.1288428548027
 3.254807761286484,-0.13108450676582734,-0.6187305641159563,-1.524287390435414,118.1104238540802,0.0,3.010569900474568,0.332163023300793,106.35998518035431,322.9799669431391
 3.265637815070507,-0.1379639933599003,-0.6352218309591154,-1.522731758496656,119.2992207949586,0.0,3.022921198658772,0.3308058445068585,109.76833214181624,314.7119145880868
 3.2761686323716965,-0.14482210898055223,-0.6512424842730244,-1.5213114856811345,120.48892282262182,0.0,3.0311708353183553,0.32990552308971816,112.97338028348896,304.34942037316864
 3.2864258324351523,-0.15166195357133644,-0.6668334972965084,-1.5200067198680642,121.67842913286091,0.0,3.0352842702442264,0.32945843320287677,115.96793499983015,291.9466031485666
 3.2964321850938694,-0.1584865979009233,-0.6820311618381393,-1.5188016113335354,122.86663907876317,0.0,3.0352549744239417,0.3294616130856648,118.74555958880329,277.58611791014954
 3.3062131696084887,-0.1652990794482893,-0.6965026411383779,-1.4795524191463933,124.052458111764,0.0,3.031104376207317,0.3299127565020557,121.23718540075524,254.7418215648714
 3.31587769653928,-0.1721023983912824,-0.7039474349559213,-0.7703215967895966,125.23480364036467,0.0,3.0228813696548618,0.3308102031520262,122.33868631827983,113.97359906103361
 3.3255170863134405,-0.1788995137248546,-0.7051395879636355,-0.12367515326644339,126.4126107284765,0.0,3.0106614017099798,0.3321529280682395,122.18689312357907,-15.74717884192939
 3.335129148738369,-0.18569333953361597,-0.7068020897515105,-0.17295994495035272,127.58483755933653,0.0,2.9945451659775886,0.33394053005493524,121.95372637405366,-24.25772318339286
 3.344711741132894,-0.19248674144137887,-0.7089315321023443,-0.22221986109421038,128.75047059685957,0.0,2.974656940636795,0.3361732192842132,121.64067817274916,-32.66842503740039
 3.3542627742951927,-0.19928253325805734,-0.7115242614279312,-0.27146061389686094,129.90852938337162,0.0,2.9511426172044626,0.3388518041013121,121.24958282872,-40.947962108741756
 3.3637802180003247,-0.2060834738417412,-0.714576391979787,-0.320688059358837,131.0580709213839,0.0,2.9241674729551224,0.3419776771504178,120.78259390096856,-49.06663408995334
 3.37326210598873,-0.21289226419102852,-0.7180838201857183,-0.36990820923218987,132.1981935964878,0.0,2.8939137444598426,0.3455528009134401,120.24215815437523,-56.996638987317915
 3.3827065404157244,-0.21971154477983798,-0.7220422399586417,-0.4191272440422057,133.32804060857205,0.0,2.8605780617601777,0.3495796927788356,119.63098699217869,-64.7123093416461
 3.392111695740989,-0.22654389314400036,-0.7264471588054513,-0.4683515257825587,134.44680288891757,0.0,2.8243688031380088,0.35406140971708516,118.95202595328155,-72.1903057861557
 3.401475822045811,-0.23339182172601397,-0.7312939145734639,-0.5175876115123351,135.55372149108146,0.0,2.785503427958018,0.3590015327078863,118.2084228823243,-79.40976517737954
 3.4107972477741546,-0.24025777598149012,-0.7365776926805181,-0.5668422686658124,136.6480894533611,0.0,2.744205841835671,0.3644041510133489,117.40349536359058,-86.3524038266153
 3.420074381901955,-0.24714413274806277,-0.7422935436426076,-0.6161224881896556,137.72925313988588,0.0,2.700703843378579,0.3702738463722111,116.54069798181811,-93.00257707679106
 3.4293057155460738,-0.25405319887496397,-0.7484364007688928,-0.665435500773899,138.796613075964,0.0,2.655226694654398,0.3766156773028975,115.62358996287493,-99.34729415044228
 3.438489823031147,-0.2609872101090604,-0.7550010978602224,-0.7147887916162993,139.8496243004847,0.0,2.60800285208065,0.3834351635015298,114.65580365127151,-105.37619612753682
 3.447625362438287,-0.26794833023100467,-0.7619823867766184,-0.7641901156859816,140.8877962647224,0.0,2.559257885292833,0.3907382705536058,113.64101428168495,-111.08149441000292
 3.4567110756642894,-0.27493865043321847,-0.7693749547595186,-0.8136475144012987,141.91069231160282,0.0,2.5092126057544237,0.39853139495102224,112.58291137265783,-116.45788092880791
 3.4657457880241838,-0.2819601889297919,-0.777173441375128,-0.863169330130251,142.91792877366217,0.0,2.4580814184999045,0.4068213495589869,111.48517207150101,-121.50240731843908
 3.4747284074326195,-0.2890148907869891,-0.785372455007049,-0.9127642237876723,143.90917373030607,0.0,2.406070904123681,0.41561534960841545,110.3514366547688,-126.21434407735077
 3.483657923201855,-0.2961046279619277,-0.7939665888003324,-0.9624411911441564,144.8841454665866,0.0,2.3533786320912413,0.42492099926622845,109.1852863555677,-130.59502097737652
 3.492533404495494,-0.30323119953614874,-0.8029504359756434,-1.0122095780596974,145.84261067621043,0.0,2.300192200951598,0.43474627884847894,107.99022361872184,-134.6476542857873
 3.501353998477284,-0.31039633213018003,-0.8123186044866908,-1.0620790992520381,146.78438245104172,0.0,2.2466884961725513,0.44509953280287656,106.76965483000288,-138.37716498898112
 3.510118928194338,-0.3176016804847997,-0.8220657309550219,-1.1120598547830507,147.7093180980131,0.0,2.19303315367312,0.45598945840152766,105.52687549469853,-141.7899943779586
 3.5188274902332894,-0.32484882819455946,-0.8321864938603059,-1.1621623478154417,148.6173168227185,0.0,2.139380212999467,0.46742509532607757,104.26505784125216,-144.8939156433158
 3.5274790521865134,-0.3321392885791168,-0.8426756259706975,-1.212397503144827,149.50831731626076,0.0,2.0858719435141913,0.47941581606167116,102.9872407271197,-147.69785167593733
 3.5360730499639446,-0.33947450567813664,-0.853527926000046,-1.2627766855895544,150.382295279421,0.0,2.0326388245177123,0.49197131725419624,101.69632175788851,-150.21169456446557
 3.544608984983853,-0.3468558553558356,-0.8647382695022191,-1.3133117199260804,151.23926091493914,0.0,1.9797996607211905,0.5051016119659933,100.39505145241434,-152.44613536059046
 3.55308642127375,-0.3542846465016966,-0.8763016190064522,-1.3640149107358512,152.0792564156077,0.0,1.9274618136552562,0.51881702294459,99.08602930694498,-154.4125016933884
 3.5615049825100553,-0.3617621223144338,-0.8882130334207674,-1.4148990640998067,152.90235347256922,0.0,1.8757215307590671,0.5331281768649955,97.77170158386771,-156.12260648639239
 3.569864349022782,-0.36928946165691057,-0.9004676767093036,-1.4659775079701052,153.70865082495652,0.0,1.8246643543541547,0.548045999590951,96.45436064559567,-157.5886086901939
 3.5781656606831733,-0.37686778047040737,-0.9129061916391303,-1.4983794656423344,154.49827186888064,0.0,1.774365593844047,0.5635817125114365,95.1200335835796,-160.7368951563113
 3.5864118662241813,-0.38449813323734994,-0.9253168295401805,-1.5050119523860976,155.27136234070886,0.0,1.7248908461526635,0.5797468299112846,93.75105531673195,-166.0131147640826
 3.5946061860620198,-0.3921815144823792,-0.9376472235743261,-1.5047489331827395,156.02808808682653,0.0,1.676296550505898,0.5965531574339904,92.34759700535305,-171.27209324905897
 3.60275160066398,-0.3999188603023921,-0.9499020244041658,-1.5045030153395984,156.76863292937665,0.0,1.6286305654602142,0.6140127916102462,90.91554926767559,-175.81029421545992
 3.610850869714119,-0.4077110499169629,-0.9620855371432473,-1.5042731218902,157.49319663518082,0.0,1.581932757223463,0.6321381205577631,89.46038232817163,-179.66645267562342
 3.6189065494789774,-0.4155589072312942,-0.974201748754496,-1.5040582501930775,158.20199299281504,0.0,1.536235590425384,0.6509418257411286,87.98715667996446,-182.88036406733477
 3.6269210085787353,-0.42346320240459334,-0.9862543529029499,-1.5038574654174168,158.89524800099989,0.0,1.491564713252351,0.6704368849136313,86.50053603814145,-185.4923237262348
 3.63489644234102,-0.43142465341747593,-0.9982467725494869,-1.50366989482739,159.57319816975865,0.0,1.4479395307526128,0.6906365761560623,85.00480211681511,-187.5426423073854
 3.642834885890844,-0.43944392763267975,-1.0101821805335671,-1.5034947227589541,160.23608893440112,0.0,1.4053737606328607,0.7115544832356092,83.50387081321244,-189.07123218580446
 3.6507382261101426,-0.44752164334401573,-1.0220635183604045,-1.5033311862020962,160.88417318114358,0.0,1.3638759682348922,0.7332045019417601,82.00130941597617,-190.11726125204623
 3.658608212583392,-0.45565837130909503,-1.0338935133798222,-1.503178570843651,161.51770988222012,0.0,1.3234500767143327,0.755600847810333,80.5003545088655,-190.71886746089746
 3.6664464676313457,-0.46385463626193923,-1.0456746945207203,-1.5030362075260821,162.13696283747205,0.0,1.2840958506305968,0.7787580650688324,79.00393027062931,-190.91293012044954
 3.6742544955225798,-0.4721109184021025,-1.057409406725115,-1.5029034690781031,162.74219951875102,0.0,1.2458093516227424,0.8026910367123502,77.51466691844894,-190.73489143811508
 3.6820336909419646,-0.48042765485744693,-1.069099824208078,-1.5027797674078478,163.3336900130211,0.0,1.2085833647550954,0.8274149960707408,76.0349190863809,-190.21862188738945
 3.689785346786037,-0.48880524111813606,-1.0807479626556744,-1.5026645508912357,163.91170605957805,0.0,1.1724077957926071,0.8529455395884239,74.56678394706766,-189.39632626181557
 3.6975106613474065,-0.4972440324398395,-1.0923556904597544,-1.5025573019543772,164.47652017661073,0.0,1.137270039351932,0.8792986409541268,73.11211893649505,-188.2984827370922
 3.7052107449434817,-0.5057443452145147,-1.103924739077836,-1.5024575348737546,165.02840487216514,0.0,1.1031553182508067,0.9064906667772109,71.67255896230732,-186.95381111465065
 3.71288662603888,-0.5143064583074688,-1.1154567125964467,-1.5023647937335036,165.5676319344668,0.0,1.0700469953225724,0.9345383935203179,70.24953299822286,-185.3892662482207
 3.7205392569056897,-0.5229306143597126,-1.1269530965680967,-1.5022786505371768,166.09447179657374,0.0,1.0379268580832983,0.9634590262426231,68.84427999682183,-183.63005165919773
 3.728169518861222,-0.5316170210548797,-1.1384152661848674,-1.502198703474474,166.60919297036173,0.0,1.0067753782694822,0.9932702185455428,67.45786406649009,-181.6996504722348
 3.735778227118911,-0.5403658523502552,-1.1498444938447627,-1.5021245752647463,167.11206154501366,0.0,0.9765719466627574,1.0239900945519718,66.09118888790788,-179.6198687472369
 3.743366135284495,-0.5491772496716375,-1.1612419561622351,-1.5020559116894752,167.60334074519992,0.0,0.9472950854577343,1.0556372722199847,64.74501133454967,-177.41089164256866
 3.7509339395265187,-0.5580513230719847,-1.1726087404679286,-1.5019923801113022,168.083290544457,0.0,0.9189226388309423,1.0882308888071413,63.41995431011768,-175.09134513205547
 3.758482282447444,-0.5669881523539323,-1.183945850840148,-1.5019336682216062,168.5521673293173,0.0,0.8914319438163626,1.121790627918089,62.11651878726431,-172.6783661669766
 3.7660117566792115,-0.5759877881564336,-1.1952542137046729,-1.5018794827417652,169.01022361006733,0.0,0.8647999824465729,1.1563367487253386,60.8350950744241,-170.18767491542815
 3.77352290822493,-0.5850502530058959,-1.206534683037777,-1.5018295482979684,169.45770777415572,0.0,0.8390035168714586,1.1918901171342853,59.5759733197563,-167.63365071305353
 3.7810162395663975,-0.5941755423322809,-1.217788045203167,-1.5017836063267702,169.89486387850968,0.0,0.8140192085526434,1.228472239344373,58.33935327733358,-165.0294089598593
 3.7884922125554574,-0.6033636254507496,-1.2290150234510542,-1.5017414140362044,170.3219314772816,0.0,0.7898237231526335,1.2661052975320037,57.12535336829792,-162.38687737532024
 3.7959512511055986,-0.6126144465094874,-1.240216282105471,-1.5017027434728087,170.73914548170524,0.0,0.7663938222158104,1.304812187954208,55.93401905876457,-159.71687256003906
 3.8033937436988188,-0.6219279254044201,-1.2513924304629909,-1.5016673805897762,171.14673604902188,0.0,0.7437064425343091,1.3446165621375097,54.76533059474102,-157.02917394747033
 3.8108200457214996,-0.6313039586615827,-1.262544026424916,-1.5016351244357022,171.54492849761368,0.0,0.7217387650743969,1.3855428700672878,53.61921012311114,-154.3325962409736
 3.818230481641901,-0.6407424202879362,-1.2736715798822216,-1.5016057863304664,171.93394324570184,0.0,0.7004682734724623,1.4276164072965871,52.495528234339346,-151.63505910337145
 3.8256253470408463,-0.6502431625914632,-1.284775555871737,-1.5015791891355774,172.3139957711617,0.0,0.6798728042223743,1.470863364131444,51.39410996094844,-148.94365400456655
 3.83300491050624,-0.6598060169714073,-1.2958563775199894,-1.5015551665373437,172.685296590216,0.0,0.6599305882768683,1.515310879301837,50.31474026824675,-146.26470762984357
 3.8403694154011836,-0.6694307946795055,-1.3069144287902386,-1.5015335624043675,173.04805125289744,0.0,0.6406202859738591,1.5609870962481596,49.25716906379954,-143.60384296482985
 3.8477190815147226,-0.6791172875531172,-1.3179500570466018,-1.501514230154603,173.40246035341477,0.0,0.6219210151763185,1.6079212240745615,48.22111576803057,-140.96603570337416
 3.85505410660351,-0.688865268721116,-1.3289635754483506,-1.501497032175647,173.7487195536505,0.0,0.6038123738663133,1.6561436023525489,47.20627346796936,-138.35566855967306
 3.862374667832065,-0.6986744932834373,-1.3399552651863627,-1.5014818392799263,174.08701961820867,0.0,0.5862744578330024,1.705685769931402,46.21231268971854,-135.77658149674735
 3.8696809231186817,-0.7085446989651524,-1.350925377572747,-1.5014685301893997,174.41754645955186,0.0,0.5692878734911946,1.7565805395913943,45.23888481540042,-133.23211907216833
 3.8769730123935453,-0.7184756067459477,-1.361874135993829,-1.5014569910467888,174.7404811919145,0.0,0.5528337472396063,1.8088620765160799,44.2856251740986,-130.7251742772431
 3.8842510587750945,-0.7284669214658624,-1.3728017377361612,-1.501447114988935,175.0560001927838,0.0,0.5368937308681784,1.8625659837431152,43.35215582978063,-128.2582296651023
 3.8915151696702166,-0.738518332408128,-1.3837083556936656,-1.5014388016609868,175.36427517085758,0.0,0.5214500043031308,1.9177293925549135,42.43808809152216,-125.83339536739413
 3.898765437803474,-0.7486295138599437,-1.3945941399649544,-1.5014319568892696,175.66547323950667,0.0,0.5064852755320643,1.9743910599365342,41.543024770002305,-123.45244411225691
 3.9060019421801533,-0.7588001256519954,-1.4054592193473892,-1.5014264922507363,175.95975699483944,0.0,0.491982778402144,2.032591472505986,40.66656219833841,-121.11684399561919
 3.9132247489875898,-0.7690298136775109,-1.4163037027354612,-1.501422324754203,176.24728459757904,0.0,0.47792626823410594,2.092372958897842,39.8082920400899,-118.82778830036348
 3.9204339124389094,-0.7793182103916296,-1.427127680429524,-1.5014193764856159,176.5282098580307,0.0,0.46430001600218546,2.1537798094654663,38.96780290093732,-116.58622319053637
 3.9276294755630046,-0.7896649352918228,-1.4379312253611198,-1.5014175743131386,176.8026823234913,0.0,0.45108880085293007,2.216858405948396,38.144681761112246,-114.39287316774114
 3.9348114709443305,-0.8000695953801163,-1.4487143942401646,-1.5014168495682958,177.070847367536,0.0,0.438277901747534,2.281657359435021,37.33851524632862,-112.24826416342952
 3.941979921415813,-0.8105317856078051,-1.4594772286298001,-1.5014171378392986,177.33284628065368,0.0,0.42585308779616954,2.3482276603302226,36.54889074842583,-110.15274514961109
 3.949134840707952,-0.821051089303354,-1.4702197559524783,-1.5014183786084436,177.58881636178646,0.0,0.41380060792994106,2.416622839204011,35.77539741279655,-108.10650743175613
 3.9562762340569924,-0.8316270785841491,-1.480941990433374,-1.5014205151347624,177.8388910103606,0.0,0.4021071798508092,2.4868991405998333,35.017627002406705,-106.10960261581164
 3.9634040987748103,-0.8422593147527382,-1.4916439339835503,-1.5014234941108526,178.08319981845347,0.0,0.3907599786738943,2.559115709325346,34.2751746511316,-104.16195882886419
 3.970518424783016,-0.8529473486781809,-1.5023255770280344,-1.5014272655152796,178.32186866277993,0.0,0.3797466249022051,2.6333347933178515,33.547639516543306,-102.2633955415015
 3.977619195113562,-0.8636907211631084,-1.5129868992821285,-1.5014317824407284,178.55501979622116,0.0,0.3690551722547188,2.7096219621867497,32.83462534173888,-100.41363705810619
 3.984706386378032,-0.8744889632970656,-1.5236278704783752,-1.5014370008035443,178.7827719386535,0.0,0.35867409527134947,2.7880463439754832,32.13574093507994,-98.61232476716849
 3.9917799692075993,-0.8853415967966953,-1.5342484510488825,-1.501442879287928,179.00524036686923,0.0,0.34859227696988426,2.8686808804039927,31.4506005762451,-96.85902820999894
 3.998839908665537,-0.8962481343332932,-1.5448485927645104,-1.5014493791033316,179.22253700340192,0.0,0.3387989960979655,2.9516026066111625,30.778824354983396,-95.15325524589285
 4.005886164634024,-0.9072080798482559,-1.5554282393343337,-1.5014564638495695,179.434770504108,0.0,0.3292839147663627,3.0368929521186345,30.120038450956695,-93.49446102625186
 4.012918692176872,-0.9182209288569083,-1.5659873269678617,-1.5014640993857815,179.64204634436442,0.0,0.32003706617076566,3.124638067599392,29.473875358968765,-91.88205635185469
 4.019937441879703,-0.9292861687411954,-1.5765257849020835,-1.501472253665203,179.84446690377357,0.0,0.31104884206876643,3.214929183947648,28.83997406653173,-90.31541503486577
 4.026942360168986,-0.9404032790316834,-1.587043535896185,-1.5014808966711852,-179.95786845071697,0.0,0.30230998072836557,3.3078630007208707,-51364.24444878197,-7336714.334194866
 4.033933389611274,-0.9515717316793234,-1.5975404966948654,-1.501490000197479,-179.76486328336128,0.0,0.2938115550330772,3.4035421101372965,27.60754606299671,7351113.654877009
 4.040910469193863,-0.9627909913173865,-1.6080165784635227,-1.5014995378294538,-179.57642400988553,0.0,0.28554496069386937,3.5020754614965615,27.00833081307755,-85.88339043952409
 4.047873534588057,-0.9740605155139849,-1.6184716871961289,-1.50150948479153,-179.3924598195346,0.0,0.27750190492436677,3.6035788665038186,26.420000378613555,-84.4930215583719
 4.054822518396093,-0.9853797550155573,-1.6289057240977796,-1.5015198178451137,-179.21288259893018,0.0,0.26967439502505125,3.7081755570717254,25.842227520626576,-83.1449423322637
 4.061757350382764,-0.9967481539817047,-1.639318585943834,-1.5015305152408105,-179.03760685776695,0.0,0.26205472753840675,3.8159967934691807,25.274691802217415,-81.8384236993765
 4.068677957692673,-1.0081651502117148,-1.6497101654162316,-1.50154155655089,-178.86654965636563,0.0,0.2546354775185066,3.927182534599175,24.717079548258067,-80.57273429760745
 4.075584265054015,-1.0196301753631458,-1.6600803514197064,-1.501552922697907,-178.69963053509116,0.0,0.24740948828499637,4.041882172473831,24.169083786915632,-79.3471435125735
 4.082476194969713,-1.0311426551627616,-1.6704290293774655,-1.501564595743862,-178.53677144563565,0.0,0.24036986117591833,4.160255346106536,23.630404175266847,-78.16092418784928
 4.089353667896677,-1.042702009610172,-1.6807560815094633,-1.5015765589581909,-178.37789668416858,0.0,0.23350994593228744,4.282472834326197,23.10074691012888,-77.01335516151943
 4.096216602413934,-1.0543076531744515,-1.6910613870925972,-1.5015887966320984,-178.22293282633726,0.0,0.22682333099460303,4.408717549535474,22.579824627736418,-75.90372326626947
 4.1030649153802985,-1.065958994984041,-1.7013448227053294,-1.501601294105545,-178.07180866410607,0.0,0.22030383455143032,4.539185629864959,22.067356292484188,-74.83132528686248
 4.109898522082214,-1.0776554390102053,-1.711606262456567,-1.5016140376297586,-177.92445514441897,0.0,0.21394549552734676,4.674087657396735,21.563067076392198,-73.79546966766591
 4.116717336372391,-1.0893963842443166,-1.7218455782006015,-1.501627014360218,-177.78080530965693,0.0,0.20774256501463242,4.813650009229281,21.066688231851312,-72.7954778378405
 4.123521270799768,-1.1011812248692094,-1.7320626397387824,-1.5016402123262624,-177.64079423987098,0.0,0.2016894978079301,4.958116366338047,20.57795695716713,-71.83068559826827
 4.130310236731363,-1.1130093504248715,-1.7422573150080372,-1.5016536202972783,-177.50435899676063,0.0,0.19578094471489632,5.107749385192916,20.096616257184962,-70.900444166623
 4.13708414446647,-1.1248801459686808,-1.7524294702580534,-1.5016672278097642,-177.3714385693684,0.0,0.19001174455235384,5.262832580985385,19.622414799561085,-70.00412113177873
 4.143842903343687,-1.1367929922304347,-1.7625789702172998,-1.5016810251150863,-177.2419738214588,0.0,0.18437691669113687,5.423672431159983,19.155106767604586,-69.14110126515573
 4.150586421841215,-1.148747265762374,-1.772705678248337,-1.5016950030982272,-177.11590744054953,0.0,0.17887165406825656,5.590600731060523,18.6944517102598,-68.31078724166028
 4.157314607670806,-1.1607423390844152,-1.7828094564936887,-1.5017091532928697,-176.9931838885616,0.0,0.17349131583387076,5.763977264185172,18.240214390061478,-67.51260023178577
 4.164027367865783,-1.1727775808247891,-1.7928901660121304,-1.5017234677894655,-176.8737493540526,0.0,0.16823142125094684,5.9441927825618475,17.792164629741524,-66.74598038749306
 4.170724608863465,-1.1848523558562702,-1.8029476669065951,-1.5017379392419197,-176.75755170599643,0.0,0.1630876427036244,6.131672415041757,17.35007715809411,-66.01038723266147
 4.177406236582335,-1.1969660254281929,-1.8129818184440558,-1.5017525608502618,-176.64454044908078,0.0,0.15805579971841666,6.326879505728634,16.913731454470273,-65.30530014288968
 4.184072156494286,-1.2091179472944118,-1.8229924791671095,-1.501767326232711,-176.5346666804728,0.0,0.15313185307877286,6.530319981732266,16.48291159498154,-64.63021836134935
 4.190722273692232,-1.22130747583739,-1.8329795069995374,-1.5017822295694465,-176.42788304803491,0.0,0.14831189892181948,6.742547342928539,16.057406096677312,-63.984661568930264
 4.197356492953352,-1.233533962188571,-1.8429427593438523,-1.501797265385025,-176.32414370993877,0.0,0.14359216331794622,6.964168356359177,15.63700776429373,-63.368169762993176
 4.203974718798262,-1.245796754345182,-1.8528820931734036,-1.5018124286579968,-176.22340429564994,0.0,0.1389689968527246,7.19584959701315,15.221513536938739,-62.7803035271979
 4.210576855546333,-1.2580951972836387,-1.8627973651181164,-1.5018277147333294,-176.12562186825184,0.0,0.13443886968646293,7.438324960126417,14.810724335064048,-62.22064424743928
 4.2171628073674,-1.2704286330696624,-1.8726884315449592,-1.5018431193505322,-176.03075488805655,0.0,0.12999836624732722,7.692404365278399,14.404444911345058,-61.68879377760186
 4.223732478330081,-1.282796400965281,-1.8825551486327532,-1.5018586385591404,-175.93876317749564,0.0,0.12564418092252067,7.958983795808712,14.002483698717432,-61.18437512486546
 4.230285772446916,-1.2951978375328215,-1.8923973724424352,-1.5018742687587348,-175.8496078872297,0.0,0.12137311330125854,8.239057010245043,13.604652664215285,-60.70703182391326
 4.236822593716507,-1.3076322767360307,-1.9022149589821982,-1.5018900066051633,-175.76325146346093,0.0,0.11718206378155004,8.533729205044493,13.210767161475331,-60.25642839162311
 4.243342846162856,-1.320099050038446,-1.9120077642691824,-1.5019058491311934,-175.67965761640923,0.0,0.11306802927635182,8.84423303740335,12.820645786267047,-59.832250118889576
 4.249846433872066,-1.3325974864991332,-1.921775644385867,-1.5019217935435287,-175.59879128992284,0.0,0.10902809927817876,9.171947476114015,12.43411023301351,-59.43420317160353
 4.2563332610265645,-1.3451269128659036,-1.9315184555336813,-1.5019378373691277,-175.52061863218984,0.0,0.10505945200252245,9.518420103466656,12.050985153626902,-59.06201448899934
 4.262803231937005,-1.357686653666115,-1.9412360540823785,-1.5019539783426268,-175.44510696751985,0.0,0.10115935046863642,9.885393642479361,11.67109801809611,-58.71543176767156
 4.269256251071995,-1.370276031295174,-1.9509282966164463,-1.5019702144557467,-175.37222476917182,0.0,0.09732513869704237,10.274837656413112,11.294278975998665,-58.394223574239994
 4.275706336826289,-1.3828943661028252,-1.956304968387372,-0.833581439959257,-175.30194163319183,0.0,0.09355423891380173,10.688986534553203,10.896465358341764,-61.67570987595433
 4.282185190426692,-1.3955409764773348,-1.951982735606764,0.6671292557589622,-175.23422825323706,0.0,0.08984414747221643,11.130385541353618,10.451444673879566,-68.68818342099055
 4.288710785423769,-1.40821517892766,-1.9422293991586521,1.4946279155358222,-175.1690563963601,0.0,0.08619243191167289,11.601946688599835,9.987113344626922,-71.1554010723381
 4.295283478387016,-1.42091628816369,-1.932405683188395,1.4946257226968944,-175.10639887972107,0.0,0.08259672771160378,12.107017162854417,9.53300526731012,-69.09010961809695
 4.301903637501223,-1.4336436171746543,-1.9225110441303148,1.494622544168915,-175.04622954821082,0.0,0.07905473565815989,12.649463585889327,9.088804433888907,-67.0982110487202
 4.308571643043738,-1.4463964773057747,-1.9125449206377878,1.494618357615976,-174.98852325295326,0.0,0.07556421847512516,13.233776781919449,8.654206252475207,-65.17663769814773
 4.315287887883685,-1.4591741783332508,-1.9025067328509406,1.494613139643249,-174.93325583066775,0.0,0.07212299823301542,13.865202840974442,8.228917140837952,-63.32245499861207
 4.322052778004544,-1.4719760285376442,-1.8923958816303588,1.4946068657357048,-174.88040408386237,0.0,0.06872895389065053,14.549908639538218,7.812654139403576,-61.53285478369114
 4.328866733051532,-1.4848013347757567,-1.8822117477544373,1.494599510224583,-174.82994576184734,0.0,0.06538001798937426,15.295193099557158,7.4051445404466785,-59.80514930708229
 4.335730186905402,-1.4976494025510578,-1.8719536910787944,1.4945910461478111,-174.7818595425318,0.0,0.06207417514212542,16.109758973202524,7.006125536697046,-58.136764994003194
 4.342643588284311,-1.5105195360827433,-1.861621049654223,1.4945814452627852,-174.73612501499733,0.0,0.05880945884323397,17.00406736721826,6.615343884705876,-56.52523708276897
 4.349607401375598,-1.523411038373493,-1.851213138801558,1.4945706779072525,-174.69272266282073,0.0,0.05558394933100646,17.99080511614832,6.232555585229841,-54.96820412296063
 4.356622106499406,-1.5363232112759948,-1.8407292501402628,1.494558712911964,-174.65163384812777,0.0,0.05239577129977023,19.085509673647753,5.857525579157096,-53.46340287347145
 4.363688200806227,-1.549255355558291,-1.8301686505672907,1.4945455175679416,-174.61284079636107,0.0,0.04924309216039666,20.30741686047574,5.49002745820166,-52.00866348481536
 4.370806199010639,-1.5622067709680305,-1.8195305811838443,1.494531057461143,-174.57632658174617,0.0,0.046124118999164965,21.680630908486386,5.129843189939342,-50.60190490622213
 4.377976634163623,-1.5751767562956602,-1.8088142561657832,1.4945152964114683,-174.54207511343145,0.0,0.04303709743837327,23.235767733452384,4.776762858036275,-49.241130331697086
 4.385200058466092,-1.588164609436652,-1.7980188615742467,1.494498196353722,-174.51007112230184,0.0,0.039980308911009836,25.012312992024395,4.430584413916271,-47.924423323951025
 4.392477044126407,-1.601169627452777,-1.7871435541021041,1.4944797172614188,-174.4803001484233,0.0,0.036952069386925676,27.062083845128804,4.091113445623096,-46.64994327864193
 4.399808184264941,-1.614191106632534,-1.7761874597529805,1.494459816902824,-174.45274852914028,0.0,0.03395072706035448,29.454450216111482,3.7581629545167705,-45.415922327856514
 4.407194093868939,-1.6272283425507474,-1.7651496724461027,1.4944384508718194,-174.42740338777475,0.0,0.03097466052855385,32.28445390315592,3.4315531497771445,-44.22066099520597
 4.414635410801215,-1.6402806301274093,-1.7540292525438883,1.4944155723271122,-174.40425262294139,0.0,0.028022277343945527,35.6858933243004,3.111111251417205,-43.06252525948225
 4.422132796866526,-1.653347263685813,-1.7428252252956742,1.494391131871081,-174.38328489845134,0.0,0.025092011975425897,39.8533206894433,2.7966713074903793,-41.9399429598128
 4.429686938939762,-1.6664275370100332,-1.7315365791917483,1.4943650773951616,-174.36448963379726,0.0,0.022182324022641864,45.08093917387932,2.4880740224180466,-40.85140073889603
 4.437298550160457,-1.6795207434017967,-1.720162264221322,1.4943373538970026,-174.34785699520802,0.0,0.019291697236244472,51.83577099277921,2.1851665970592453,-39.79544101454192
 4.444968371198501,-1.6926261757367975,-1.7087011900272868,1.4943079032987527,-174.33337788726007,0.0,0.01641863728447667,60.90639452431719,1.8878025805400855,-38.77065906025676
 4.452697171596368,-1.705743126520506,-1.697152223950368,1.4942766642163525,-174.32104394503824,0.0,0.013561670489721036,73.73722881395344,1.5958417331215498,-37.77570028837971
 4.46048575119365,-1.7188708879435228,-1.685514188953975,1.4942435717616396,-174.31084752683628,0.0,0.010719341273918336,93.28931456200024,1.309149900129812,-36.809257633031635
 4.468334941640169,-1.7320087519365084,-1.6737858614211152,1.4942085572736896,-174.30278170737847,0.0,0.007890213575693727,126.73928156780947,1.0275988986082167,-35.87006882301487
 4.476245608004561,-1.7451560102247614,-1.6619659688129422,1.49417154809829,-174.29684027157464,0.0,0.00507286625985491,197.12721541935568,0.751066412126237,-34.956914341213874
 4.484218650485817,-1.758311954382468,-1.6500531871787245,1.4941324672764442,-174.29301770877572,0.0,0.0022658896235133942,441.3277635516251,0.47943590014815873,-34.06861466205506
 4.492255006235979,-1.7714758758866762,-1.6380461385051608,1.4940912332458816,-174.29130920753877,0.0,0.0005320994382158841,1879.347971786955,0.21259651639004876,-33.20402830010312
 4.50035565130299,-1.7846470661710445,-1.6259433878922869,1.4940477595002297,-174.29171065089133,0.0,0.0033225003563460997,300.9781468013879,-0.049556961111351716,-32.36204960627174
 4.508521602703503,-1.7978248166794044,-1.6137434405416204,1.4940019542486684,-174.29421861208607,0.0,0.006106669057893493,163.7553943925286,-0.3071241881962478,-31.54160666064064
 4.51675392063648,-1.811008418919171,-1.6014447385415063,1.4939537199903676,-174.298830350835,0.0,0.00888597125635252,112.53693841121833,-0.5601993006704914,-30.74165921853923
 4.52505371084944,-1.824197164514673,-1.5890456574320668,1.4939029531225707,-174.3055438100373,0.0,0.011661762474357365,85.75033166717847,-0.8088709509546166,-29.961197078911013
 4.533422127170419,-1.8373903452604072,-1.5765445025316154,1.4938495434450414,-174.31435761296385,0.0,0.014435388993411433,69.274198323053,-1.0532223288735658,-29.19923777052049
 4.541860374220044,-1.8505872531742968,-1.56393950500365,1.4937933736515834,-174.32527106092934,0.0,0.017208193429690315,58.111852594278766,-1.2933311742733102,-28.45482527208115
 4.550369710319625,-1.8637871805509663,-1.5512288176417361,1.4937343187724685,-174.33828413141543,0.0,0.01998151407831427,50.0462575598958,-1.5292697730848372,-27.727027825724342
 4.558951450612833,-1.8769894200151063,-1.538410510347132,1.4936722455642082,-174.35339747667317,0.0,0.022756686530954348,43.94312847961275,-1.761104943907375,-27.014936702994213
 4.567606970420414,-1.8901932645749342,-1.5254825652715642,1.4936070118220124,-174.3706124227649,0.0,0.02553504512175158,39.161865398395854,-1.9888980066439028,-26.317664080325503
 4.5763377088495485,-1.9033980076758308,-1.5124428715940132,1.4935384656625703,-174.38993096908186,0.0,0.028317923890952248,35.31332324540593,-2.2127047412695586,-25.634341979460626
 4.585145172681801,-1.9166029432541676,-1.499289219897991,1.4934664446597015,-174.4113557883041,0.0,0.031106657948072852,32.147458645969806,-2.4325753281879243,-24.964120330897526
 4.5940309405663635,-1.9298073657913852,-1.4860192961103795,1.4933907750016568,-174.43489022681896,0.0,0.033902585359224906,29.4962755614123,-2.6485542747234265,-24.306165695677343
 4.60299666754833,-1.94301057036835,-1.4726306749604845,1.4933112704440628,-174.4605383055846,0.0,0.036707047307266844,27.242725126573482,-2.8606803237765477,-23.659659666169553
 4.6120440899652335,-1.956211852720055,-1.4591208129113162,1.493227731240541,-174.48830472145482,0.0,0.03952138921147679,25.302754279437263,-3.068986346690032,-23.023797642551944
 4.621175030749014,-1.969410509290681,-1.4454870405108209,1.4931399428976297,-174.51819484893912,0.0,0.042346964217666004,23.614443643703442,-3.273499214605224,-22.397787123806257
 4.630391405175114,-1.982605837289088,-1.4317265541034077,1.4930476748475694,-174.55021474242542,0.0,0.04518513134332907,22.13117391209344,-3.4742396528069657,-21.780846667129918
 4.639695227105537,-1.9957971347447607,-1.4178364068360272,1.4929506788990576,-174.58437113884273,0.0,0.04803725915263155,20.817174369225405,-3.67122207117839,-21.172204266647558
 4.649088615778601,-2.0089837005642672,-1.4038134988833977,1.492848687592367,-174.62067146077928,0.0,0.05090472556928008,19.644541618027674,-3.8644543731750325,-20.571096195639488
 4.658573803204905,-2.022164834588268,-1.3896545668088887,1.4927414122830036,-174.6591238200503,0.0,0.05378891997842118,18.591189419701603,-4.053937739214387,-19.97676561602773
 4.668153142236794,-2.0353398376491243,-1.3753561719652092,1.4926285410799576,-174.6997370217177,0.0,0.056691244251467494,17.63940822262186,-4.239666383267574,-19.388461295179045
 4.677829115387647,-2.048508011629152,-1.3609146878281952,1.4925097364227753,-174.74252056856318,0.0,0.059613113665518275,16.77483255799848,-4.421627280117554,-18.805436312515297
 4.687604344487687,-2.0616686595195755,-1.346326286139979,1.4923846325154038,-174.78748466602505,0.0,0.06255595911715983,15.985687280841136,-4.599799861641123,-18.22694687767979
 4.697481601275099,-2.0748210854802074,-1.3315869217244072,1.492252832219136,-174.83464022757667,0.0,0.06552122753767027,15.262229319880609,-4.774155675662869,-17.65225079942703
 4.707463819035369,-2.0879645948999332,-1.3166923158136346,1.4921139037914355,-174.88399888058734,0.0,0.0685103835363615,14.596327569371372,-4.944658010480186,-17.08060662590735
 4.717554105418107,-2.101098494458027,-1.301637937706399,1.4919673769607238,-174.93557297263143,0.0,0.07152491116007086,13.981142846329812,-5.1112614734430455,-16.511271994012155
 4.727755756579956,-2.114222092186366,-1.2864189845479466,1.4918127386442577,-174.98937557827708,0.0,0.07456631450366302,13.410881396731437,-5.273911525895293,-15.943502661657071
 4.738072272824775,-2.1273346975325746,-1.2710303589929481,1.4916494279478145,-175.045420506334,0.0,0.07763611977469873,12.880602519832472,-5.43254396415795,-15.376551007936007
 4.748507375939041,-2.1404356214241775,-1.2554666444736453,1.4914768305477275,-175.10372230759165,0.0,0.0807358765380758,12.386067295973316,-5.587084345907987,-14.809665037116352
 4.759065028452044,-2.1535241763337947,-1.2397220777531806,1.4912942721947229,-175.16429628302748,0.0,0.08386715893327851,11.923618407004364,-5.737447350273285,-14.24208688248615
 4.7697494550880934,-2.16659967634544,-1.2237905183914042,1.4911010112628689,-175.22715849250287,0.0,0.08703156730261764,11.490083782162602,-5.883536067651224,-13.673051662411307
 4.780565166722857,-2.1796614372219856,-1.2076654146882932,1.4908962301918296,-175.2923257639509,0.0,0.09023072993369696,11.082698773852506,-6.025241209151103,-13.101786205580218
 4.791516987209868,-2.1927087764738418,-1.1913397655969429,1.4906790255293088,-175.35981570305827,0.0,0.09346630415797294,10.699042922568552,-6.162440225109044,-12.527507743635352
 4.802610083508087,-2.2057410134289173,-1.1748060780080287,1.4904483964111397,-175.42964670344705,0.0,0.09673997824458966,10.336988059597033,-6.294996321270043,-11.949422649678612
 4.8138499996199435,-2.218757469303916,-1.1580563187004984,1.4902032311310789,-175.50183795736433,0.0,0.1000534726688276,9.99465559091541,-6.422757358582607,-11.366725164238428
 4.825242694944816,-2.2317574672770353,-1.1410818601229284,1.4899422914006282,-175.57640946688443,0.0,0.10340854223091515,9.67038098039292,-6.54555462018501,-10.778596118015287
 4.836794587769664,-2.244740332562142,-1.123873419010611,1.4896641938454798,-175.6533820556323,0.0,0.10680697713786144,9.362684225294073,-6.663201426378592,-10.184201669575566
 4.848512604762089,-2.257705392484455,-1.1064209866476984,1.48936738820189,-175.73277738102334,0.0,0.11025060533281121,9.070244983973746,-6.775491573561095,-9.582691956761787
 4.860404237508721,-2.270651976557855,-1.0887137493433912,1.4890501314314952,-175.81461794705086,0.0,0.11374129347845312,8.791881729298582,-6.882197572971184,-8.973200037674513
 4.872477607362715,-2.2835794165638448,-1.070739997392912,1.4887104568019605,-175.89892711759586,0.0,0.11728094947650554,8.526533972171894,-6.983068651466591,-8.354840422786673
 4.884741540140982,-2.296487046632258,-1.0524870204187198,1.4883461369373339,-175.9857291302948,0.0,0.1208715239557366,8.273247223772922,-7.0778284803373674,-7.72670811101512
 4.89720565256088,-2.309374203323784,-1.033940986520092,1.487954639194476,-176.07504911095515,0.0,0.12451501195400784,8.03116013328072,-7.166172580227942,-7.087877332488022
 4.909880452749828,-2.322240225714378,-1.0150868020634685,1.4875330715715418,-176.16691308852938,0.0,0.12821345537734616,7.799493407746411,-7.247765345785701,-6.43740053818732
 4.922777457729706,-2.335084455481643,-0.9959079481868207,1.4870781167078755,-176.26134801066098,0.0,0.13196894422204805,7.577540351595311,-7.322236618419781,-5.774307503972947
 4.935909331512209,-2.347906236993269,-0.9763862891150714,1.4865859507238843,-176.35838175980282,0.0,0.1357836193878075,7.364658598059094,-7.389177717436313,-5.097604509854536
 4.9492900483987805,-2.360704917397593,-0.9565018461132517,1.4860521428246969,-176.4580431699146,0.0,0.13965967398485987,7.160263027023873,-7.448136819317939,-4.406273773029068
 4.96293508733919,-2.373479846716392,-0.9362325292430203,1.4854715298909864,-176.56036204375465,0.0,0.14359935602015506,6.963819530358087,-7.498613546428511,-3.6992732179817183
 4.976861664879982,-2.386230377939969,-0.9155538168821252,1.4848380587639165,-176.66536917076212,0.0,0.14760497021274005,6.774839617925604,-7.5400525864920285,-2.9755365194455408
 4.991089016491061,-2.3989558671246582,-0.8944383700182047,1.4841445858045588,-176.7730963455472,0.0,0.15167888045105857,6.592875666185213,-7.571836117497642,-2.2339738184908473
 5.0056387391338095,-2.4116556734928083,-0.8728555643278335,1.4833826197454938,-176.88357638698676,0.0,0.15582351175718828,6.417516770885309,-7.593274741537189,-1.4734730390362594
 5.020535212180743,-2.4243291595353647,-0.8507709175606043,1.482541988136953,-176.99684315793868,0.0,0.16004135302815992,6.248385064727902,-7.6035965422834595,-0.6929023208212194
 5.0358061197473685,-2.4369756911171483,-0.8281453821004187,1.481610399478349,-177.1129315855784,0.0,0.1643349589010483,6.085132504290424,-7.601933751041543,0.10888620958922508
 5.051483105970847,-2.4495946375849287,-0.8049344617578424,1.4805728608611837,-177.231877682362,0.0,0.16870695275433087,5.927437984468776,-7.587306328397161,0.9330506792482376
 5.067602607052676,-2.462185371878398,-0.7810870962788569,1.4794108923053713,-177.35371856762254,0.0,0.17316002876362172,5.775004815719254,-7.55860151266514,1.780750879714177
 5.0842069220384225,-2.474747270644173,-0.7565442342281756,1.4781014496382083,-177.478492489807,0.0,0.17769695476053438,5.6275584539285255,-7.514548013067478,2.653135623811009
 5.101345611737209,-2.487279714352921,-0.7312369807147696,1.4766154214927154,-177.6062388493524,0.0,0.1823205745531203,5.484844496848837,-7.4536829705499255,3.551324143634087
 5.11907735765122,-2.499782087419736,-0.705084154005181,1.4749154897896248,-177.7369982222078,0.0,0.18703381084614656,5.346626877119009,-7.374308964809975,4.476378475355469
 5.137472480376971,-2.5122537783278998,-0.67798900252536,1.4729530149799206,-177.8708123840056,0.0,0.19183966786668702,5.21268625576916,-7.274437022942583,5.429262058011824
 5.15661642795645,-2.5246941797561293,-0.6498346997964262,1.4706633839257182,-178.00772433487953,0.0,0.1967412342119788,5.082818576417743,-7.151709453105029,6.41077653018157
 5.176614733710125,-2.537102688709473,-0.6204780097965614,1.4679588541879018,-178.14777832493493,0.0,0.20174168560641173,4.956833769848397,-7.003292767921545,7.421462948490377
 5.197600278852278,-2.5494787066539666,-0.5897401216246903,1.4647171642984518,-178.29101988036507,0.0,0.20684428797189466,4.834554581153707,-6.82572477673791,8.461442863686303
 5.219744321815195,-2.5618216396552014,-0.5573929305458923,1.4607626589673115,-178.43749583021565,0.0,0.21205240007805098,4.715815523106204,-6.61468865897163,9.530153013145792
 5.243273997146549,-2.5741308985209574,-0.5231376418251883,1.4558334629913054,-178.58725433379098,0.0,0.2173694768880101,4.600461915428933,-6.3646651076297145,10.625881905338806
 5.268501629293574,-2.586405898948028,-0.48656966121640177,1.4495209219663856,-178.7403449086955,0.0,0.22279907240641725,4.488349027664969,-6.068368763755965,11.744912964757766
 5.295877370154631,-2.598646061673425,-0.4471171314603361,1.4411492991661639,-178.89681845950722,0.0,0.22834484291783064,4.379341294604353,-5.715774108393113,12.87982148692973
 5.326092855400233,-2.6108508126300944,-0.403923711880346,1.4295126895662575,-179.05672730706695,0.0,0.23401054988525546,4.273311611336921,-5.292281300794804,14.015753980318713
 5.3603135761118885,-2.6230195831073306,-0.3555965574124117,1.412219072623875,-179.22012521837664,0.0,0.23980006354491737,4.170140679769621,-4.774823788384975,15.12117517249105
 5.400814349292645,-2.6351518099160507,-0.2995554369930996,1.383704952228882,-179.38706743708883,0.0,0.24571736562937865,4.069716429844538,-4.121951399967206,16.11999814186178
 5.453473934275295,-2.6472469355591137,-0.22968516837054534,1.3268290786107526,-179.55761071456976,0.0,0.25176655306100787,3.9719334750461504,-3.2385989661168506,16.77477014187249
 5.5802675873643315,-2.659304408406861,-0.0950952398167772,1.0614879000233328,-179.7318133415158,0.0,0.25176655306100787,3.9719334750461504,-1.3739065221481501,14.706512499164972