 0.0,0.0,0,0.0,-137.9862722114766,157.25,-5.03657605446712,-0.1985475825611854,0.0,0.0
 0.04944828651128828,0.009780532155609815,0.19779314604515308,3.9999999999999996,-137.9862722114766,156.621,-5.03657605446712,-0.1985475825611854,0.0,0.0
 0.07005855153331528,0.01963280257178477,0.4780273521784143,13.5968269128885,-140.81932441612994,155.992,-4.87153232273684,-0.20527422046092414,-137.45831029467917,-6669.410128776708
 0.0859932479603675,0.029579354779093,0.6242071979747312,9.173682502551376,-143.58269853934854,155.363,-4.6817960685427655,-0.2135932418584083,-173.41868644119472,-2256.734310009564
 0.09955089206545388,0.039641520444110595,0.7421765601032855,8.701317221057312,-146.26658476021026,154.734,-4.473264027226816,-0.22355040836253667,-197.96110593099397,-1810.2274480410435
 0.11162363095242685,0.049839339948014344,0.8446980920715231,8.491986195349842,-148.8631154569794,154.105,-4.2517075948957554,-0.23519961749028,-215.07387189255672,-1417.471720524679
 0.12266979370797393,0.06019151315342753,0.9371736986416036,8.371740360573789,-151.36635404513157,153.476,-4.022493928207363,-0.2486019911646338,-226.61612394721737,-1044.9105549222916
 0.13296181593460402,0.07071537798651009,1.0225264385703126,8.293097124087339,-153.7722011609604,152.847,-3.790391755745529,-0.2638249723090459,-233.75844541064447,-693.9667740851459
 0.14267700713417716,0.08142691345906419,1.1025552922751258,8.237496520740576,-156.07823941859306,152.218,-3.5594605225459226,-0.28094144988149633,-237.36416610451784,-371.14253541729533
 0.15193811503104868,0.09234076319675276,1.1784604886609047,8.19612482988351,-158.28353844053052,151.589,-3.3330119438936414,-0.30002892783870283,-238.12475208095285,-82.12688858661869
 0.16083397912845332,0.10347027536916707,1.2510883766380079,8.164230836023256,-160.38843989188385,150.96,-3.113627972399961,-0.3211687487600542,-236.615738314552,169.63093746464818
 0.16943107378110747,0.11482755505047637,1.3210602116382426,8.139009494170518,-162.39433880552767,150.331,-2.9032179319523577,-0.34444537869312464,-233.32288344929864,383.01949650359575
 0.17778043015339684,0.1264235253821073,1.388846015738019,8.118686169002228,-164.30347345228054,149.702,-2.7030989910585412,-0.3699457560776926,-228.6565049599606,558.8908032270928
 0.18592202288518944,0.13826799437488368,1.4548098121543462,8.102075182260256,-166.1187320575213,149.073,-2.5140870271158975,-0.39775870493519744,-222.96111645971374,699.5422993840772
 0.1938876767006559,0.15036972470551233,1.5192387983433817,8.088348763529911,-167.84348121053642,148.444,-2.336588300461864,-0.4279744102982686,-216.52323751080962,808.2047121359999
 0.20170306416783143,0.16273650437876935,1.582362963473949,8.076907945471344,-169.48141805537634,147.815,-2.1706855526127837,-0.4606839524943318,-209.5784568224205,888.6035039922289
 0.209389121378768,0.17537521660708982,1.644368742186399,8.067306423925846,-171.03644632539906,147.186,-2.016214818749334,-0.4959788960485392,-202.31807119650747,944.6176923562525
 0.2169630773216046,0.18829190768344237,1.7054087948014875,8.059203549080546,-172.51257492134366,146.557,-1.8728312788808459,-0.5339509283492816,-194.89532380244844,980.0357237461118
 0.2244392189342958,0.20149185198334707,1.7656091850235973,8.05233412378332,-173.9138369185147,145.928,-1.7400638858052353,-0.5746915433149388,-187.43117369423595,998.396030318851
 0.23182947047701136,0.21497961352660594,1.825074757645229,8.046488306645797,-175.24422649068862,145.299,-1.6173594026759968,-0.6182917651731911,-180.01952497614874,1002.8953243672369
 0.23914383943740425,0.22875910376345193,1.8838932396576595,8.041497814908015,-176.50765113711682,144.67,-1.5041169760742685,-0.6648419078481455,-172.73187246495326,996.3474020326241
 0.2463907645542149,0.24283363543044229,1.94213841596648,8.037226184897296,-177.7078966913707,144.041,-1.3997145814888166,-0.7144313656690943,-165.6213545617735,981.1772287650019
 0.2535773907786686,0.25720597245647037,1.9998726213315279,8.033561724498439,-178.84860279855346,143.41199999999998,-1.3035287029207496,-0.7671484316067237,-158.72623280466308,959.4379256358974
 0.26070978884425455,0.27187837599686315,2.0571487184916912,8.030412300811173,-179.9332468127451,142.783,-1.214948523311837,-0.8230801394565203,-152.07283780543258,932.8412320862107
 0.26779313225940976,0.28685264674122296,2.114011684414668,8.027701410228879,179.03486564945396,142.154,-1.1333857592455525,-0.8823121270428332,50677.77904063874,7175968.8750500055
 0.27483184117061993,0.3021301636849315,2.1704998937201223,8.025365165405333,178.05260498634337,141.52499999999998,-1.0582811096342115,-0.9449285174764613,-139.55125513802548,-7219694.82426568
 0.28182970016506603,0.31771191958052414,2.2266461653427414,8.023349951346539,177.11701795024962,140.896,-0.9891081229615823,-1.0110118163884907,-133.69618290912715,836.6947995873095
 0.28878995537336183,0.33359855329819327,2.282478622153704,8.021610578936366,176.2253250517384,140.267,-0.9253751369445242,-1.0806428226523115,-128.11209816680696,802.2816082468681
 0.2957153949864244,0.3497903793279081,2.3380214014391547,8.020108814563557,175.37491583522387,139.63799999999998,-0.8666258101140126,-1.153900551229187,-122.79497967327922,767.766205555924
 0.30260841637836006,0.36628741465207576,2.393295245459133,8.018812198181337,174.56334266616014,139.009,-0.8124386527294768,-1.2308621661960448,-117.73837957520375,733.5825337770357
 0.30947108233618276,0.3830894032093136,2.448317994858164,8.017693085631095,173.78831353124914,138.38,-0.7624258704531337,-1.311602922662722,-112.9341191417787,700.0574504065336
 0.31630516837333233,0.40019583815872845,2.503105002838058,8.0167278670587,173.04768423985473,137.75099999999998,-0.7162317585490683,-1.3961961167789951,-108.3728368897353,667.4312010777448
 0.3231122027024709,0.4176059821409704,2.5576694843031995,8.015896325301325,172.3394503227633,137.12199999999999,-0.673530824900129,-1.4847130421213903,-104.04441682624646,635.8745753580802
 0.3298935001323932,0.4353188857184051,2.612022811339447,8.015181106260629,171.66173885067187,136.493,-0.6340257720212663,-1.577222952328913,-99.93831992990206,605.5031413644114
 0.3366501909113829,0.4533334041626819,2.666174764175098,8.014567279597893,171.01280033645216,135.86399999999998,-0.5974454325461211,-1.6737930286592368,-96.04383794470269,576.3889620802971
 0.3433832453483836,0.4716482127439526,2.720133745039061,8.01404197290271,170.3910008390677,135.23499999999999,-0.563542724167085,-1.77448835219725,-92.35028517925342,548.570162325109
 0.35009349489198055,0.49026182066272456,2.7739069609614524,8.0135940657681,169.79481435123725,134.606,-0.5320926692171098,-1.8793718798481882,-88.84714107231866,522.0586930746148
 0.3567816502262049,0.5091725837525357,2.827500580472736,8.013213933150805,169.2228155252619,133.97699999999998,-0.5028905080062573,-1.9885044240834175,-85.52415387967115,496.8465932068384
 0.3634483168450013,0.5283787160698574,2.880919868284821,8.012893229349686,168.67367277026815,133.34799999999998,-0.47574992376168684,-2.10194463530996,-82.37141384053659,472.91100926594186
 0.37009400848860396,0.5478783004766511,2.93416930133442,8.012624705640423,168.14614173814178,132.719,-0.45050138809137424,-2.219748987315378,-79.37940253881503,450.2181958143885
 0.3767344450001999,0.5676692983108075,2.9803760339544048,6.95838783177818,167.6390592035598,132.08999999999997,-0.42699063022612677,-2.341971765212781,-76.36283152417226,454.27299988111326
 0.38342786497346054,0.5877495582305894,3.0000000000000084,2.9318294868690433,167.15133733488335,131.46099999999998,-0.40507722911379257,-2.468665054779182,-72.86586985798483,522.4476695257978
 0.3902169536668243,0.6081168243106807,3.000000000000008,-6.54121974108475e-14,166.68195834632309,130.832,-0.3846333241608363,-2.5998787343289194,-69.13725976493399,549.2062722196438
 0.3971009267165449,0.6287687434598426,3.000000000000008,0.0,166.2299695176464,130.20299999999997,-0.36554243902194117,-2.735660468523537,-65.65813454122163,505.3949512271221
 0.40407896963770346,0.6497028722233182,3.0,-1.1455369173874268e-12,165.7944785647752,129.57399999999998,-0.34769841177073063,-2.8760557027202975,-62.40875239541789,465.65809103166634
 0.4111502399055431,0.6709166830268373,3.000000000000008,1.130434204114115e-12,165.37464934289744,128.945,-0.33100442377652867,-3.0211076595010433,-59.371118055996924,429.5740686417005
 0.41831386886775385,0.6924075699134695,3.0000000000000075,-6.199221263310856e-14,164.96969786282904,128.31599999999997,-0.31537211985341534,-3.170857336611743,-56.52881831325816,396.76814052379734
 0.4255689635031245,0.7141728538195815,3.0,-1.040581404775206e-12,164.57888860112666,127.68699999999998,-0.3007208123346029,-3.3253435046169346,-53.86687305180857,366.9070350194799
 0.4329146080404327,0.736209787431506,2.9999999999999925,-1.0277541377216698e-12,164.20153108451535,127.05799999999998,-0.2869767614280946,-3.484602707981154,-51.37160050349788,339.6941596666315
 0.44034986545012544,0.7585155596605843,3.0,1.0153672094269878e-12,163.83697672984707,126.42899999999997,-0.27407252549769906,-3.6486692644002194,-49.0304954597891,314.8653657446838
 0.44787377882006973,0.7810872997704171,3.0,0.0,163.48461592126523,125.79999999999998,-0.261946374322108,-3.817575267410758,-46.83211930501166,292.18520292369107
 0.45548537262560995,0.8039220811870378,3.0,0.0,163.14387530741556,125.17099999999998,-0.25054175972614084,-3.9913505879940647,-44.76600072926783,271.44361989468905
 0.46318365390314764,0.827016925019651,3.000000000000014,1.845977589396081e-12,162.81421530216693,124.54199999999997,-0.23980683778123935,-4.17002287863133,-42.82254614553123,252.4530494108187
 0.4709676133355797,0.8503688033169471,3.0,-1.825658887171503e-12,162.4951277734921,123.91299999999998,-0.22969403780340944,-4.353617575637205,-40.99295884628463,235.04584204583452
 0.47883622625715655,0.8739746420816776,2.999999999999993,-9.03008882050469e-13,162.18613390606777,123.28399999999998,-0.2201596731710911,-4.542157905652763,-39.26916605301492,219.07200296291282
 0.48678845358458517,0.8978313240639634,2.9999999999999862,-8.376694822059252e-13,161.8867822241525,122.65499999999997,-0.2111635901986959,-4.735664889288171,-37.64375307566267,204.3971972161706
 0.4948232426805785,0.9219356913519434,3.0000000000000138,3.426789512674821e-12,161.5966467622199,122.02599999999998,-0.20266885092464385,-4.934157347997296,-36.10990387753989,190.90099065421137
 0.5029395281554577,0.9462845477765811,2.9999999999999933,-2.5169276901767437e-12,161.31532537179982,121.39699999999996,-0.19464144662165575,-5.137651909995311,-34.66134739725373,178.47529941739924
 0.511136232611923,0.970874661145977,3.0000000000000138,2.492233770486864e-12,161.04243815381642,120.76799999999997,-0.18705003882597188,-5.346163017535552,-33.29230905332542,167.02302141057007
 0.5194122673376096,0.9957027653230368,3.0,-1.6634494612043573e-12,160.7776260065294,120.13899999999998,-0.17986572517881178,-5.559702933985114,-31.997466910706176,156.45682812330344
 0.5277665329496438,1.0207655621591396,3.0000000000000133,1.5947154321153865e-12,160.52054927994814,119.50999999999996,-0.1730618274795016,-5.778281753776381,-30.771912041070106,146.6980973014163
 0.5361979199950436,1.046059723295339,3.0,-1.5801286578073504e-12,160.27088652840172,118.88099999999997,-0.1666136999311196,-6.0019074086549535,-29.611112643990623,137.67597084904514
 0.5447053095104339,1.07158189184151,3.000000000000013,1.5138118529019708e-12,160.0283333534534,118.25199999999997,-0.1604985552706961,-6.230585679188232,-28.510881570607616,129.32651918577804
 0.5532875735442778,1.0973286839430416,2.999999999999987,-3.0012097122310683e-12,159.79260133014168,117.62299999999998,-0.1546953072491104,-6.464320203260404,-27.46734688913241,121.5920038535351
 0.5619435756445104,1.1232966902437391,2.999999999999987,0.0,159.5634170099703,116.99399999999997,-0.14918442764517878,-6.703112488244461,-26.476925203753805,114.42022239712743
 0.570672171314245,1.1494824772529428,2.999999999999987,0.0,159.34052099472817,116.36499999999998,-0.1439478165422674,-6.946961920095329,-25.536297438431323,107.76392914887738
 0.5794722084379509,1.1758825886240607,3.0000000000000124,2.8764747927328735e-12,159.12366707553898,115.73599999999996,-0.13896868440656704,-7.19586577559012,-24.642386860505177,101.58031896457524
 0.5883425276803375,1.2024935463512203,2.9999999999999876,-2.803619021147256e-12,158.91262143219092,115.10699999999997,-0.13423144485855207,-7.449819236124305,-23.79233910089655,95.83057118696408
 0.5972819628599683,1.229311851890113,3.000000000000025,4.17291393447364e-12,158.70716188806426,114.47799999999998,-0.12972161719744962,-7.708815397189331,-22.983503990814224,90.47944236178559
 0.6062893412994586,1.2563339872085837,2.9999999999999876,-4.14143736471188e-12,158.50707721637022,113.84899999999996,-0.12542573747892843,-7.9728452875790365,-22.213419036199838,85.49490395986601
 0.6153634841539709,1.2835564157721207,2.9999999999999876,0.0,158.31216649387085,113.21999999999997,-0.12133127770511201,-8.24189787591652,-21.4797943590281,80.84782099357415
 0.6245032067195613,1.3109755834688916,2.999999999999988,4.858891576446634e-14,158.12223849839174,112.59099999999997,-0.1174265718917359,-8.515960092252142,-20.780498982996136,76.51166334793378
 0.633707318722825,1.338587919478683,3.0,1.302723028761483e-12,157.93711114691394,111.96199999999996,-0.11370074877392017,-8.795016838353245,-20.113548315377002,72.46225028363779
 0.642974624593159,1.3663898370896848,2.999999999999988,-1.2938397451987393e-12,157.7566109711569,111.33299999999997,-0.11014367020726734,-9.07905100781742,-19.477092726038006,68.67752054848941
 0.6523039237188507,1.3943777344667596,2.999999999999976,-1.2852421714008123e-12,157.58057262789194,110.70399999999997,-0.1067458749319006,-9.36804350180237,-18.86940711121176,65.13732774981528
 0.6616940106881234,1.4225479953745777,3.0,2.553844007023168e-12,157.4088384414149,110.07499999999996,-0.10349852713481636,-9.661973244289824,-18.28888135317702,61.823256795640596
 0.6711436755161648,1.4508969898587019,2.9999999999999885,-1.2218760840954345e-12,157.24125797582005,109.44599999999997,-0.10039336933196087,-9.96081719992282,-17.734011591348853,58.71845953537023
 0.6806517038590837,1.4794210748874586,3.0000000000000115,2.4287515854327026e-12,157.0776876348988,108.81699999999996,-0.09742267910877264,-10.264550401898697,-17.203392230426857,55.80750727538336
 0.6902168772156891,1.5081165949572748,2.9999999999999885,-2.414241545999384e-12,156.91799028770313,108.18799999999996,-0.09457922965529868,-10.573145960741881,-16.695708613100035,53.07625888204468
 0.6998379731178872,1.5369798826638688,2.999999999999977,-1.20010439283364e-12,156.76203491785634,107.55899999999997,-0.09185625338454555,-10.886575090468975,-16.2097303084934,50.511741026882994
 0.7095137653104516,1.566007259241562,2.9999999999999885,1.1933203221307968e-12,156.60969629500403,106.92999999999996,-0.08924740857498181,-11.204807130728543,-15.744304943774024,48.102042236607865
 0.7192430239208681,1.5951950350728115,3.0,1.1867625189590191e-12,156.46085466678514,106.30099999999996,-0.08674674871763695,-11.527809569613122,-15.29835254451392,45.836216007523035
 0.7290245156198825,1.6245395101698545,3.0000000000000115,1.1804252164590751e-12,156.31539546989092,105.67199999999997,-0.08434869432991837,-11.85554806679801,-14.87086033195524,43.70419417743381
 0.738857003773358,1.6540369746302812,3.0000000000000226,1.1291374139441264e-12,156.1732090589024,105.04299999999996,-0.082048007008505,-12.187986478408199,-14.460877935383328,41.696708927841
 0.748739248585988,1.6836837090681713,3.000000000000011,-1.1683903480457047e-12,156.0341904516386,104.41399999999996,-0.07983976556920762,-12.525086877079675,-14.067512989165934,39.805221756361966
 0.7586700072373792,1.7134759850223449,2.999999999999978,-3.3538918735164878e-12,155.89823908993316,103.78499999999997,-0.07771934392208969,-12.866809593792468,-13.689927071827166,38.02186022171336
 0.7686480340109749,1.743410065343132,2.999999999999989,1.1126679150261217e-12,155.76525861473493,103.15599999999996,-0.07568239083934364,-13.21311323426305,-13.32733196808959,36.33935967150229
 0.7786720804162683,1.7734822045590122,3.0,1.1075597415818813e-12,155.63515665459863,102.52699999999996,-0.07372481119843637,-13.563954708658637,-12.978986217343524,34.75101138419657
 0.7887408953047093,1.8036886492243347,2.999999999999978,-2.205270504872827e-12,155.50784462666334,101.89799999999997,-0.07184274862845139,-13.919289268450635,-12.644191927835504,33.25061521315358
 0.798853224979686,1.8340256382492652,3.0000000000000218,4.347646208958984e-12,155.3832375492566,101.26899999999995,-0.07003256950555266,-14.279070539039884,-12.322291836971134,31.83243636339501
 0.8090078133009481,1.8644894032130512,2.999999999999989,-3.236231788943699e-12,155.26125386542785,100.63999999999996,-0.0682908481911785,-14.643250545088051,-12.012666586724684,30.491167189727022
 0.819203401783783,1.895076168661556,2.999999999999989,0.0,155.1418152765834,100.01099999999997,-0.06661435328868782,-15.011779753625797,-11.714732214381396,29.22189070742549
 0.829438729693273,1.925782152390026,3.0,1.0846970751135184e-12,155.02484658568392,99.38199999999995,-0.06500003494286406,-15.384607114119461,-11.427937818290488,28.02004963856562
 0.8397125341339114,1.9566035657119412,2.9999999999999893,-1.037409374295936e-12,154.91027554930744,98.75299999999996,-0.06344501314292675,-15.761680082676229,-11.151763403564384,26.881416355725694
 0.850023550134842,1.9875366137147328,3.0,1.0336654540580323e-12,154.7980327380304,98.12399999999997,-0.061946566736122574,-16.142944681014505,-10.88571788336936,25.802066466681318
 0.8603705107309891,2.018577495503174,2.9999999999999893,-1.030074574785781e-12,154.68805140462547,97.49499999999995,-0.06050212335267062,-16.528345528816207,-10.629337222555955,24.778354805842408
 0.8707521470402914,2.0497224044310807,2.9999999999999893,0.0,154.58026735953555,96.86599999999996,-0.059109250006515845,-16.917825888329933,-10.382182719437163,23.80689283994051
 0.881167188337275,2.0809675283220317,3.0,1.0233412170423398e-12,154.47461885320797,96.23699999999995,-0.05776564435066924,-17.31132771460922,-10.143839406394978,22.884528850712208
 0.8916143621231675,2.112309049679709,3.0,0.0,154.3710464648572,95.60799999999995,-0.056469126520954774,-17.708791716990987,-9.913914564209415,22.008329419775514
 0.9020923941927326,2.1437431458884046,3.000000000000032,3.0515675936971656e-12,154.2694929972215,94.97899999999996,-0.05521763167603597,-18.11015738355168,-9.692036344368612,21.1755622017305
 0.9126000086980253,2.175265989404283,3.0000000000000213,-1.0143254714029514e-12,154.16990337701404,94.34999999999995,-0.05400920291658982,-18.51536304922644,-9.477852480911267,20.38368112471786
 0.9231359282092219,2.206873747937873,3.0000000000000107,-1.0116004611723758e-12,154.07222456066845,93.72099999999995,-0.0528419847146834,-18.924345960876188,-9.271029096398351,19.630311743851433
 0.9336988737726822,2.2385625846282537,2.999999999999979,-2.9849944515879177e-12,153.97640544506942,93.09199999999996,-0.051714216801085025,-19.337042342658446,-9.071249588796194,18.913238395664887
 0.9442875649664025,2.2703286582094147,3.0,1.971177785912894e-12,153.882396783013,92.46299999999995,-0.05062422860873373,-19.75338740919559,-8.878213590001405,18.230392714566165
 0.9549007199529908,2.3021681231691793,3.0,0.0,153.7901511030549,91.83399999999995,-0.04957043374490754,-20.173315511945297,-8.691636000291657,17.57984218128566
 0.9655370555302908,2.3340771299010794,3.0,0.0,153.6996226335242,91.20499999999996,-0.04855132516837471,-20.596760161170195,-8.5112460840257,16.95978045774939
 0.9761952871797897,2.366051824849576,2.99999999999999,-9.583251858699932e-13,153.6107672304687,90.57599999999995,-0.0475654705488499,-21.02365410162392,-8.336786624419652,16.368518281759474
 0.9868741291129144,2.39808835064895,2.999999999999979,-9.980615035925362e-13,153.52354230928694,89.94699999999995,-0.04661150791187484,-21.453929400667125,-8.168013135507623,15.80447486431172
 0.9975722943153285,2.430182846256192,3.0,1.951006781821156e-12,153.43790677982378,89.31799999999996,-0.04568814168678081,-21.8875174844184,-8.00469312661527,15.266170020958155
 1.0082884945893322,2.462331447078203,2.999999999999979,-1.9477232908371822e-12,153.35382098477572,88.68899999999995,-0.04479413862160436,-22.32434936292528,-7.8466054103183165,14.752217414269237
 1.0190214405944618,2.494530285093592,3.000000000000021,3.889368837405429e-12,153.27124664117196,88.05999999999995,-0.043928324702774704,-22.764355498784493,-7.69353945918487,14.261317541362125
 1.0297698418863772,2.526775488969338,2.999999999999979,-3.8837762558515985e-12,153.1901467847978,87.43099999999994,-0.04308958129097164,-23.20746616791854,-7.545294799809836,13.792252014868273
 1.040532406954123,2.5590631841725755,2.9999999999999796,4.126239488957381e-14,153.11048571736288,86.80199999999995,-0.04227684247423173,-23.653611326567553,-7.401680448246217,13.343877659240729
 1.051307843255848,2.59138949307775,2.9999999999999796,0.0,153.0322289563053,86.17299999999994,-0.04148909181917086,-24.10272088766065,-7.262514376802475,12.915121721935675
 1.062094857253052,2.6237505350693615,2.9999999999999587,-1.934937033396187e-12,152.95534318705356,85.54399999999994,-0.0407253598852675,-24.554724692850474,-7.127623017053358,12.504976797479145
 1.0728921544434358,2.656142426640513,3.0000000000000204,5.717023351374891e-12,152.8797962176132,84.91499999999995,-0.039984721350514354,-25.009552804777424,-6.996840793418047,12.112496426585937
 1.0836984393924225,2.6885612814874733,3.0,-1.890390985388403e-12,152.805556935396,84.28599999999994,-0.039266292894525164,-25.46713545600401,-6.87000968118858,11.736791397617145
 1.094512415763411,2.7210032106004385,2.9999999999999796,-1.889046448067615e-12,152.73259526612958,83.65699999999994,-0.03856923069265633,-25.927403322317296,-6.746978795159153,11.377025601747434
 1.1053327863468236,2.753464322350676,2.999999999999959,-1.8879301310085064e-12,152.6608821347451,83.02799999999995,-0.03789272836466499,-26.390287613401334,-6.6276040022533955,11.032412613367969
 1.1161582530880072,2.7859407225742268,3.0,3.774082751626365e-12,152.59038942817804,82.39899999999994,-0.03723601494252946,-26.85572023599767,-6.5117475534677745,10.702212805741263
 1.1269875171140344,2.8184285146523083,2.9999999999999796,-1.8863796841600334e-12,152.521089959922,81.76999999999994,-0.03659835298315939,-27.323633947684662,-6.399277743112109,10.385729822945738
 1.1378192787594659,2.8509237995886028,3.0000000000000204,3.771889434387427e-12,152.45295743631667,81.14099999999993,-0.035979036699814816,-27.79396258836321,-6.290068581233853,10.082308441888458
 1.148652237591116,2.8834226760835526,2.9999999999999796,-3.771472590372866e-12,152.385966424429,80.51199999999994,-0.03537739047245841,-28.266641113015623,-6.1839994897722175,9.791331538318005
 1.1594850924318638,2.9159212406057966,3.0000000000000204,3.771508794941536e-12,152.32009232146535,79.88299999999994,-0.034792766938307705,-28.74160602900987,-6.08095501435773,9.512217871404005
 1.1703165413835657,2.948415587460902,2.9999999999999796,-3.7719983252828226e-12,152.25531132566795,79.25399999999993,-0.03422454573991466,-29.218795410737673,-5.980824549538709,9.24442013857138
 1.1811452818490937,2.980901808857486,3.0,1.8864708890321257e-12,152.19160040857335,78.62499999999994,-0.03367213199493519,-29.698149203929688,-5.883502083866249,8.987422496852131
 1.1919700105535551,3.0133759949708705,3.0000000000000204,1.887170035465507e-12,152.1289372886188,77.99599999999995,-0.03313495488755864,-30.17960952092545,-5.78888595413336,8.74073912761375
 1.2027894235647176,3.045834234004358,2.9999999999999796,-3.776194444564962e-12,152.06730040600203,77.36699999999995,-0.03261246664072851,-30.663120671502252,-5.696878615612897,8.503912220148884
 1.2136022163126785,3.0782726122482407,3.0000000000000204,3.778506465308013e-12,152.006668898739,76.73799999999994,-0.03210414084699145,-31.148629853264307,-5.607386424236606,8.276510376393567
 1.2244070836088197,3.110687214136664,2.9999999999999796,-3.781278028356452e-12,151.9470225799075,76.10899999999995,-0.03160947167201539,-31.636087131608832,-5.520319426118403,8.058127483832914
 1.2352027196640656,3.143074122302402,3.0000000000000204,3.7845113615471065e-12,151.88834191594594,75.47999999999995,-0.031127972830195562,-32.12544567084542,-5.435591164918559,7.848380657355628
 1.2459878181064845,3.1754294176296587,3.0,-1.89410451486998e-12,151.83060800604596,74.85099999999994,-0.030659176137168984,-32.61666248062262,-5.353118491055598,7.646909697048994
 1.2567610719982578,3.2077491793049786,3.0,0.0,151.77380256252954,74.22199999999994,-0.030202630834522674,-33.10969847225907,-5.272821385914232,7.453375363471573
 1.2675211738520478,3.2400294848663487,3.0000000000000204,1.8985046731604722e-12,151.7179078922354,73.59299999999995,-0.029757902675049262,-33.604518803620444,-5.194622788303007,7.267458865520103
 1.2782668156467836,3.2722664102505563,3.000000000000021,4.132737888839901e-14,151.66290687877267,72.96399999999994,-0.029324572732375376,-34.10109361613867,-5.118448438291307,7.088859973819016
 1.2889966888428939,3.304456029838887,2.999999999999979,-3.890482670479155e-12,151.60878296573796,72.33499999999994,-0.028902236702785862,-34.599398319356055,-5.044226715961367,6.917297247915877
 1.2997094843970118,3.336594416501241,3.0,1.9483423124722776e-12,151.55552014075468,71.70599999999995,-0.028490504117343014,-35.099414032174685,-4.971888496724942,6.7525062782159155
 1.3104038927761705,3.368677641638717,3.000000000000021,1.9516921481723814e-12,151.50310292035923,71.07699999999994,-0.028088997628862557,-35.601128000824794,-4.901367007604224,6.59423940254138
 1.3210786039715088,3.400701775224732,3.000000000000021,0.0,151.45151633568548,70.44799999999994,-0.027697351647256445,-36.10453492939116,-4.832597690911838,6.442264847635306
 1.3317323075115146,3.43266288584475,3.0000000000000417,1.959149021237127e-12,151.40074591893926,69.81899999999995,-0.027315212663973593,-36.60963626027022,-4.765518071306146,6.296366268668981
 1.3423636924748188,3.4645570407346624,2.999999999999979,-5.889785649281758e-12,151.35077769061226,69.18999999999994,-0.026942237365726394,-37.11644235129909,-4.700067629895164,6.156341966441216
 1.352971447502559,3.496380305817883,3.0,1.967635263858419e-12,151.30159814743988,68.56099999999994,-0.026578092829318882,-37.62497205581575,-4.636187680032673,6.022004627316497
 1.3635542608103322,3.5281287457412027,3.000000000000021,1.9722726137124645e-12,151.25319425107293,67.93199999999993,-0.026222455187970284,-38.135254415793845,-4.573821247643743,5.893180818291625
 1.3741108201997552,3.559798423909472,3.000000000000042,2.019245218679917e-12,151.20555341743335,67.30299999999994,-0.02587500965658673,-38.6473285719312,-4.512912956026817,5.769710506052932
 1.3846398130696416,3.591385402519131,2.999999999999979,-5.989240241492278e-12,151.15866350676887,66.67399999999994,-0.02553544928185926,-39.16124556736951,-4.453408910416884,5.651447042016588
 1.3951399264268187,3.6228857425906624,2.9999999999999787,-4.2293753861858435e-14,151.1125128143681,66.04499999999993,-0.025203474342338696,-39.677069376110765,-4.3952565873223675,5.538256694606824
 1.4056098468965923,3.654295503999983,2.9999999999999787,0.0,151.06709006191392,65.41599999999994,-0.02487879228339686,-40.1948771712428,-4.3384047266951615,5.430018383743705
 1.4160482607328795,3.6856107455088445,3.0,2.0420997296256786e-12,151.02238438952506,64.78699999999994,-0.02456111627336019,-40.71476185651356,-4.282803219914716,5.326624107118387
 1.4264538538280174,3.716827524794258,3.0,0.0,150.97838534838436,64.15799999999993,-0.024250165411083824,-41.23683212251155,-4.2284030077316155,5.227978038899092
 1.4368253117222631,3.7479418984769954,3.0,0.0,150.93508289405082,63.52899999999994,-0.023945663411246838,-41.76121508207279,-4.17515596891487,5.1339974919328855
 1.4471613196129982,3.778949922149201,3.0000000000000213,2.062332217442515e-12,150.89246738036354,62.899999999999935,-0.02364733844436899,-42.28805716772428,-4.123014817499922,5.0446121912973885
 1.457460562363646,3.809847650401145,3.000000000000043,2.112812738711713e-12,150.85052955400687,62.27099999999993,-0.02335492230002079,-42.8175263078957,-4.07193299274738,4.959765100140853
 1.4677217245123162,3.840631136847155,2.9999999999999782,-6.318682396663249e-12,150.80926054967082,61.64199999999994,-0.023068149794996006,-43.34981387267228,-4.021864554726743,4.879412029087472
 1.4779434902801862,3.8712964341507647,2.9999999999999565,-2.1288270321212207e-12,150.7686518858869,61.012999999999934,-0.02278675795979771,-43.885137225939864,-3.9727640709156025,4.803522691302199
 1.4881245435796295,3.9018395940490946,3.0,4.2746797689081795e-12,150.72869546146413,60.38399999999993,-0.022510485793031845,-44.423741415192005,-3.924586508644471,4.732080351034535
 1.498263568022102,3.9322566673765116,2.9999999999999782,-2.1461997065022193e-12,150.68938355259638,59.754999999999924,-0.022239073123073917,-44.965902781373586,-3.8772871187751448,4.665082931567794
 1.5083592469257923,3.9625437040875826,3.0,2.155414359969279e-12,150.6507088106225,59.125999999999934,-0.02197226033950875,-45.5119311599399,-3.8308213189879456,4.602543348542354
 1.5184102633230523,3.992696753279363,3.000000000000022,2.2091756310890324e-12,150.61266426044668,58.49699999999993,-0.021709787136890518,-46.06217434074895,-3.7851445736526292,4.544490181885307
 1.528415299967608,4.022711863213029,2.9999999999999334,-8.877313009977198e-12,150.57524329966702,57.867999999999924,-0.021451392257272266,-46.617020844462374,-3.740212265992108,4.490968824684072
 1.538373039341567,4.0525850813349065,2.999999999999978,4.459739235708619e-12,150.53843969839008,57.23899999999993,-0.021196812345693178,-47.1769048898139,-3.6959795687352996,4.442042073573753
 1.5482821636622244,4.082312454296878,3.0,2.2408095583394913e-12,150.50224759977996,56.60999999999993,-0.020945781477803484,-47.74231035780226,-3.6524013060040064,4.3977915021660285
 1.558141354888681,4.111890027976249,3.0000000000000226,2.297201583997757e-12,150.46666152137126,55.98099999999992,-0.020698029719369963,-48.31377737679853,-3.6094318074685026,4.358318806130535
 1.5679492947282772,4.141313847495037,3.0000000000000226,0.0,150.43167635716011,55.35199999999993,-0.020453282784015904,-48.8919070136503,-3.567024755789893,4.323747124488498
 1.577704664642849,4.170579957238752,2.9999999999999774,-4.643299003664132e-12,150.39728738051042,54.72299999999993,-0.02021126058695737,-49.47736909816081,-3.5251330242559207,4.294222761496479
 1.5874061458548219,4.199684400874671,2.999999999999977,-4.5775402760353595e-14,150.36349024791505,54.09399999999992,-0.019971676403557244,-50.07090941158478,-3.483708503571607,4.269917116696562
 1.5970524193531361,4.228623221369614,3.000000000000046,7.181832108400872e-12,150.3302810036758,53.46499999999993,-0.01973423577236828,-50.67335829645818,-3.442701914375538,4.251029084260975
 1.6066421658990238,4.257392461007276,2.9999999999999307,-1.2040275935189385e-11,150.29765608551617,52.83599999999993,-0.01949863491283772,-51.285641506196384,-3.4020626096351725,4.237787155886027
 1.6161740660316308,4.285988161405098,3.0000000000000466,1.2159934762048801e-11,150.2656123311818,52.20699999999992,-0.019264559679628073,-51.908790890117366,-3.3617383615608656,4.230452219737896
 1.6256468000735071,4.314406363530727,3.000000000000047,4.6880785197480254e-14,150.23414698614843,51.57799999999992,-0.01903168422159205,-52.54395713782747,-3.3216751250780234,4.229321366538245
 1.6350590481359533,4.342643107718066,3.0000000000000706,2.5006489380536408e-12,150.20325771242776,50.94899999999993,-0.01879966895604365,-53.19242601229548,-3.2818167897577566,4.234730646262667
 1.6444094901242403,4.370694433682927,2.9999999999999765,-1.006871253852466e-11,150.17294259858096,50.31999999999992,-0.01856815942202389,-53.85563411384165,-3.2421049063488567,4.247059492871635
 1.6536968057427097,4.398556380538335,2.999999999999976,-4.781674577387203e-14,150.1432001710429,49.69099999999992,-0.018336783903953716,-54.53519031679178,-3.2024783866418205,4.2667355493154595
 1.6629196744997548,4.426224986809471,3.0000000000000724,1.044874009118387e-11,150.114029406816,49.06199999999993,-0.018105151515798616,-55.23289872097434,-3.1628731791967013,4.294239513585864
 1.6720767757126884,4.4536962904482715,2.9999999999999516,-1.3191102977938874e-11,150.08542974766914,48.43299999999992,-0.017872850200912824,-55.95078505995237,-3.1232219107139407,4.330111414161953
 1.6811667885125114,4.480966328847741,3.0,5.325154643852565e-12,150.05740111591695,47.80399999999992,-0.017639443940568728,-56.691129457891414,-3.083453496647983,4.374956883089575
 1.6901883918485772,4.508031138855938,3.0000000000000493,5.463984666261529e-12,150.02994393196488,47.174999999999926,-0.017404470291003213,-57.45650302939262,-3.043492706256512,4.429455486223733
 1.6991402644931644,4.5348867567896995,2.999999999999975,-8.284623898196715e-12,150.0030591337155,46.54599999999992,-0.017167436932573034,-58.249813523568385,-3.003259688421586,4.494368880376528
 1.708021085045964,4.561529218448099,3.000000000000025,5.600607647401113e-12,149.97674819801773,45.916999999999916,-0.016927818660315414,-59.07435683632064,-2.962669444942999,4.570551024791298
 1.7168295319384832,4.587954559125657,3.0000000000000506,2.9241447993719248e-12,149.95101316433025,45.28799999999991,-0.016685053705955834,-59.933879604058085,-2.9216312479931714,4.65895945682326
 1.7255642834383749,4.614158813625331,2.9999999999999494,-1.159189701585329e-11,149.92585666082226,44.65899999999992,-0.01643853943143704,-60.83265512552784,-2.8800479908678573,4.760668592097902
 1.7342240176536967,4.640138016271297,2.9999999999999742,2.8717966548675686e-12,149.90128193309314,44.029999999999916,-0.016187627756823152,-61.77557422386957,-2.837815470784558,4.876884097502249
 1.7428074125371087,4.665888200921533,3.0,3.000814307294799e-12,149.87729287578915,43.40099999999991,-0.01593161999716522,-62.76825584453648,-2.7948215863088923,5.008960330923928
 1.751313145890015,4.691405400980251,2.9999999999999476,-6.1608475822254155e-12,149.85389406740123,42.77199999999992,-0.015669761321162386,-63.81718135358425,-2.7509454408125382,5.1584200533822
 1.7597398953666534,4.7166856494101665,3.000000000000026,9.327889758841884e-12,149.83109080852444,42.142999999999915,-0.015401233892756683,-64.92986256577193,-2.70605634355234,5.326976598111127
 1.7680863384781436,4.741724978744637,3.0,-3.139213079291671e-12,149.80888916397728,41.51399999999991,-0.015125150370583087,-66.11504517303183,-2.6600126845143093,5.516560578319298
 1.7763511525965001,4.766519421099707,3.0000000000000266,3.2239506187832015e-12,149.78729600911336,40.88499999999992,-0.014840545033888848,-67.38296994594664,-2.612660678714819,5.729349156724401
 1.784533014958617,4.791065008186057,2.999999999999946,-9.878464415013754e-12,149.7663190808318,40.255999999999915,-0.014546364826232415,-68.74569777025215,-2.563832945747305,5.967801804341442
 1.792630602670232,4.815357771320903,3.0000000000000546,1.3436329470960846e-11,149.7459670337555,39.62699999999991,-0.014241459374529189,-70.2175229168225,-2.513346912822445,6.234700348159624
 1.8006425927098806,4.839393741439848,2.999999999999917,-1.718270421858382e-11,149.72624950210954,38.99799999999992,-0.013924569066170385,-71.81550791611146,-2.4610030152806375,6.533195533541152
 1.8085676619328463,4.863168949108744,2.999999999999944,3.418196237624314e-12,149.70717716802145,38.368999999999915,-0.013594311725815697,-73.56017871070242,-2.406582649503476,6.866863146060386
 1.816404487075121,4.8866794245355685,3.0,7.140039419696247e-12,149.68876183686368,37.73999999999991,-0.01324916778012918,-75.47643871638329,-2.3498458653112517,7.23976650776161
 1.8241517447573814,4.909921197582349,2.999999999999971,-3.725937592904756e-12,149.67101652057082,37.110999999999905,-0.012887463099852942,-77.5947905535738,-2.2905287290885195,7.65653327351644
 1.831808111488996,4.932890297777194,3.000000000000087,1.5138679720273104e-11,149.65395552970693,36.481999999999914,-0.012507349268566779,-79.95299231893844,-2.228340342349008,8.122440959198645
 1.8393722636720748,4.95558275432643,3.0,-1.1507103905884491e-11,149.63759457555136,35.85299999999991,-0.012106781386602972,-82.59833626025264,-2.1629594116572473,8.643523967962746
 1.8468428776055772,4.977994596126937,2.9999999999999405,-7.965604252823447e-12,149.62195088320087,35.223999999999904,-0.01168349263601176,-85.59084437796648,-2.0940303554355317,9.226692322112921
 1.8542186294894865,5.0001218517786645,2.99999999999997,3.973816949299199e-12,149.60704331724097,34.594999999999914,-0.011234965171021396,-89.00784157118021,-2.0211588180480002,9.879879168184313
 1.861498195429078,5.021960549597439,2.9999999999999694,-6.100490242622712e-14,149.59289252146343,33.96599999999991,-0.01075839553024929,-92.95066324604896,-1.9439065316469017,10.61221054142056
 1.8686802514392915,5.0435067176280794,3.0,4.266487957776732e-12,149.57952107454923,33.336999999999904,-0.010250656645375182,-97.55472596491394,-1.8617853850165802,11.434211389264716
 1.8757634734492337,5.064756383657906,3.0000000000000626,8.840126499066228e-12,149.56695366370536,32.70799999999991,-0.009708251455311246,-103.00516056914803,-1.7742505919282006,12.35804736396998
 1.8827465373068286,5.0857055752306914,3.000000000000032,-4.388067487930411e-12,149.55521727881103,32.07899999999991,-0.009127262254374095,-109.56187870253929,-1.6806927637565048,13.39781936405175
 1.889645182400532,5.106350319661157,2.9925795790406196,-1.0756345425256397,149.54434142980605,31.449999999999903,-0.008503287215741043,-117.6015786164236,-1.5765195711984636,15.100529327580986
 1.8965210075024181,5.126686644050092,2.9576558576739047,-5.079204437171459,149.53435839059395,30.8209999999999,-0.007831373973389979,-127.69151408142095,-1.4519041808360222,18.123699849238168
 1.9034197269983344,5.1467105753001805,2.9025576792826615,-7.986725424023834,149.52530347328792,30.191999999999908,-0.0071059295362343655,-140.72754238566915,-1.3125504394509941,20.19994311517084
 1.910341276102032,5.166418140132696,2.8472766048842044,-7.9868066483737366,149.51721533723895,29.562999999999903,-0.006320629858406963,-158.2120805049068,-1.1685441983847125,20.80549294800954
 1.9172855893105714,5.185805365105148,2.791813155635303,-7.986887627807182,149.51013633801753,28.933999999999912,-0.005468299709682553,-182.8722003348372,-1.0193951523848546,21.47786851210138
 1.9242526002938787,5.204868276630053,2.7361678588679164,-7.986968428887329,149.50411292250106,28.304999999999893,-0.004540779312333718,-220.2265142645863,-0.8645623684099527,22.223703155610778
 1.9312422417702184,5.2236029009950125,2.6803412490292495,-7.987049125143617,149.49919607723842,27.675999999999902,-0.0035287624495951835,-283.3854684989405,-0.7034474199144715,23.050531138236895
 1.9382544453653672,5.242005264384285,2.624333868743309,-7.9871297982118135,149.49544183866422,27.046999999999912,-0.002421608218375052,-412.9487141693879,-0.5353864192957118,23.966931127759764
 1.945289141452875,5.260071392902091,2.5681462700127162,-7.9872105392541615,149.4929118752016,26.417999999999893,-0.0012071009003393307,-828.4311607413166,-0.35964076218219854,24.98269362703544
 1.952346258972307,5.277797312597918,2.511779015584985,-7.987291450443,149.49167415343874,25.788999999999902,0.00012878755481122867,7764.725415167308,-0.1753863046016178,26.109024977014876
 1.9594257252217684,5.295179049494158,2.455232680509343,-7.9873726469060475,149.49180370271355,25.15999999999991,0.0016023415759816087,624.0866585436947,0.018299299729375513,27.35878631326634
 1.9665274656202663,5.312212629616439,2.398507853917525,-7.987454258932966,149.49338349547247,24.530999999999892,0.0032323052656386157,309.3767196528782,0.22245149361509403,28.746783524908906
 1.973651403434582,5.328894079027077,2.3416051410663377,-7.987536434812758,149.496505464411,23.9019999999999,0.005040549665887365,198.39106174623015,0.4382364108028895,30.290118023513582
 1.9807974594642186,5.345219423862216,2.284525165690396,-7.9876193440431935,149.50127168160398,23.27299999999991,0.007052584197602682,141.79199737025763,0.666971707642556,32.00860669032551
 1.9879655516765946,5.361184690373217,2.227268572722398,-7.987703181209365,149.50779573072367,22.64399999999989,0.009298305627260674,107.54647567920445,0.9101513940352894,33.92530106865439
 1.9951555947829653,5.37678590497308,2.169836031447431,-7.987788171127791,149.51620430999213,22.0149999999999,0.01181288660996804,84.65331404740417,1.1694755016189757,36.06711444524062
 2.0023674997433902,5.392019094288774,2.112228239180192,-7.987874574520857,149.52663911243454,21.38599999999991,0.014637902856412636,68.31579699696638,1.4468857395744465,38.46559812944719
 2.009601173186349,5.40688028522054,2.054445925566692,-7.987962695461026,149.53925904115832,20.75699999999989,0.01782272244230516,56.10815088644009,1.7446085758899077,41.15790388703159
 2.0168565167251704,5.421365505009487,1.9964898576394887,-7.988052890548067,149.55424283098557,20.1279999999999,0.021426258819503823,46.67170355889304,2.06520749115177,44.18797174060931
 2.0241334261490334,5.435470781315055,1.9383608457888148,-7.988145580052599,149.57179216652779,19.49899999999988,0.025519186093085795,39.18620273986487,2.4116468297188787,47.60803225488022
 2.0314317904606316,5.449192142304309,1.880059750846983,-7.988241262385639,149.59213540942102,18.86999999999989,0.03018675953824328,33.12710656250171,2.787370159216886,51.480484319058164
 2.0387514907252258,5.4625256167554515,1.82158749254221,-7.988340531866702,149.61553207850957,18.2409999999999,0.03553243785509093,28.14329835960649,3.1963971532712447,55.88029280827891
 2.046092398686236,5.475467234178585,1.7629450596398604,-7.98844410171311,149.64227826624725,17.61199999999988,0.04168256556211361,23.990845729249607,3.643444091619744,60.898044318619796
 2.053454375089825,5.48801302495745,1.7041335221814422,-7.988552833413986,149.67271322779382,16.98299999999989,0.04879248493266246,20.49495944672792,4.134074856819093,66.6438926590639
 2.0608372676440934,5.500159020516872,1.6451540463499679,-7.988667774580406,149.70722744995874,16.3539999999999,0.057054582765318065,17.527075854945572,4.674891570100775,73.25268643778423
 2.0682409085159175,5.511901253521971,1.5860079126456248,-7.988790208535696,149.7462726025902,15.72499999999988,0.06670898898639598,14.99048351945389,5.273777227643032,80.89069525527981
 2.0756651112377615,5.523235758116833,1.5266965382710191,-7.988921719512729,149.79037390530175,15.09599999999989,0.07805795413565467,12.810994229519888,5.940207233539408,89.76452164157001
 2.0831096668547793,5.534158570212661,1.467221504915486,-7.989064279347635,149.84014562197027,14.4669999999999,0.0914853889812113,10.930707199653202,6.685653144254308,100.13302997036692
 2.0905743390841804,5.544665727838516,1.407584593529833,-7.989220363991407,149.8963106461447,13.83799999999988,0.10748374842710055,9.303732095631526,7.524111233341843,112.32349704319135
 2.0980588581769104,5.554753271571937,1.3477878282413402,-7.989393112321136,149.9597254949422,13.20899999999989,0.12669151606375303,7.893188360748523,8.472802061402305,126.75374547203276
 2.1055629130550195,5.564417245072621,1.2878335323579764,-7.9895865445044825,150.03141253693846,12.579999999999899,0.14994622953200976,6.669057322221797,9.55310737470731,143.96287485269818
 2.113086141129484,5.573653695750526,1.2277244005476426,-7.989805867292082,150.11260201958584,11.95099999999988,0.17836068532259416,5.606616717082793,10.791841194201591,164.65456147724714
 2.120628114955657,5.5824586756115275,1.167463592945109,-7.990057906779161,150.2047875559037,11.321999999999889,0.21343437108982338,4.6852809830669315,12.222998705982025,189.75901332538507
 2.128188324513538,5.590828242340729,1.1070548594088443,-7.99035173215433,150.3098003797034,10.692999999999898,0.2572195479887758,3.887729404001739,13.89020013211642,220.52317642391748
 2.135766153336553,5.5987584607087495,1.0465027058852572,-7.990699570790084,150.4299102134165,10.06399999999988,0.3125740714835768,3.1992416877499763,15.850164541629349,258.6445874259145
 2.143360845835934,5.606245404424183,0.985812620595774,-7.99111817817894,150.56796457440257,9.434999999999889,0.3835554068926821,2.6071852515425435,18.17774202146018,306.47422262593545
 2.1509714617723628,5.613285158614022,0.9249913868524352,-7.9916309338662765,150.72758475284616,8.805999999999898,0.47605108426458104,2.100614898388126,20.973358763191982,367.3312074979929
 2.1585968115468783,5.619873823206392,0.8640475240086753,-7.992271127999709,150.9134472880872,8.176999999999879,0.5988178880351549,1.6699567931766475,24.37429635847288,446.0041435275613
 2.166235362150494,5.626007517640674,0.8029919224961976,-7.993087259718854,151.1316978209959,7.547999999999888,0.7652536062818704,1.306756337756694,28.572244164408144,549.5738686274082
 2.1738850969568486,5.631682387583294,0.7418387808562958,-7.994151848127013,151.39057602937785,6.9189999999998975,0.9965370724281991,1.0034749611104412,33.841461819944676,688.8104998305787
 2.1815433005562745,5.636894614769045,0.6806070272331274,-7.995576616395848,151.70138871020174,6.289999999999878,1.3274488688392474,0.7533246842678194,40.5855860044249,880.6404918492592
 2.1892062173261357,5.641640431890872,0.6193225457560115,-7.997539751201806,152.08007997593236,5.660999999999888,1.817745276094762,0.5501320856948652,49.41868443880897,1152.7070826509937
 2.196868488118998,5.645916145996352,0.5580217955051259,-8.000337224832949,152.54987362847663,5.031999999999869,2.575823885888936,0.3882252996714069,61.312588036157784,1552.268761948301
 2.2045221772470533,5.649718176962097,0.49675795582147125,-8.004484982161797,153.1459486520063,4.402999999999878,3.811859364173913,0.26233916429304444,77.88074659901007,2164.728444760047
 2.2121549974015453,5.653043124394621,0.4356119186912716,-8.010936441914575,153.92423306416416,3.7739999999998872,5.968911185032046,0.1675347427697789,101.96551162021197,3155.421526213725
 2.2197468512437952,5.6558878924141505,0.37471322270428503,-8.021584352437776,154.97924928101688,3.144999999999868,10.087734651845587,0.09913028390542038,138.96687670426368,4873.824740688896
 2.227262534900425,5.658249944567263,0.31428307270877387,-8.040539325016011,156.4840246335831,2.5159999999998774,18.996458201555424,0.052641391852620206,200.21802690415484,8149.777584885531
 2.2346348071073683,5.660127892676382,0.25473124925446794,-8.077811261257926,158.7916306262997,1.8869999999998868,42.142625716011175,0.02372894386644902,313.01150146670676,15299.689349007029
 2.241720839136973,5.661523118439884,0.19689803230827196,-8.161579951173417,162.74415944567463,1.2579999999998677,203.8673771236952,0.004905149681664156,557.791554266418,34544.02291395792
 2.2530632684419953,5.6629203263720855,0.12318418696975741,-6.498946861928052,179.10857098218813,0.0,1321.2021209844265,0.000756886462803209,1442.7607258056885,78022.89507305341
 2.2579396555096616,5.663313672899419,0.08066351622125299,-8.719707881772825,-98.46231775428616,0.6289960946288498,1147.0606074937584,0.0008717935159371615,-56921.422537796,-11968734.732030572
 2.2646714225647937,5.664057126768382,0.11043963091325422,4.4232241621166475,-60.18549301893304,1.2579921892576995,209.02436395658728,0.0047841312901097605,5685.999592955594,9300295.393171895
 2.2718845841322395,5.665256093762412,0.16621934540345748,7.73304659387453,-48.53065483256986,1.8869882838865493,62.344351548333144,0.016039945482867666,1615.7738985029039,-564277.6272782115
 2.2793232933829666,5.666928515172698,0.2248268286762225,7.87871676353481,-43.4004036567483,2.515984378515399,26.047712143001405,0.03839108765138453,689.6695384780771,-124497.99135976512
 2.2868704734686682,5.66907772855908,0.2847703860219614,7.942510535730249,-40.5483457661676,3.1449804731442486,13.26899330517353,0.0753636675368661,377.897156049582,-41309.78443447463
 2.2944718803757036,5.6717029864335,0.34536473399285167,7.9714648501197924,-38.73335426650388,3.7739765677730985,7.682149393351163,0.1301719022628604,238.77046997495705,-18302.754710560013
 2.302099586574064,5.67480197995739,0.4062811864143915,7.986208545189267,-37.47355018072222,4.4029726624019485,4.86241747957021,0.20565901718673285,165.16159026319596,-9650.19860460574
 2.3097378388195016,5.678371679107248,0.4673450201896644,7.994477245988836,-36.54460430270393,5.031968757030798,3.286746378385428,0.3042522558406947,121.61759629936046,-5700.779781113609
 2.317377082920943,5.68240867589148,0.5284550055771159,7.999480652270373,-35.828365664185704,5.6609648516596485,2.3368302617976946,0.42793009674169163,93.75778925339975,-3646.9324289171227
 2.3250111802430773,5.686909345533873,0.5895483712714994,8.002696732362798,-35.25680701115648,6.289960946288499,1.7294996273186714,0.5782019170194037,74.8691860885819,-2474.2418609273327
 2.3326359980392546,5.691869930237028,0.6505840317446977,8.00486806436195,-34.78803351730934,6.918957040917348,1.3225759235080905,0.756100260276576,61.479960095855255,-1756.0060254081525
 2.340248644528761,5.697286586198432,0.7115338888874365,8.006395309010516,-34.394849373799815,7.547953135546199,1.0393007438684292,0.9621853981147496,51.64881149433504,-1291.4232409283659
 2.347847029441538,5.7031554116507435,0.7723780144965702,8.00750768848547,-34.05883752664212,8.17694923017505,0.8357281423786062,1.196561356847278,44.22148272492432,-977.4878286201831
 2.3554295992106082,5.709472464425905,0.8331018332239829,8.008342893870624,-33.76708476967516,8.8059453248039,0.6854469400950598,1.4589021286772643,38.47676524613565,-757.6214467846562
 2.362995170837201,5.716233773412361,0.8936943988065863,8.008987102788405,-33.51026988586735,9.43494141943275,0.5719232258973393,1.7484864309034038,33.94520552883433,-598.971226625231
 2.3705428240044304,5.723435346287977,0.9541472979819088,8.009496175287785,-33.281496382269474,10.0639375140616,0.4844399940075862,2.064239146994004,30.310547998041688,-481.5612814025025
 2.3780718288985887,5.731073174893558,1.0144539302274347,8.009907430438425,-33.0755523337127,10.692933608690451,0.41583889059690987,2.4047774814052736,27.35342205934282,-392.7645127436801
 2.3855815966488634,5.739143239062154,1.0746090208051389,8.010246465412191,-32.88842558939413,11.3219297033193,0.3612116645375803,2.768459875957191,24.917780488181606,-324.3298131386454
 2.393071644511246,5.747641509408797,1.1346082832558624,8.010531248012166,-32.7169771959395,11.950925797948152,0.31711442618181107,3.153435849766956,22.890159930178044,-270.7086249991648
 2.4005415709101356,5.756563949402932,1.1944481803009226,8.010774651535494,-32.558715930445466,12.579921892577001,0.281080857610407,3.5576951362018865,21.18645580196943,-228.07508899443576
 2.407991037220574,5.76590651693509,1.2541257511382031,8.010986069385623,-32.41163922883787,13.20891798720585,0.25131218135411754,3.9791147194370406,19.743253473273104,-193.73231162533722
 2.4154197542534166,5.775665165519976,1.313638484511359,8.01117246895385,-32.27411877423752,13.837914081834702,0.22647477996041207,4.4155026894155744,18.5120060425471,-165.74159781327586
 2.422827472081668,5.785835845233681,1.372984223955718,8.011339095291794,-32.144816775935695,14.466910176463552,0.2055651378617054,4.864638091857546,17.455038285704138,-142.6846677139814
 2.4302139722797493,5.796414503453421,1.4321610960610793,8.011489950373427,-32.02262374796342,15.095906271092403,0.187817897120703,5.324306231356324,16.54275024645848,-123.50748186300848
 2.437579061931432,5.807397085448556,1.4911674554600975,8.011628125332859,-31.90661161201481,15.724902365721253,0.17264212176044286,5.792329182489971,15.751625769023404,-107.41545790339933
 2.444922568951952,5.818779534858195,1.5500018421489403,8.011756034881211,-31.795997896231842,16.353898460350102,0.1595763846897078,6.2665914003784104,15.062791589070297,-93.80180042427999
 2.452244338398805,5.8305577940812805,1.6086629480183503,8.011875584886532,-31.690118083774713,16.982894554978955,0.1482566371152105,6.745060588571817,14.460959639017062,-82.19761007524072
 2.4595442295349206,5.842727804598457,1.6671495903502411,8.011988294254417,-31.58840402611619,17.611890649607805,0.13839290314590508,7.225804049689734,13.933640346401777,-72.23659679065727
 2.466822113470464,5.855285507240255,1.7254606906368892,8.012095384191161,-31.490366924355904,18.240886744236654,0.12975215835167903,7.707000890802983,13.470550317722893,-63.629762823950884
 2.4740778712539995,5.868226842412634,1.783595257513255,8.012197844901117,-31.395583789143906,18.869882838865504,0.12214560270689254,8.186950474178397,13.063161428442076,-56.146980292708236
 2.48131139231582,5.881547750288413,1.8415523728946528,8.012296485497536,-31.303686577058937,19.498878933494353,0.11541909525715309,8.664077618803073,12.70435397914541,-49.60342912257403
 2.4885225731896083,5.895244170971213,1.8993311806371243,8.012391972095763,-31.214353405954785,20.127875028123206,0.10944589260885561,9.136934938014173,12.38814733227201,-43.84949599902123
 2.495711316455797,5.90931204463706,1.9569308771970273,8.012484856819807,-31.12730139938193,20.756871122752056,0.10412108302369277,9.604202827706372,12.109488870229374,-38.76316787570751
 2.502877529862855,5.9237473116577934,2.014350703889997,8.012575600444235,-31.04228081809964,21.385867217380905,0.0993572824519067,10.064687512805557,11.864087273560113,-34.24424905174651
 2.5100211255923295,5.9385459127095155,2.071589940436206,8.012664589912545,-30.959070216465545,22.014863312009755,0.09508127873703169,10.517317533830411,11.648279771876048,-30.209926465134007
 2.517142019640808,5.9537037888687125,2.128647899547959,8.01275215209043,-30.87747242058209,22.643859406638605,0.09123139473373958,10.961139012710674,11.458925709039304,-26.591332710140136
 2.524240131297549,5.9692168816981654,2.1855239223688137,8.01283856486507,-30.797311170097384,23.272855501267458,0.087755400534737,11.395310076718994,11.293320584577693,-23.33087058504233
 2.531315382700855,5.985081133324385,2.2422173746090395,8.012924065671244,-30.718428299036173,23.901851595896307,0.08460884948611354,11.819094646407235,11.149126238023033,-20.380102180861215
 2.538367698459589,6.001292486507965,2.2987276432572035,8.013008858569766,-30.640681357459894,24.530847690525157,0.08175374353362197,12.231855775371814,11.02431374828883,-17.698085849266675
 2.545397005328884,6.017846884708031,2.355054133769268,8.01309311990722,-30.563941595300925,25.159843785154006,0.07915745476358726,12.633048940072841,10.917116521712195,-15.25004222605295
 2.552403231931143,6.034740272141748,2.411196267655577,8.013177002897011,-30.488092245691057,25.78883987978286,0.07679185114309295,13.022215054258984,10.82599149525272,-13.006291636369554
 2.559386308515071,6.051968593839687,2.4671534804002593,8.01326064122952,-30.41302705687847,26.41783597441171,0.07463258116630161,13.398973804372773,10.749586934983668,-10.9413894220926
 2.5663461667467726,6.0695277956977245,2.522925219662803,8.013344152400869,-30.33864903180063,27.04683206904056,0.07265848753842201,13.763017011208735,10.686715533809867,-9.033431297124405
 2.57328273952802,6.087413824526044,2.578510943714594,8.013427639952686,-30.26486934161258,27.675828163669408,0.07085112344699408,14.114102237886614,10.636331876674197,-7.263479923670666
 2.5801959608376137,6.105622628095721,2.633910120077894,8.013511195775065,-30.191606385722096,28.304824258298257,0.0691943512357454,14.452046765970774,10.5975134614623,-5.615098009090019
 2.5870857655924575,6.124150155183304,2.6891222243355344,8.013594901774844,-30.11878497578597,28.93382035292711,0.06767400861628611,14.776721823440862,10.56944463991226,-4.0739647274191055
 2.593952089525521,6.142992355613736,2.744146739087176,8.013678831358547,-30.04633562477625,29.56281644755596,0.06627762925537062,15.088047222494277,10.551403009235793,-2.627553091340733
 2.60079486907832,6.162145180301923,2.7989831530306706,8.013763050581398,-29.974193925667702,30.19181254218481,0.06499420802236827,15.385986389061655,10.54274780473435,-1.2648667744822308
 2.6076140413059186,6.181604581293209,2.853630960152291,8.01384761928286,-29.90230000674197,30.82080863681366,0.0638140038440633,15.670541570211025,10.542909978833263,0.02378207992116823
 2.6144095437927652,6.201366511802986,2.908089659010166,8.013932591928974,-29.83059805255223,31.44980473144251,0.0627283714934999,15.941749740842914,10.551383702460083,1.2469605659362584
 2.6211813145779357,6.2214269262556385,2.9623587520982086,8.014018018283652,-29.759035881433945,32.07880082607136,0.06172962031787335,16.19967845015981,10.567719048464854,2.4122709588076106
 2.6279782218803116,6.241781780322999,2.9947229176194483,4.76160172287865,-29.687564571922533,32.70779692070021,0.06081089252312153,16.444422347851248,10.51526912636154,-7.716733474499216
 2.6348599720934667,6.2624270309624634,2.9999999999999356,0.7668227147215676,-29.616138131315115,33.336793015329064,0.05996605984317603,16.67609982405401,10.37910973154448,-19.78557643036478
 2.641837173924283,6.2833586364549125,2.9999999999999365,1.2729722333346708e-13,-29.544713201034753,33.96578910995791,0.05918963436124917,16.89485009987981,10.236901842927882,-20.381793742658118
 2.648908480586832,6.30457255644256,3.0000000000000626,1.7835647867653847e-11,-29.473248793914454,34.59478520458676,0.05847669250015645,17.100830386351358,10.106252002728791,-18.476053498151632
 2.65607254576159,6.326064751966834,3.000000000000062,-6.198843799115282e-14,-29.40170605936343,35.22378129921561,0.05782280869837479,17.294213520764284,9.986332173958813,-16.739075628807218
 2.6633280236081145,6.347831185506407,2.9999999999999387,-1.7015667740954888e-11,-29.33004807295159,35.85277739384446,0.057223998291508,17.4751857587064,9.87639793375838,-15.151895233626217
 2.6706735687777945,6.369867821015447,3.0,8.343058213333185e-12,-29.258239647403375,36.481773488473316,0.05667666804331075,17.64394475758221,9.775778909455614,-13.69796549861115
 2.6781078364267135,6.392170623962205,3.0000000000001195,1.606883194029714e-11,-29.186247162392362,37.11076958310216,0.056177572914412964,17.800697825153623,9.683870478012746,-12.362809059777776
 2.6856294822286366,6.414735561367975,3.000000000000059,-8.029643262936713e-12,-29.11403841091892,37.739765677731015,0.055723778683423805,17.94566024822489,9.60012653812838,-11.133725528920007
 2.6932371623881632,6.437558601846554,2.999999999999942,-1.5410683538477206e-11,-29.041582460310504,38.36876177235986,0.055312628475655136,18.079054052550262,9.524053205323481,-9.999544040982812
 2.700929533654053,6.460635715644223,3.0,7.562776740681694e-12,-28.968849526166522,38.997757866988714,0.054941714669836744,18.201106500030743,9.455203295569362,-8.95041429674915
 2.70870525333276,6.483962874680344,3.0000000000000573,7.367486282656822e-12,-28.895810857751584,39.62675396161756,0.05460885306076327,18.312049126673656,9.393171491887388,-7.977628598397325
 2.7165629793021906,6.5075360525886365,3.0,-7.290596324372447e-12,-28.822438633544365,40.25575005624641,0.05431206072829675,18.41211669361308,9.337590098288128,-7.073470596390067
 2.724501370025701,6.531351224759167,2.999999999999944,-7.048688127102604e-12,-28.748705865879842,40.88474615087526,0.054049536356884614,18.5015463110929,9.288125292971351,-6.231087261840625
 2.7325190845663623,6.555404368381152,3.0000000000000555,1.3902514377017174e-11,-28.674586313554105,41.51374224550411,0.053819642986578216,18.580576616782547,9.244473839750823,-5.444376074896613
 2.7406147826015097,6.579691462486593,2.999999999999945,-1.3658885592396225e-11,-28.600054401657456,42.14273834013296,0.05362089244606646,18.649447153566694,9.206360164753319,-4.707892368518915
 2.7487871244375883,6.60420848799483,3.000000000000109,2.00516475842013e-11,-28.52508514780601,42.77173443476181,0.05345193174640184,18.708397757155257,9.173533774673292,-4.016766642715367
 2.757034771025324,6.628951427758038,3.0000000000000537,-6.676700005949925e-12,-28.44965409404485,43.400730529390664,0.05331153123913779,18.757667933309452,9.145766972281702,-3.3666333900482694
 2.765356383975231,6.653916266607759,3.0000000000000533,-5.336576124404265e-14,-28.373737243887433,44.02972662401951,0.05319857340330354,18.797496549745855,9.122852818846894,-2.7535711613532596
 2.773750625573474,6.679098991402488,2.999999999999947,-1.2644063184502342e-11,-28.29731100396897,44.65872271864836,0.0531120436206206,18.828121304143394,9.104603319310703,-2.174049831971902
 2.7822161587981094,6.704495591076394,3.0,6.242561994603032e-12,-28.220352129687694,45.28771881327721,0.05305102145089919,18.849778433117248,9.0908478224767,-1.6248825052122529
 2.790751647335715,6.73010205668921,2.999999999999948,-6.08734196332627e-12,-28.142837674649616,45.91671490790606,0.0530146729676096,18.86270241846008,9.081431566168053,-1.1031889114677238
 2.7993557555984365,6.755914381477375,3.0,6.038794023266124e-12,-28.06474494328358,46.545711002534915,0.0530022440046968,18.86712569964745,9.076214406132632,-0.6063568560642463
 2.8080271487414583,6.78192856090644,3.0,0.0,-27.98605144647723,47.17470709716376,0.05301305400821281,18.86327846430201,9.075069658175543,-0.13201430706783499
 2.8167644926809303,6.808140592724856,2.9999999999999494,-5.7942288038127115e-12,-27.906734859821082,47.803703191792614,0.05304649046502489,18.85138849401035,9.07788307357641,0.32199893015033987
 2.8255664541123573,6.834546477019137,3.0,5.751691860651521e-12,-27.826772984214667,48.43269928642146,0.053102004134273705,18.831680956360902,9.084551918271014,0.7576543872135498
 2.8344317005294806,6.8611422162705065,3.0,0.0,-27.74614370862315,49.06169538105031,0.05317910463118326,18.80437827856203,9.094984143450205,1.176755240445482
 2.8433589002436666,6.887923815413065,3.0000000000000497,5.5715110108010285e-12,-27.66482497466159,49.690691475679166,0.053277356389521795,18.769700070866744,9.109097652686648,1.5809559199191099
 2.852346722403825,6.91488728189354,2.9999999999999507,-1.1018452749939347e-11,-27.582794742929654,50.31968757030801,0.05339637510083539,18.727863045226734,9.126819631074236,1.971776707615123
 2.8613938370168768,6.942028625732695,2.9999999999999507,0.0,-27.50003096082072,50.948683664936866,0.05353582470898804,18.67908088529197,9.14808595323154,2.3506192932080388
 2.870498914968795,6.96934385958845,3.000000000000049,1.077900880092826e-11,-27.416511531658717,51.57767975956572,0.05369541441863045,18.623564243374844,9.172840650354873,2.7187792629625744
 2.8796606280462425,6.996828998820791,2.999999999999903,-1.589891100053991e-11,-27.33221428502511,52.206675854194565,0.05387489612582265,18.561520706500115,9.201035430929833,3.0774572764524617
 2.888877648958822,7.02448006155853,3.0,1.0503550839857828e-11,-27.24711694813631,52.83567194882342,0.05407406227300145,18.493154720859366,9.232629251459928,3.4277692141260716
 2.898148651361976,7.052293068767992,3.000000000000048,5.1732954623646425e-12,-27.16119711810663,53.464668043452264,0.05429274372684629,18.41866760374328,9.267587936386324,3.7707556751901774
 2.907472309880545,7.080264044323699,2.9999999999999525,-1.0240527356037875e-11,-27.07443223503741,54.09366413808112,0.05453080789555617,18.3382575573668,9.305883832663062,4.107389411620646
 2.9168473001330266,7.108389015081143,2.9999999999999525,0.0,-26.986799555759124,54.72266023270997,0.05478815735669194,18.252119586530647,9.347495508604718,4.438583382061908
 2.9262722987565475,7.136664010951706,3.0,5.041650121345666e-12,-26.89827612815102,55.351656327338816,0.05506472807026447,18.160445625445856,9.392407483984732,4.76519702272766
 2.935745983432586,7.165085064979821,3.0,0.0,-26.80883876600942,55.98065242196767,0.05536048845843128,18.06342443583881,9.440609984393333,5.088041459783871
 2.9452670329134683,7.193648213422469,3.0000000000000466,4.897502856999652e-12,-26.718464024214455,56.609648516596515,0.055675438093101846,17.961241693828708,9.492098741470745,5.407886723075735
 2.954834127049671,7.222349495831077,2.9999999999999534,-9.747864162390944e-12,-26.62712817430505,57.23864461122537,0.05600960682283806,17.854079982440574,9.546874799086657,5.725464476055804
 2.9644459468179596,7.251184955135942,3.0,4.851252744885788e-12,-26.534807180230512,57.86764070585422,0.05636305400081938,17.742118799763094,9.604944360185016,6.041474195130501
 2.974101174350393,7.280150637733242,3.0,0.0,-26.44147667430947,58.49663680048307,0.056735867586345266,17.625534649278404,9.666318645265774,6.356586095417444
 2.983798492964235,7.309242593574768,3.0,0.0,-26.34711193325061,59.12563289511192,0.05712816379028627,17.5045009965826,9.73101377984639,6.671445701316749
 2.9935365871927972,7.338456876260455,3.0,0.0,-26.251687854227903,59.754628989740766,0.057540086466820635,17.379188343358337,9.79905069544519,6.986676653759133
 3.0033141428172576,7.367789543133836,2.9999999999999547,-4.632763151087303e-12,-26.155178930906697,60.38362508436962,0.057971806818018265,17.249764236935757,9.870455053180656,7.302884327943172
 3.0131298468994894,7.3972366553805315,3.0000000000000453,9.22951609486731e-12,-26.057559229391476,61.01262117899847,0.05842352304230265,17.116393328008158,9.945257181492474,7.620658455589059
 3.022982387815939,7.42679427812988,2.99999999999991,-1.37474393816651e-11,-25.958802363986045,61.64161727362732,0.058895460138309576,16.97923740898889,10.023492035495604,7.9405764123757026
 3.032870455292597,7.456458480559854,3.000000000000045,1.3653134964250034e-11,-25.85888147280019,62.27061336825617,0.05938786991991991,16.838455417721246,10.105199162701519,8.263204857652699
 3.042792740441099,7.48622533600536,2.999999999999955,-9.040862971293935e-12,-25.757769193028153,62.89960946288502,0.059901030957198904,16.694203488993875,10.190422695854506,8.589103404859472
 3.0527479357960106,7.516090922070094,3.0,4.505487697208026e-12,-25.6554376359554,63.52860555751387,0.060435248542288655,16.546635020459377,10.27921134890298,8.91882578724782
 3.062734735353333,7.5460513207420625,3.0000000000000444,4.446762021216727e-12,-25.55185836156801,64.15760165214272,0.06099085505190249,16.395900650171438,10.371618434200414,9.252922797442144
 3.072751834610286,7.5761026185129206,2.9999999999999556,-8.866622930621804e-12,-25.447002352731754,64.78659774677158,0.06156820991608746,16.242148364601146,10.467701891190877,9.591944187212723
 3.0827979306064113,7.606240906501296,2.9999999999999556,0.0,-25.340839988929144,65.41559384140042,0.06216770012291358,16.08552347960228,10.567524324231202,9.936440292709406
 3.092871721966057,7.636462280580234,3.0000000000000884,1.3181002961514602e-11,-25.233341019399464,66.04458993602927,0.06278974054280505,15.92616869181486,10.671153063612739,10.286965024574608
 3.1029719089422967,7.6667628415089535,3.000000000000044,-4.3968414732792564e-12,-25.12447453578321,66.67358603065813,0.06343477434857209,15.764224122640233,10.778660224048874,10.64407626205733
 3.1130971934623357,7.697138695069071,3.0,-4.342083591640816e-12,-25.014208944040455,67.30258212528697,0.0641032735078432,15.599827361041825,10.890122793540131,11.008339496106073
 3.123246279174471,7.7275859522054775,3.0000000000000875,8.620044881072888e-12,-24.902511935767794,67.93157821991582,0.0647957394940989,15.43311347023167,11.005622717236713,11.380327940129472
 3.1334178714966705,7.758100729172075,2.9999999999999565,-1.2879627176941406e-11,-24.78935045869528,68.56057431454467,0.06551270385183006,15.264215048453774,11.125247010297478,11.760625993600243
 3.143610677666827,7.7886791476825445,3.0,4.269750826100365e-12,-24.674690686461776,69.18957040917353,0.06625472898728049,15.093262251393087,11.249087868384857,12.149829597463867
 3.153823406794771,7.819317335066376,3.0,0.0,-24.55849798748898,69.81856650380237,0.0670224089897564,14.920382825285175,11.377242803284304,12.548549295094064
 3.164054769916102,7.85001142443037,3.0,0.0,-24.440736892966953,70.44756259843122,0.06781637055418191,14.745702133986214,11.509814784748869,12.957411431148206
 3.1743034800479273,7.880757554825846,3.0,0.0,-24.32137106388616,71.07655869306008,0.068637273885989,14.569343206448808,11.646912396333908,13.377060119918138
 3.18456825224657,7.911551871421774,3.000000000000043,4.196552297687846e-12,-24.20036325704506,71.70555478768892,0.06948581382641823,14.391426752201381,11.788650005998951,13.80815929688002
 3.1948478036673538,7.942390525684126,3.000000000000043,0.0,-24.077675289954858,72.33455088231777,0.07036272096241747,14.21207119795901,11.935147952287322,14.251394860691361
 3.2051408536265296,7.973269675561654,3.000000000000043,0.0,-23.95326800464084,72.96354697694663,0.07126876288553359,14.03139270996079,12.086532738832078,14.707476126626938
 3.215446123665452,8.004185485678422,3.0,-4.1800606090628766e-12,-23.8271012301997,73.59254307157548,0.07220474545751507,13.849505232151193,12.242937251000486,15.17713864631152
 3.225762337617093,8.035134127533343,2.999999999999914,-8.351252418258453e-12,-23.69913374410187,74.22153916620432,0.07317151423989687,13.666520508533477,12.40450098240505,15.661145858541103
 3.2360882216749944,8.066111779707049,3.000000000000086,1.668686307686881e-11,-23.569323232156986,74.85053526083317,0.0741699559987036,13.482548109068297,12.571370278514033,16.1602914746357
 3.2464225044647734,8.097114628076387,3.000000000000129,4.1253529647719025e-12,-23.43762624705459,75.47953135546203,0.07520100030573479,13.29769545530554,12.743698598285606,16.675401987452226
 3.2567639171182825,8.128138866036913,2.9999999999999143,-2.07413721455934e-11,-23.303998165422488,76.10852745009088,0.07626562123114164,13.112067847310325,12.921646791336558,17.207338979029227
 3.2671111933505443,8.1591806947337,3.000000000000043,1.2446354766771944e-11,-23.168393143332757,76.73752354471972,0.07736483912285931,12.925768492996529,13.105383392291133,17.75700163311576
 3.2774630695395865,8.190236323300827,3.0000000000000857,4.118341773709962e-12,-23.03076407017068,77.36651963934858,0.0784997226227485,12.738898515677166,13.295084934242206,18.325329484898432
 3.287818284809303,8.221301969109975,2.9999999999999143,-1.6553826312373613e-11,-22.89106252075586,77.99551573397743,0.07967139055160426,12.551557002789933,13.490936284383794,18.91330552193842
 3.2981755811154763,8.252373858028495,3.0,8.275250120050759e-12,-22.749238705695824,78.62451182860627,0.08088101424389423,12.363840999626074,13.693130993607179,19.5219585542677
 3.3085337033351068,8.283448224687387,3.000000000000043,4.158731905462369e-12,-22.605241419798467,79.25350792323512,0.08212981970575912,12.175845552597478,13.90187167558777,20.152367152512387
 3.318891399359193,8.314521312759647,3.0000000000000857,4.116027738839416e-12,-22.459017988556273,79.88250401786397,0.08341909008769378,11.987663722401628,14.11737039802628,20.805661986737046
 3.3292474201891267,8.345589375249448,3.000000000000043,-4.116693549165004e-12,-22.310514212477727,80.51150011249283,0.08475016829379502,11.799386598660183,14.339849109737646,21.483030535078004
 3.339600520036861,8.376648674792651,3.000000000000043,0.0,-22.159674309284906,81.14049620712167,0.08612445958129462,11.611103336515914,14.569540080871011,22.185719688932398
 3.349949456429033,8.407695483969167,3.000000000000043,0.0,-22.006440853809444,81.76949230175052,0.08754343460507957,11.422901151995429,14.806686375168498,22.91504028151838
 3.360292990315216,8.438726085627717,3.0000000000000857,4.121663313014801e-12,-21.850754715475134,82.39848839637938,0.08900863228550114,11.23486536443379,15.051542349784324,23.672371291102504
 3.3706298861805037,8.469736773223582,3.000000000000129,4.167271675833653e-12,-21.69255499329109,83.02748449100822,0.09052166315455734,11.047079396813476,15.30437418019171,24.459163921387177
 3.3809589121626185,8.500723851169926,3.0,-1.2468346103448485e-11,-21.5317789482009,83.65648058563707,0.09208421271605344,10.859624798916977,15.565460418880456,25.27694664926119
 3.391278840173764,8.531683635203363,2.999999999999957,-4.174123434672476e-12,-21.368361932680056,84.28547668026592,0.09369804499848058,10.672581269077877,15.835092584400735,26.127330077213127
 3.401588446027448,8.562612452764416,3.000000000000086,1.2534907919897778e-11,-21.202237317463094,84.91447277489478,0.09536500641068117,10.486026663633684,16.113575783074257,27.01201215893325
 3.4118865095705098,8.593506643393601,3.000000000000043,-4.182985779348703e-12,-21.033336415233247,85.54346886952362,0.09708702972648607,10.300037016450123,16.40122936934525,27.932784165504533
 3.422171814820597,8.624362559143863,3.000000000000086,4.188174517726768e-12,-20.86158840118249,86.17246496415247,0.0988661383317663,10.114686553694328,16.698387638937657,28.891536261394826
 3.4324431501093695,8.655176565010182,3.000000000000043,-4.193870820529252e-12,-20.68692023024948,86.80146105878133,0.10070445073999981,9.930047705456577,17.00540056597442,29.890264352713224
 3.442699308231694,8.685945039377154,2.99999999999987,-1.688690733663035e-11,-20.50925655090419,87.43045715341017,0.1026041852707463,9.746191126231887,17.322634579762745,30.931076725289333
 3.4529390866011265,8.71666437448545,2.9999999999999134,4.250164505046679e-12,-20.328519615347847,88.05945324803902,0.1045676651097704,9.563185703250094,17.65047338288831,32.016201063904596
 3.4631612874119977,8.747330976918064,3.0000000000000435,1.2728974992125852e-11,-20.144629185889,88.68844934266788,0.10659732353925833,9.381098575441378,17.989318822937257,33.14799291445995
 3.473364717808417,8.777941268107321,2.9999999999999565,-8.530609976146772e-12,-19.957502437441253,89.31744543729673,0.10869570959651718,9.199995139753353,18.339591801735192,34.328942834839644
 3.483548190060549,8.808491684863718,3.0,4.273664373779206e-12,-19.7670538558168,89.94644153192557,0.11086549390827356,9.019939069836886,18.70173325061857,35.5616866150496
 3.4937105217485196,8.83897867992763,3.0,0.0,-19.573195131785283,90.57543762655442,0.11310947493604627,8.840992326818018,19.076205145025337,36.849013189565376
 3.503850535954337,8.869398722545082,3.000000000000044,4.335776152062391e-12,-19.375835050585536,91.20443372118328,0.11543058556101876,8.663215170743298,19.463491588258545,38.193875804535494
 3.5139670614622336,8.899748299068772,3.0,-4.3458430209895765e-12,-19.17487937677274,91.83342981581212,0.1178319000299413,8.48666617228355,19.864099947747338,39.59940190691776
 3.5240589329678578,8.930023913585645,3.0,0.0,-18.970230734128645,92.46242591044097,0.12031664129883791,8.311402223373555,20.278562061560677,41.0689051661391
 3.534124991296763,8.960222088572362,3.0000000000000884,8.77938015781123e-12,-18.761788480499472,93.09142200506983,0.12288818871784012,8.137478552117567,20.707435504383405,42.60589684754624
 3.54416408363268,8.990339365580112,2.9999999999999556,-1.322656165539087e-11,-18.54944857727375,93.72041809969868,0.12555008626736425,7.964948728672774,21.151304930828395,44.214099401889946
 3.5541750637560705,9.020372305950284,3.0000000000000444,8.872042584770773e-12,-18.333103453316173,94.34941419432752,0.128306051134115,7.793864678718276,21.6107834888308,45.89745982302521
 3.564156792293498,9.050317491562566,3.0,-4.449021110771592e-12,-18.112641863111936,94.97841028895638,0.13115998279407445,7.624276693982442,22.086514312385287,47.66016444653679
 3.574108136978388,9.080171525617237,3.0000000000000444,4.462605043963173e-12,-17.887948738894032,95.60740638358523,0.13411597261306246,7.4562334412255025,22.57917209511155,49.506654459905306
 3.584027972923762,9.109931033453359,3.000000000000045,4.4767797803870575e-14,-17.6589050364979,96.23640247821407,0.1371783139828614,7.289781970384449,23.089464750971757,51.44164265117518
 3.5939151829075886,9.139592663404839,3.0,-4.536467847676519e-12,-17.425387574712275,96.86539857284292,0.14035151287266984,7.124967729469531,23.61813516326709,53.47013092268917
 3.603768657671417,9.169153087696325,3.000000000000045,4.5519992966856315e-12,-17.187268867864763,97.49439466747178,0.14364029913990267,6.961834568626321,24.165963028761887,55.59742919379543
 3.613587296232996,9.198609003381062,3.0000000000000906,4.658608047101929e-12,-16.944416951401838,98.12339076210063,0.14704963830162235,6.800424751462767,24.733766798711294,57.82917523527844
 3.6233700062136376,9.227957133322988,3.0000000000000906,0.0,-16.696695200173085,98.75238685672947,0.15058474393803098,6.640778965042585,25.32240572591328,60.17135623633941
 3.6331157041811046,9.257194227225389,2.9999999999999543,-1.3989289210386172e-11,-16.443962139250626,99.38138295135833,0.15425109078144023,6.482936327606973,25.932782009675297,62.630330408305284
 3.6428233160088745,9.286317062708699,3.0000000000000457,9.423777840747135e-12,-16.186071246894116,100.01037904598718,0.15805442844624706,6.326934397412922,26.56584306541574,65.2128522413199
 3.652491777252653,9.315322446440035,3.0000000000001377,9.507869362161238e-12,-15.922870749561095,100.63937514061602,0.16200079581593538,6.172809182593126,27.222583893832358,67.92609618611554
 3.6621200335450967,9.344207215317367,2.999999999999954,-1.9095143221541646e-11,-15.65420340860494,101.26837123524489,0.16609653620604717,6.020595148109972,27.904049580296224,70.77768453241856
 3.671707041009718,9.372968237711229,2.999999999999861,-9.681294731559989e-12,-15.379906298485281,101.89736732987373,0.17034831318915902,5.870325225290461,28.611337910385064,73.77571496621209
 3.6812517666950413,9.401602414767199,3.0,1.45630086464198e-11,-15.099810576259145,102.52636342450258,0.17476312719530387,5.7220308199364345,29.345602111627965,76.92879035507104
 3.690753189030122,9.430106681772441,3.0,0.0,-14.813741242127591,103.15535951913144,0.17934833284114984,5.575741821284213,30.108053725318275,80.2460502018946
 3.7002102983026015,9.45847800958988,3.0000000000000937,9.90818870529953e-12,-14.521516890895914,103.78435561376028,0.18411165709549823,5.431486608592647,30.899965603872875,83.73720295895333
 3.7096220971605653,9.486713406163773,3.000000000000094,4.718430733082385e-14,-14.222949454107448,104.41335170838913,0.18906121808053822,5.2892920618654315,31.722675048014885,87.4125612497416
 3.7189876011394976,9.51480991810057,3.0,-1.00525196188051e-11,-13.917843932863706,105.04234780301798,0.19420554476369117,5.14918356845474,32.577587060993245,91.28307615922151
 3.7283058392157673,9.542764632329378,2.9999999999999525,-5.099413114907105e-12,-13.605998121072695,105.67134389764684,0.19955359733669467,5.011185031722383,33.46617775147547,95.36037641548897
 3.7375758543880933,9.570574677846356,2.999999999999952,-4.7905985221665564e-14,-13.287202319249543,106.30033999227568,0.2051147883129928,4.875318879855997,34.389997847561524,99.65680518452247
 3.7467967042885744,9.598237227547799,2.999999999999952,0.0,-12.961239038759913,106.92933608690453,0.21089900434456793,4.741606073996417,35.35067634845896,104.18546134747398
 3.755967461824932,9.625749500156871,2.9999999999999516,-4.842448490099717e-14,-12.627882696693836,107.55833218153339,0.216916628669975,4.61006611679106,36.3499242831878,108.96023919150507
 3.7650872158557167,9.653108762249225,3.0,5.3077883142745744e-12,-12.286899301458648,108.18732827616223,0.2231785641564918,4.480717060706621,37.38953858669507,113.99587094103111
 3.7741550719003243,9.680312330383048,3.0,0.0,-11.938046129412983,108.81632437079108,0.229696256804623,4.353575517125595,38.47140606661036,119.30796812314416
 3.783170152885778,9.70735757333941,3.0000000000000986,1.0935875645020908e-11,-11.581071392873593,109.44532046541994,0.23648171963243966,4.228656665531215,39.59750745616024,124.91306416069854
 3.7921315999323313,9.73424191447907,2.9999999999999503,-1.6551545226947322e-11,-11.215713900013043,110.07431656004879,0.24354755686919338,4.105974261680188,40.76992152746916,130.8286558206963
 3.801038573180066,9.760962834222275,3.0000000000000497,1.1168326236043326e-11,-10.841702707320195,110.70331265467763,0.25090698813121454,3.985540647744092,41.99082924022018,137.0732434905994
 3.8098902526587772,9.787517872658407,2.99999999999995,-1.1288261448754408e-11,-10.458756765386823,111.33230874930648,0.25857387250412317,3.8673667618295586,43.2625179045839,143.66637059353886
 3.818685839203549,9.813904632292724,3.000000000000101,1.7166601747414875e-11,-10.066584559128499,111.96130484393534,0.2665627323109424,3.7514621467546756,44.58738530535273,150.62865836461202
 3.827424555418564,9.840120780937768,2.9999999999999494,-1.7329138151742997e-11,-9.66488374361201,112.59030093856418,0.27488877602835377,3.6378349616459196,45.967943761153535,157.9818387314941
 3.8361056466918027,9.866164054757483,2.999999999999949,-5.11559199036501e-14,-9.253340777061476,113.21929703319303,0.283567920310716,3.526491991422241,47.406824049784255,165.74878011781954
 3.8447283822634315,9.89203226147237,2.9999999999999485,-5.150212553325157e-14,-8.831630552845533,113.84829312782189,0.2926168104657491,3.4174386577733897,48.90677914367273,173.95350714728434
 3.8532920563508135,9.917723283734516,3.0,6.015449422405056e-12,-8.399416032587116,114.47728922245074,0.30205283889575996,3.310679031045642,50.470687680099395,182.62121146471202
 3.8617959893331903,9.943235082681646,3.0,0.0,-7.956347882979227,115.10628531707958,0.31189416106004647,3.206215841300979,52.101557070838176,191.7782506186863
 3.8702395289992486,9.96856570167982,2.9999999999998948,-1.2465049836569167e-11,-7.502064119288011,115.73528141170844,0.32215970804890887,3.104050491156344,53.802526151131396,201.45213353243983
 3.878622051860894,9.993713270264756,3.000000000000053,1.886016433429607e-11,-7.036189759027761,116.36427750633729,0.33286919513317986,3.00418306836685,55.576867245049776,211.6714887873427
 3.8869429645367015,10.018676008292179,2.9999999999999467,-1.2755490327731669e-11,-6.558336489910491,116.99327360096613,0.3440431252067663,2.9066123597122036,57.427987497884146,222.46601123652488
 3.8952017052086174,10.043452230307926,2.9999999999999463,-5.3772024996522975e-14,-6.068102356737227,117.62226969559498,0.35570278618136153,2.811335864797336,59.359429318360846,233.86638438044423
 3.903397745155639,10.06804035014899,3.0,6.556189908686913e-12,-5.565071472645067,118.25126579022384,0.3678702408863509,2.7183498115819,61.374869735104355,245.9041719868535
 3.9115305903682653,10.092438885786871,3.000000000000164,2.0149027080985658e-11,-5.048813760983589,118.88026188485269,0.38056830822739385,2.627649171991717,63.47811844002395,258.61167278264054
 3.9195997832476395,10.116646464424994,3.000000000000055,-1.3483610819537667e-11,-4.518884734857834,119.50925797948153,0.3938205338467173,2.539227678740641,65.67311428139483,272.0217342903728
 3.9276049043933625,10.140661827862163,2.9999999999999445,-1.3813434080475468e-11,-3.9748253224955503,120.13825407411039,0.40765114845260797,2.453077843140816,67.96391990306888,286.16751451637674
 3.93554557448401,10.164483838134105,3.0,6.990738892003448e-12,-3.4161617476036286,120.76725016873924,0.4220850116640104,2.3691909742486272,70.35471421359213,301.08218616702555
 3.9434214562544194,10.188111483445333,2.9999999999999436,-7.1610178129967034e-12,-2.8424054751513026,121.39624626336808,0.4371475391252706,2.287557198654243,72.84978230729573,316.7985714409582
 3.951232256573788,10.211543884403438,2.999999999999943,-5.68557883561359e-14,-2.2530532342415404,122.02524235799694,0.452864610037055,2.208165482213716,75.45350243410138,333.3486992810635
 3.9589777286285956,10.234780300567861,3.0,7.338922464451418e-12,-1.647587131337367,122.65423845262579,0.4692624523225879,2.1310036527545657,78.17032953186674,350.7632689835912
 3.966657674214223,10.257820137324744,3.0000000000000577,7.517188323384532e-12,-1.02547486843387,123.28323454725464,0.4863675020439072,2.056058424540306,81.00477483430775,369.07101369903745
 3.974271946139021,10.280662953099137,3.0,-7.582024630942362e-12,-0.38617008271116093,123.9122306418835,0.5042062335355509,1.9833154243014557,83.96138094840953,388.2979414581877
 3.981820450744304,10.303308466914986,2.9999999999999414,-7.765746828740104e-12,0.2708871742935359,124.54122673651234,0.5228049562882036,1.9127592192311507,87.04469181151725,408.4664479040919
 3.9893031505434657,10.32575656631247,2.9999999999999405,-1.1869758824209775e-13,0.9462697978150661,125.17022283114119,0.5421895744683556,1.844373346685153,90.25921681332088,429.5942758740312
 3.9967200669829603,10.348007315630955,3.00000000000006,1.6106423528455847e-11,1.6405628094071814,125.79921892577003,0.5623853044160146,1.7781403463918888,93.60938838343243,451.6933145251712
 4.004071283327397,10.370060964664264,2.999999999999879,-2.4586993490644017e-11,2.354362330788071,126.4282150203989,0.5834163456095554,1.7140417945527335,97.09951223529222,474.76821363054836
 4.011356947670315,10.391917957693018,3.0,1.6579444151394746e-11,3.0882743260523555,127.05721111502774,0.6053055000205395,1.6520583407321883,100.73370947670423,498.8148053985776
 4.018577276071421,10.413578942896338,3.000000000000123,1.7036996698047047e-11,3.842913084190282,127.68620720965659,0.6280737350355915,1.5921697473041638,104.51584972537762,523.8183138725062
 4.025732555820092,10.435044782142349,2.9999999999998757,-3.456995373695159e-11,4.618899412091967,128.31520330428543,0.6517396850633359,1.5343549317590202,108.4494743962836,549.7513457299675
 4.032823148823773,10.456316561153393,3.0,1.753661205677098e-11,5.41685850645149,128.9441993989143,0.6763190872108615,1.478592012128473,112.5377093206748,576.571652366527
 4.039849495118594,10.477395600037855,2.9999999999998734,-1.8012978509265442e-11,6.237417471640544,129.57319549354315,0.701824146881165,1.424858355820184,116.78316592421193,604.2196648728195
 4.046812116497851,10.498283464175627,3.0,1.8177841062035844e-11,7.081202449607013,130.20219158817198,0.7282628300839527,1.373130631814234,121.18783027327311,632.615807917331
 4.053711620252241,10.518981975438798,3.0000000000002576,3.733192282838463e-11,7.948835327429162,130.83118768280085,0.7556380800832486,1.3233848668529649,125.75293944439075,661.6576109858585
 4.060548703013557,10.539493223722745,2.99999999999987,-5.6703991122155434e-11,8.840929988466874,131.4601837774297,0.7839469578526609,1.2755965055839216,130.47884487886492,691.21664889201
 4.067324154691207,10.559819578755691,2.999999999999738,-1.9466524388412342e-11,9.758088074217074,132.08917987205854,0.8131797077176158,1.2297404749643104,135.36486265199187,721.1353582883419
 4.074038862488169,10.579963702146577,2.9999999999998677,1.93119422612682e-11,10.70089422651714,132.7181759666874,0.843318752069981,1.185791253361122,140.4091109856818,751.2238039564602
 4.080693814980024,10.599928559622143,3.0,1.9885729416893877e-11,11.669910783261779,133.34717206131626,0.8743376225670604,1.143722944306107,145.60833573651686,781.256478870156
 4.087321912665914,10.619717433394136,2.9856038202516832,-2.171992693916426,12.665671906541219,133.9761681559451,0.9061998388423875,1.1035093553729123,150.23332039889524,697.7846256286091
 4.093982545414553,10.639333934586556,2.945140789578487,-6.074952966212121,13.688677129219675,134.60516425057395,0.9388577504809645,1.0651240824158006,153.58979563727416,503.9273842360648
 4.100703172122423,10.658782015641242,2.8937898056309086,-7.640802886350525,14.739384315759548,135.23416034520278,0.9722513634901494,1.0285405992234762,156.3406557470977,409.31601015753483
 4.107483685572899,10.67806598260742,2.844027536708805,-7.33901190308984,15.818202045008562,135.86315643983164,1.0063071782166157,0.9937323529503255,159.10561008817012,407.7794935836844
 4.114323886837722,10.697190507207791,2.7959008602163755,-7.035856786836075,16.925481437535126,136.4921525344605,1.0409370722924174,0.9606728654574065,161.87818890958013,405.3358540293985
 4.12122347813053,10.716160638560078,2.749457257281332,-6.731355665002047,18.061507467450166,137.12114862908933,1.076037269030646,0.9293358406636376,164.651206383655,401.9103967745622
 4.128182055622951,10.734981814419301,2.704744738378265,-6.425525756056578,19.226489819311176,137.7501447237182,1.1114874385179794,0.8996952780081501,167.41673900015584,397.4278679102021
 4.135199102311641,10.753659871792525,2.6618117566938797,-6.118383358284686,20.420553373628742,138.37914081834705,1.1471499851335494,0.8717255920842657,170.1661122252765,391.81344333254236
 4.142273981038677,10.772201056764922,2.620707108595822,-5.8099438427090595,21.643728430383945,139.00813691297589,1.1828695809185779,0.8454017383923531,172.8898973322191,384.9938934689867
 4.149405927781765,10.790612033364285,2.581479820668387,-5.500221656233523,22.89594080752551,139.63713300760475,1.218473008415397,0.8206993450765747,175.57792034204581,376.8989178770769
 4.156594045344037,10.808899891281031,2.5441790229938612,-5.189230330664645,24.177001980502183,140.2661291022336,1.253769378506816,0.7975948504907304,178.21928507409382,367.4626505709324
 4.163837297585302,10.827072152253074,2.5088538085853145,-4.876982497903026,25.48659945803578,140.89512519686244,1.2885507879387879,0.7760656462750963,180.80241221930245,356.6253195619081
 4.171134504346858,10.845136774920201,2.475553079062833,-4.563489923010203,26.82428761759132,141.5241212914913,1.3225934766548808,0.7560902254933329,183.31509620954535,344.33504111196953
 4.178484337229246,10.863102157951722,2.4443253770531,-4.248763544618852,28.189479249596808,142.15311738612016,1.3556595358753134,0.7376483353944222,185.74458138724987,330.54971678690254
 4.1858853163858765,10.880977141254519,2.4152187061334165,-3.9328135242224813,29.58143808041857,142.782113480749,1.387499204161277,0.7207211341101167,188.07765855884077,315.2389869252406
 4.193335808494927,10.898771005077332,2.3882803393882672,-3.615649322334662,30.999272558721557,143.41110957537785,1.417853769754273,0.7052913504425137,190.30078249201918,298.386187199339
 4.200834026065571,10.916493466841168,2.363556618204751,-3.2972797802387954,32.44193119589407,144.0401056700067,1.4464590729541176,0.6913434460041031,192.40021026071375,279.99024420335746
 4.20837802822243,10.934154675546058,2.341092743303744,-2.9777132129506367,33.90819974633703,144.66910176463554,1.4730495742648086,0.6788637785656975,194.36215949512288,260.06742755571946
 4.2160318149657785,10.951765203630783,2.3008908760138627,-5.2525460452397,35.39670049654399,145.2980978592644,1.497362921946972,0.6678407654837164,194.47899453177206,15.264997649789233
 4.223876029252394,10.969336036194868,2.239973555294798,-7.765891967409268,36.90589390120291,145.92709395389326,1.5191449188416017,0.6582650460777192,192.39573901417157,-265.5786088295855
 4.231936535917774,10.98687855753062,2.1763546714869517,-7.89266561630528,38.43408275928974,146.5560900485221,1.5381547559156241,0.6501296414772814,189.58967736486952,-348.12472289787974
 4.240239136133448,11.004404534956612,2.110902243962711,-7.883364948811579,39.979419064339844,147.18508614315095,1.5541703493347232,0.6434301107520544,186.12678738074706,-417.0849967682454
 4.248813877300532,11.021926099991825,2.0433928784316935,-7.873049951661567,41.53991359072762,147.81408223777981,1.5669935947793665,0.6381647017139215,181.98736218163097,-482.74637315075864
 4.25769609118829,11.039455726960274,1.9735650582124316,-7.861533295826479,43.11344819559186,148.44307833240865,1.5764553364342,0.6343344951731458,177.15567591014363,-543.9731954830157
 4.266927796839512,11.057006209167731,1.9011093800564791,-7.848568931177318,44.69779072589957,149.0720744270375,1.5824198443933308,0.6319435411171683,171.61969739557918,-599.6701718746688
 4.276559639591824,11.074590632843487,1.8256551864422919,-7.833827394666991,46.29061232771939,149.70107052166634,1.5847886016826411,0.6309989855670688,165.37039098125408,-648.8173213609562
 4.286653641596149,11.0922223490886,1.746751807415699,-7.816857871910813,47.88950686398781,150.3300666162952,1.583503223070017,0.6315111869878294,158.40045757701517,-690.502478724728
 4.297287223785325,11.109914944116428,1.6638414706416673,-7.797027878189925,49.492012063231634,150.95906271092406,1.5785473621303518,0.6334938209585522,150.70229116910156,-723.9485500708702
 4.308559303350772,11.127682208108864,1.5762188236232542,-7.7734233962481225,51.095631951293115,151.5880588055529,1.5699475059558896,0.636963972493547,142.26477720909782,-748.5321507016372
 4.320599951554798,11.145538103041682,1.482967912545408,-7.744675327916636,52.69786006321209,152.21705490018175,1.557772610348614,0.6419422150298367,133.0682605096957,-763.7891701151843
 4.333586544915939,11.163496729852897,1.3828589462846173,-7.708639477412045,54.29620289969768,152.8460509948106,1.542132583143194,0.6484526758145447,123.07637515379345,-769.4000326367463
 4.3477727175028225,11.1815722953386,1.2741678824926543,-7.661760994819838,55.88820308145505,153.47504708943944,1.5231756801702319,0.6565230872700376,112.22196628492918,-765.1400546825846
 4.363545275738305,11.19977907916077,1.1543329592031617,-7.597684630506239,57.47146166801166,154.1040431840683,1.5010849294331141,0.6661848243174694,100.38058271326072,-750.7585893726116
 4.381551560575015,11.218131401341333,1.0192175869143354,-7.503789566483243,59.04365914351261,154.73303927869716,1.4760737421942056,0.677472927953779,87.31381791182744,-725.6780018715455
 4.403047112275744,11.236643590596886,0.8612102407645919,-7.350699733116513,60.60257462768354,155.362035373326,1.4483809026663554,0.6904261152291352,72.52270171404916,-688.1012594469212
 4.431257834336472,11.255329953839913,0.6623851457187796,-7.047855585468848,62.1461029434037,155.99103146795485,1.4182651457603657,0.7050867766082457,54.7142434850646,-631.2655943597952
 4.499950616520957,11.274204747136894,0.27477112873794096,-5.642718269000131,63.67226925591527,156.62002756258372,1.4182651457603657,0.7050867766082457,22.217273256057997,-473.0769259240534