 0.0,0.0,0,0.0,-158.6716424600184,-135.00000000000006,0.6497722338246283,1.5390008189698934,0.0,0.0
 0.05697423783254827,0.008115159441499434,0.14243559458137064,2.4999999999999996,-158.6716424600184,-135.12231690749002,0.6497722338246283,1.5390008189698934,0.0,0.0
 0.08033627663189284,0.016134793357690025,0.3432762861611027,8.596882031775698,-158.971985581968,-135.24463381497998,0.6670094117256784,1.4992292198888355,-12.856032152382443,-550.2958137687506
 0.09810253231036282,0.02406026711426445,0.4460970223556391,5.787417340792838,-159.27667162930098,-135.36695072246994,0.6845561262845768,1.4608005999851208,-17.14970519658844,-241.67574315668995
 0.11294768299849706,0.03189294773682244,0.5276255382721494,5.4919291578277,-159.58570656308333,-135.48926762995987,0.7024046492610022,1.4236807815154655,-20.81723118037275,-247.05212232812002
 0.12591140350598257,0.03963420383211589,0.5971477162611993,5.3628260458798405,-159.8990921086192,-135.61158453744983,0.720545973499548,1.38783649729274,-24.174043659373485,-258.9389733496985
 0.13752876862922533,0.04728540550167747,0.6586004303380193,5.289729075818752,-160.21682550090918,-135.7339014449398,0.7389697409692769,1.3532353823964973,-27.34986711008009,-273.36865261751655
 0.14811876889516232,0.05484792424754625,0.7141188438109691,5.242531829911873,-160.53889922497214,-135.85621835242975,0.757664170491202,1.3198459673125218,-30.413004341362985,-289.2480787876428
 0.15789000331840997,0.06232313286971876,0.7650219305339304,5.209483727240546,-160.86530075143398,-135.9785352599197,0.7766159862043561,1.2876376713379467,-33.404328698250076,-306.1357682474745
 0.16698791016724304,0.06971240535505806,0.8121947837141318,5.185022661146712,-161.19601226813205,-136.10085216740967,0.7958103477362414,1.2565807957192259,-36.350286081516586,-323.8060613518334
 0.17551879301923337,0.07701711675732117,0.8562667579661892,5.166168029347053,-161.53101040878693,-136.2231690748996,0.8152307813101997,1.226646518907012,-39.268871284140275,-342.1199485751654
 0.18356322405974698,0.08423864306802215,0.8977050426974509,5.151176574523281,-161.87026597927175,-136.34548598238956,0.8348591142557414,1.1978068909165327,-42.17272405919532,-360.97677516664294
 0.1911840590403226,0.09137836107783387,0.9368682077501762,5.13895985840744,-162.21374368281718,-136.46780288987952,0.8546754123299131,1.1700348290983598,-45.07087535957999,-380.29314475010045
 0.19843149772985366,0.09843764822828228,0.9740388919254417,5.128802845749986,-162.56140184516087,-136.59011979736948,0.8746579206512884,1.143304115116661,-47.96979694990403,-399.992564892137
 0.20534642188598196,0.10541788245343922,1.0094447990395907,5.120216261919641,-162.91319214060366,-136.71243670485944,0.8947830107273356,1.117589390959868,-50.87406419794635,-419.9998702037017
 0.21196267785762557,0.11232044201143887,1.0432727493590173,5.112853925907431,-163.26905932078446,-136.8347536123494,0.9150251316017565,1.0928661579485741,-53.786791458191765,-440.23799452877324
 0.21830868540263354,0.11914670530556505,1.075678408150649,5.1064639557706375,-163.62894094698513,-136.95707051983933,0.935356768813256,1.06911077499205,-56.70992724925877,-460.6259558210684
 0.22440860116738184,0.12589805069475263,1.1067932164250391,5.100858679754906,-163.99276712793272,-137.0793874273293,0.9557484104871569,1.046300458391856,-59.644459854702916,-481.0775621530631
 0.2302831789717685,0.1325758562933589,1.1367294503478766,5.0958953851089595,-164.36046026441147,-137.20170433481925,0.9761685219574626,1.024413282652005,-62.59056373449892,-501.5005295522847
 0.23595041831714791,0.13918149976009273,1.1655839932222904,5.091463606162914,-164.73193480249776,-137.32402124230921,0.9965835299963746,1.003428182285571,-65.54770593714034,-521.7958908074711
 0.2414260616222044,0.1457163580760211,1.1934411998483825,5.087476498033993,-165.10709699707604,-137.44633814979917,1.0169578173668392,0.9833249550008403,-68.5147248784143,-541.857600281245
 0.24672398125162748,0.15218180731163358,1.2203751071845805,5.0838648413266,-165.48584468755092,-137.56865505728913,1.0372537292163269,0.9640842658194413,-71.48988979965193,-561.5723018360748
 0.2518564848345056,0.1585792223829839,1.246451165215327,5.080572786687426,-165.86806708763157,-137.6909719647791,1.057431591429112,0.9456876530882783,-74.47094656801416,-580.8192279313579
 0.25683455904294633,0.16490997679696168,1.2717276096936259,5.077554777194915,-166.25364459109153,-137.81328887226903,1.0774497427807417,0.928117535597665,-77.45515380348607,-599.470218907538
 0.26166806636334955,0.17117544238583574,1.296256563515742,5.074773284934183,-166.64244859551485,-137.935605779759,1.0972645812445605,0.9113572214877844,-80.43931221167203,-617.389860068944
 0.2663659054993541,0.1773769890312271,1.320084929656755,5.0721971210956776,-167.03434134615264,-138.05792268724895,1.1168306249767832,0.8953909192996817,-83.41978924614655,-634.435736982123
 0.2709361433089108,0.18351598437776662,1.3432551220206688,5.069800156889731,-167.42917580166537,-138.1802395947389,1.1361005893942915,0.880203750737553,-86.3925405997718,-650.4587895643027
 0.2753861242232294,0.18959379353672978,1.365805668830345,5.067560343262592,-167.82679552405605,-138.30255650222887,1.1550254807738682,0.8657817655503142,-89.35312983281511,-665.3038046786022
 0.27972256167854304,0.19561177878001576,1.387771714754435,5.065458951142938,-168.22703459461675,-138.42487340971883,1.173554706179467,0.8521119592758668,-92.29674696916918,-678.8100062983953
 0.2839516150508219,0.2015712992249253,1.4091854418234069,5.063479976237064,-168.62971755784406,-138.54719031720876,1.191636200873049,0.8391822934443858,-95.21822681805678,-690.8117707943102
 0.28807895480942514,0.207473710510227,1.430076424650624,5.061609668472473,-169.03465939523733,-138.66950722469872,1.2092165733580023,0.8269817186039665,-98.1120675973292,-701.1394623474729
 0.29210981802335934,0.21332036446410022,1.4504719320819532,5.059836156390665,-169.44166553077133,-138.79182413218868,1.2262412673241818,0.8155002010184589,-100.97245029974432,-709.62038417159
 0.29604905591109193,0.21911260876462202,1.4703971848361235,5.058149145097482,-169.8505318697113,-138.91414103967864,1.2426547410589732,0.8047287528535993,-103.79325915128176,-716.0798438504743
 0.2999011747849685,0.22485178659351054,1.4898755767401533,5.05653967122453,-170.26104487222247,-139.0364579471686,1.2584006638060303,0.7946594663860889,-106.56810341317637,-720.3423239901582
 0.30367037147799003,0.23053923628395107,1.5089288656573896,5.054999902900436,-170.6729816632498,-139.15877485465856,1.2734221280894567,0.785285552953538,-109.29034077474293,-722.2327682199927
 0.3073605641349382,0.2361762909633685,1.527577339032317,5.053522975234063,-171.08611017980763,-139.2810917621485,1.287661877814125,0.7766013867689812,-111.95310244303667,-721.5779542783787
 0.3109754190878193,0.24176427819211202,1.5458399580569009,5.052102854093263,-171.50018935665574,-139.40340866963845,1.3010625502648114,0.7686025547322574,-114.54932002680887,-718.20795512223
 0.3145183744070104,0.2473045195990709,1.5637344837370795,5.050734222712115,-171.91496935102947,-139.5257255771284,1.313566931930593,0.7612859121919785,-117.07175422931026,-711.9576667642732
 0.3179926606167601,0.252798330515315,1.5812775875594445,5.049412386675198,-172.33019180716605,-139.64804248461837,1.3251182249133158,0.7546496464988369,-119.51302542989907,-702.6684196995574
 0.32140131898107016,0.25824701960692903,1.5984849489945743,5.048133193780137,-172.7455901604891,-139.77035939210833,1.3356603243831802,0.7486933479601626,-121.8656459304964,-690.1895846266599
 0.32474721769908393,0.26365188850824056,1.6153713417003925,5.046892966276797,-173.16088998169795,-139.8926762995983,1.3451381033246124,0.7434180903272483,-124.12205395606935,-674.3802534801282
 0.32803306629468865,0.269014231456739,1.6319507099844173,5.045688442919124,-173.57580936032107,-140.01499320708825,1.353497703200424,0.7388265215636803,-126.27464916616997,-655.1108937216397
 0.3312614284404403,0.2743353349310024,1.6482362368378176,5.044516729584102,-173.99005932705538,-140.13731011457818,1.3606868285673506,0.734922966111818,-128.31582952346656,-632.2649892245423
 0.33443473341923674,0.27961647729298983,1.6642404046491939,5.04337525649563,-174.40334431390372,-140.25962702206814,1.3666550424981274,0.73171354065477,-130.23802931324914,-605.7406403186776
 0.3375552863968418,0.2848589284361347,1.6799750495402006,5.042261741405426,-174.8153626509157,-140.3819439295581,1.3713540611132262,0.729206284763709,-132.03375810917487,-575.4521101910325
 0.3406252776531034,0.29006394944063446,1.6954514101248654,5.041174157450428,-175.2258070979239,-140.50426083704807,1.374738043529366,0.7274113091630893,-133.69564039345613,-541.3312760717592
 0.3436467908986999,0.2952327922374369,1.7106801713794941,5.040110705065655,-175.6343654093499,-140.62657774453803,1.3767638759452878,0.7263409633793585,-135.21645553644083,-503.328967761794
 0.34662181078653814,0.30036669928234655,1.725671504213088,5.039069787357676,-176.04072092988923,-140.74889465202799,1.3773914460287267,0.7260100263314283,-136.58917784063652,-461.4161773530792
 0.3495522297121008,0.30546690324175313,1.7404351012465855,5.0380499882496625,-176.44455321877552,-140.87121155951792,1.376583905170007,0.7264359231895137,-137.8070163837558,-415.58513443106654
 0.35243985398443456,0.31053462669142373,1.7549802092413247,5.037050053255022,-176.8455386996058,-140.99352846700788,1.3743079170365087,0.727638972026263,-138.8634541800112,-365.8501579921851
 0.355286409438815,0.315571081829813,1.769315658558099,5.036068872192168,-177.24335133313076,-141.11584537449784,1.370533888251249,0.7296426659511231,-139.75228654433508,-312.24839233541263
 0.35809354655302117,0.32057747020730165,1.783449889979599,5.035105463844478,-177.63766330951788,-141.2381622819878,1.3652361805762103,0.7324739955089242,-140.4676580960818,-254.84025989554252
 0.3608628451213836,0.32555498247274905,1.7973909791860154,5.034158962014766,-178.0281457570245,-141.36047918947776,1.358393301311686,0.7361638187072803,-141.00409828238196,-193.7097691193959
 0.3635958185340869,0.3305047981386815,1.8111466591386975,5.033228603228838,-178.41446946333235,-141.48279609696772,1.3499880706540188,0.7407472863930844,-141.3565549200505,-128.9645321942357
 0.36629391770348013,0.33542808536640956,1.8247243405939164,5.032313715241357,-178.79630560620208,-141.60511300445768,1.3400077638870251,0.7462643329015137,-141.52042563935186,-60.73561756374336
 0.3689585346741618,0.34032600077226144,1.838131130944089,5.03141370699256,-179.17332648947516,-141.7274299119476,1.3284442277583135,0.7527602432263585,-141.49158675389808,10.822900916368305
 0.3715910059493241,0.3451996892560764,1.8513738515587352,5.030528059163594,-179.54520628104183,-141.84974681943757,1.3152939686785339,0.760286311511557,-141.26641953337221,85.53454035769968
 0.3741926155620992,0.3500502838530123,1.864459053778553,5.029656315676021,-179.91162174870485,-141.97206372692753,1.3005582137739418,0.7689006069926035,-140.8418334033534,163.20132272494357
 0.3767645979173834,0.35487890560961893,1.8773930336987295,5.0287980761622055,179.7277470094497,-142.0943806344175,1.2842429424786743,0.77866886935733,139829.640751331,54421245.26910559
 0.3793081404267699,0.3596866634850355,1.8901818458603987,5.027952988587553,179.37321584397725,-142.21669754190745,1.2663588901008322,0.7896655583318692,-139.38480059371,-55029167.01230435
 0.3818243859567181,0.364474654278062,1.9028313159587327,5.0271207430995455,179.02509584566477,-142.3390144493974,1.2469215223464487,0.801975089914405,-138.34897833666318,411.6538885885861
 0.3843144351079045,0.36924396258076925,1.9153470526615388,5.026301065921927,178.68369265326552,-142.46133135688734,1.2259509824441406,0.8156932979541571,-137.10700940844896,498.7728566010449
 0.38677934834173744,0.37399566075914764,1.9277344586241087,5.025493714156982,178.349305780386,-142.5836482643773,1.2034720103567722,0.830929171093516,-135.65867888969748,587.5787021108548
 0.38922014796833504,0.37873080896123146,1.9399987407751562,5.024698470698923,178.02222796469277,-142.70596517186726,1.1795138370093705,0.8478069257207498,-134.0043697684362,677.7734244278643
 0.3916378200087278,0.3834504551529716,1.952144919942648,5.023915140085923,177.7027445420471,-142.82828207935722,1.154110052915068,0.8664684944682575,-132.14506240217185,769.048628267332
 0.39403331594271457,0.38815563518202767,1.9641778398786038,5.0231435441970875,177.39113284809474,-142.95059898684718,1.1272984539317907,0.887076529300826,-130.0823305651516,861.0875968331474
 0.3964075543526048,0.3928473728695332,1.9761021757383204,5.022383518876673,177.0876616496314,-143.07291589433714,1.0991208663787522,0.9098180469402575,-127.8183341652619,953.5674220662712
 0.3987614224720071,0.3975266801297462,1.9879224420615205,5.021634910541003,176.79259060752872,-143.1952328018271,1.0696229515641507,0.9349088840489648,-125.35580887921154,1046.1611106214534
 0.4010957776478748,0.4021945571173835,1.9996430002997259,5.020897573501711,176.50616977308192,-143.31754970931703,1.038853994671336,0.9625991767171976,-122.6980527247087,1138.5397483546647
 0.4034114487231759,0.4068519924023289,2.01126806592761,5.020171367115405,176.22863911903096,-143.439866616807,1.006866676983985,0.9931801527044736,-119.84890989531736,1230.3745811657927
 0.40570923734678704,0.4114999631712789,2.0228017151749214,5.019456153971889,175.96022810637842,-143.56218352429696,0.9737168365262177,1.026992614780647,-116.81275200618124,1321.3390726796179
 0.40798991921652417,0.4161394354557647,2.0342478914082656,5.018751797533045,175.7011552877987,-143.68450043178692,0.9394632173361388,1.064437629432171,-113.59445699877705,1411.1108831566876
 0.41025424526062737,0.4207713643859174,2.0456104111928717,5.018058160924563,175.45162794826604,-143.80681733927688,0.9041672110470685,1.1059901175159321,-110.19938589785055,1499.373780453576
 0.41250294276244887,0.42539669446920025,2.056892970057664,5.01737510521229,175.2118417828925,-143.92913424676684,0.8678925921883447,1.1522163099451668,-106.63335783460084,1585.819373375535
 0.4147367164326128,0.4300163598932635,2.06809914798764,5.0167024885532845,174.981980612371,-144.05145115425677,0.8307052489360283,1.2037964142887088,-102.90262330142382,1670.1488530408094
 0.41695624943246756,0.4346312848519751,2.079232414662715,5.01604016511735,174.7622161353554,-144.17376806174673,0.7926729133101414,1.2615543980480883,-99.01383625743338,1752.0744427971417
 0.4191622043522465,0.439242383893586,2.0902961344618007,5.0153879845352725,174.55270771770523,-144.2960849692367,0.7538648899072858,1.3264976435273237,-94.97402497742715,1831.3208687016574
 0.42135522414701393,0.4438505622899508,2.1012935712481684,5.01474579144595,174.3536022177073,-144.41840187672665,0.7143517876018765,1.3998705082786487,-90.79056216136605,1907.6265640843076
 0.4235359330331238,0.4484567164255967,2.112227892950317,5.014113425132221,174.16503384646393,-144.5407187842166,0.6742052543794741,1.4832278352982895,-86.47113442994133,1980.7447747553579
 0.4257049373476502,0.45306173420541684,2.1231021759519586,5.013490719595916,173.98712406261387,-144.66303569170657,0.6334977169537223,1.5785376541034182,-82.02371136771144,2050.444543814113
 0.42786282637298534,0.45766649547969845,2.133919409301613,5.012877503269435,173.8199815000645,-144.7853525991965,0.5923021267765928,1.6883275524303234,-77.45651448569772,2116.5114741266125
 0.4300101731285598,0.4622718724851349,2.144682498753845,5.012273599636784,173.66370192769872,-144.90766950668646,0.5506917142845769,1.8158980316221673,-72.77798611709336,2178.7484282447385
 0.4321475351314353,0.4668787303004376,2.155394270649961,5.011678827313857,173.51836823951209,-145.02998641417642,0.5087397496557813,1.9656415695384735,-67.99675861696761,2236.975998306997
 0.4342754551273402,0.47148792731514605,2.1660574756469155,5.011093000430138,173.38405047410393,-145.15230332166638,0.4665193152333105,2.143533970292079,-63.12162377658382,2291.032956955942
 0.43639446179353625,0.4761003157101752,2.176674792302172,5.010515929294575,173.2608058618036,-145.27462022915634,0.42410308624613424,2.357917290466582,-58.16150287132038,2340.7764517172122
 0.43850507041477477,0.48071674194866615,2.1872488305207467,5.009947420933823,173.14867889812527,-145.3969371366463,0.3815631221001467,2.6207983478485524,-53.12541726118566,2386.0821752824595
 0.44060778353344326,0.48533804727563373,2.19778213487056,5.009387279841335,173.0477014421379,-145.51925404413623,0.3389706699533042,2.9501077486667433,-48.02245969307648,2426.8444053559365
 0.44270309157491633,0.48996506822497154,2.208277187770862,5.0088353084939605,172.9578928380971,-145.6415709516262,0.29639597597073924,3.3738649680544985,-42.86176651030899,2462.9758873732826
 0.4447914734489918,0.49459863713231256,2.2187364125597684,5.008291308569706,172.87926005921722,-145.76388785911615,0.2539081116530759,3.938432661680132,-37.652490598598504,2494.4077404505733
 0.44687339712821417,0.49923958265227625,2.2291621764430474,5.0077550811915845,172.81179787178993,-145.8862047666061,0.21157480945295096,4.726460596068151,-32.40377546044198,2521.089120863912
 0.44894932020381123,0.5038887302786603,2.2395567933300793,5.007226428196181,172.75548901875877,-146.00852167409607,0.1694623079093775,5.90101723702928,-27.124730050490975,2542.9870075665876
 0.45101969041988627,0.5085469028661249,2.249922526559265,5.006705152876808,172.71030442100079,-146.13083858158603,0.12763520995530875,7.8348286522985955,-21.824404836939173,2560.0857143318294
 0.4530849461864514,0.5132149211519488,2.2602615915158824,5.006191060690327,172.6762033954464,-146.253155489076,0.08615635174492269,11.60680529928464,-16.51176871477957,2572.386533506893
 0.45514551707184053,0.5178936042764826,2.2705761581457216,5.005683960195973,172.65313388859815,-146.37547239656593,0.045086679574189964,22.179499786727558,-11.195687084503177,2579.9071839610415
 0.45720182427498085,0.5225837703009261,2.280868353367069,5.005183664011589,172.6410327245611,-146.49778930405589,0.0044851507053634936,222.95794850419773,-5.8849008643079985,2582.681328978832
 0.45925428107797217,0.5272862367211125,2.2911402633823634,5.004689989247989,172.63982586636402,-146.62010621154585,0.03559141589771245,28.096662489459224,-0.588006624712818,2580.757963760946
 0.4613032932793896,0.5320018209760262,2.30139393589339,5.004202758740655,172.6494286897507,-146.7424231190358,0.07508834885501414,13.317645350424076,4.6865623250380875,2574.200849610408
 0.46334925960868517,0.5367313409497916,2.3116313822201566,5.003721801370799,172.6697462684672,-146.86474002652577,0.11395328166895365,8.77552612223232,9.93055380509587,2563.087869517072
 0.4653925721220622,0.541475615465972,2.3218545793269083,5.003246953083834,172.7006736702733,-146.98705693401573,0.15213619333988276,6.57305785064525,15.135913671361788,2547.5103941212137
 0.46743361658015115,0.5462354647729992,2.332065471755534,5.002778057164941,172.74209626284906,-147.10937384150566,0.18958948406690823,5.274554150097739,20.294801718608824,2527.5725998038088
 0.4694727728078283,0.5510117110196767,2.3422659734699427,5.002314965356315,172.79389002889278,-147.23169074899562,0.22626803051970007,4.419537296997575,25.3996066317619,2503.3907867707107
 0.47151041503648106,0.5558051787196864,2.3524579696107693,5.001857537849129,172.85592188990532,-147.35400765648558,0.2621292353850816,3.814912131151443,30.442960074283185,2475.0927182422047
 0.4735469122290399,0.5606166952041448,2.3626433181637903,5.001405644082063,172.92805003773245,-147.47632456397554,0.2971330736359684,3.3654954252085267,35.41774969819787,2442.8168337732586
 0.47558262838807047,0.5654470910612637,2.3728238515427953,5.000959163114879,173.0101242736479,-147.5986414714655,0.3312421266302536,3.018939680689353,40.317131419007005,2406.711613048369
 0.4776179228472349,0.570297200562268,2.383001378088261,5.000517983841876,173.10198635415364,-147.72095837895546,0.3644216107948277,2.744074364357629,45.134540651912864,2366.9347750710976
 0.4796531505464169,0.575167862072759,2.3931776834841627,5.000082005562383,173.20347034318021,-147.84327528644542,0.3966394000363933,2.521181707889448,49.86370275294095,2323.6525834081954
 0.48168866229081725,0.5800599184487923,2.4033545320930734,4.999651137806934,173.31440296998434,-147.96559219393535,0.427866041665393,2.3371801045665523,54.49864247126612,2277.03904488675
 0.48372480499432097,0.5849742174169845,2.413533668212859,4.999225300991785,173.43460399249443,-148.0879091014253,0.4580747639041269,2.183049752571167,59.03369263029491,2227.275205821794
 0.48576192190745154,0.5899116119380525,2.423716817254428,4.998804425966783,173.56388656545207,-148.21022600891527,0.48724147892108033,2.052370422596908,63.463501836506936,2174.548342149119
 0.4878003528302218,0.594872960553222,2.433905686844186,4.998388454543069,173.70205761279308,-148.33254291640523,0.515344778844296,1.9404484940015965,67.78304125864923,2119.05116523254
 0.4898404343102103,0.5998591277130385,2.4441019678510765,4.997977339095137,173.84891820411798,-148.4548598238952,0.5423659247619855,1.843773648646612,71.98761067412272,2060.98112095854
 0.49188249982619453,0.6048709840881655,2.454307335341002,4.997571042673832,174.00426393429962,-148.57717673138515,0.5682888305748118,1.7596685808315495,76.07284338608679,2000.539492972662
 0.49392687995767187,0.6099094068618008,2.4645234494596497,4.997169538751641,174.16788530601252,-148.69949363887508,0.5931000405580074,1.6860561989831735,80.0347103719385,1937.9306836584856
 0.49597390254063267,0.6149752800034622,2.474751956245718,4.996772811013106,174.33956811463054,-148.82181054636504,0.6167886988935811,1.6213007822514223,83.86952349576256,1873.3614156212238
 0.4980238928099266,0.6200694945238828,2.4849944883763673,4.996380853152546,174.51909383466435,-148.944127453855,0.6393465163609623,1.5640970497372977,87.57393765368604,1807.039873998715
 0.5000771735286036,0.6251929487108924,2.4952526658462815,4.995993668378628,174.7062400075401,-149.06644436134496,0.6607677286224132,1.5133911005079312,91.1449521604397,1739.1750062575877
 0.5021340651045983,0.6303465483461721,2.5055280965829883,4.99561126927041,174.90078062975627,-149.18876126883492,0.6810490487734215,1.468323025780615,94.57991101067347,1669.9756517659712
 0.5041948856951477,0.635531206902857,2.515822376999281,4.995233677061012,175.1024865409964,-149.31107817632488,0.7001896155539473,1.4281845628471097,97.87650228510657,1599.649814035645
 0.5062599512993392,0.6407478457240227,2.526137092486219,4.994860921610363,175.31112581144725,-149.43339508381484,0.7181909343331039,1.3923873891955734,101.03275655135589,1528.4038724208128
 0.5083299652094807,0.6459973941821278,2.5359967062956885,4.763066451469191,175.52646412758727,-149.55571199130478,0.7350568131078492,1.3604390601754448,104.02747299671138,1446.7131987295531
 0.5104137469320087,0.6512807898195732,2.5354842017885266,-0.24594922856897694,175.74826517588164,-149.67802889879474,0.7507932937263349,1.331924523508732,106.44159409615655,1158.528781275821
 0.5125199525571641,0.6565989784705701,2.5250092334192655,-4.973383531101448,175.9762910234567,-149.8003458062847,0.7654085768018867,1.3064917617964364,108.26381092694368,865.1656842159844
 0.5146492447410457,0.6619529143645695,2.514420488896654,-4.9728940925846485,176.2103024951626,-149.92266271377466,0.7789129427933408,1.2838405231960788,109.90106171305499,768.9178584813575
 0.5168023039693888,0.6673435602115556,2.5037146103660954,-4.97240316923264,176.4500595461537,-150.04497962126462,0.7913186678082116,1.2637133947184545,111.35645867745616,675.9669893155694
 0.518979829286833,0.6727718872695632,2.492888149001587,-4.971910672072383,176.69532162930204,-150.16729652875458,0.8026399351234419,1.2458886684303905,112.63340140459188,586.4192332948296
 0.5211825390610596,0.6782388753947983,2.4819375612724843,-4.971416505811415,176.94584805657226,-150.2896134362445,0.812892743314758,1.2301745934183996,113.73555890183258,500.36437398006666
 0.5234111717847767,0.6837455130748205,2.4708592050276073,-4.970920568015215,177.20139835371245,-150.41193034373447,0.8220948097672892,1.216404711620878,114.66685130332287,417.87612269150054
 0.5256664869187798,0.6892927974452511,2.459649335383273,-4.970422747280172,177.46173260732857,-150.53424725122443,0.8302654717660368,1.2044340442978136,115.4314311517202,339.01242308440635
 0.5279488461433403,0.6948817342905195,2.4487542474146595,-4.7736078752947755,177.72661180376204,-150.6565641587144,0.837425584444395,1.1941359549737998,116.05499852219879,273.21175552401485
 0.5302578078006684,0.7005133380292183,2.439020033453246,-4.215840453876272,177.99579815893043,-150.77888106620435,0.8435974158840572,1.1853995533545334,116.5832937563168,228.80208185411968
 0.5325925479720642,0.7061886316846143,2.430803103885902,-3.5194192775770956,178.26905543841434,-150.9011979736943,0.8488045416853005,1.1781275321813207,117.03969582215393,195.48302266297432
 0.5349522662038441,0.711908646840943,2.4240246480675567,-2.8725700073236213,178.54614926723545,-151.02351488118424,0.8530717358366748,1.1722343596570117,117.42665928894233,163.98714964223356
 0.5373361842221107,0.7176744235860991,2.418613685947307,-2.269776929738516,178.82684742843125,-151.1458317886742,0.8564248630727505,1.1676447556789968,117.74656638566772,134.1938331243452
 0.5397435447843314,0.7234870104413846,2.414506138591746,-1.706245179896172,179.11092015014611,-151.26814869616416,0.8588907687211451,1.1642924064592766,118.00173441938044,105.9949380733147
 0.5421736106502869,0.7293474642789747,2.4116440297743487,-1.1777906341941244,179.3981403803982,-151.39046560365412,0.8604971696996376,1.1621188717553328,118.19442191914789,79.29311812776291
 0.5446256636584226,0.7352568502277627,2.4099747962956863,-0.6807493447833196,179.68828404912736,-151.51278251114408,0.861272545647617,1.1610726535443778,118.32683378642233,54.00040979338262
 0.5470990038944407,0.741216241568301,2.409450690913671,-0.21190185417405513,179.98113031710426,-151.63509941863404,0.861246030553,1.1611083993709754,118.40112561641504,30.037044200734986
 0.5495929489416314,0.747226719617517,2.4100282626461476,0.2315895986270231,-179.72353818886964,-151.75741632612397,0.8604473069329523,1.162186216334944,-144231.19262838754,-57880021.82189487
 0.5521068332032121,0.7532893736038923,2.4116679033437713,0.652233964260864,-179.42593515457528,-151.87973323361393,0.8589065005387698,1.1642710811627643,118.38374536273658,57420931.65537529
 0.5546400072878958,0.759405300533833,2.414333451032639,1.0522560233756548,-179.12627037134732,-152.0020501411039,0.8566540781643188,1.1673323287538069,118.29616647345333,-34.57278748143682
 0.5571918374518117,0.7655756050499003,2.4179918410395356,1.4336338125585641,-178.82474954348467,-152.12436704859385,0.8537207480625127,1.1713432082674136,118.1586580981242,-53.88617834899814
 0.5597617050899769,0.7718013992816037,2.422612798902102,1.798130687331955,-178.52157411023165,-152.2466839560838,0.8501373631116438,1.1762804970009013,117.97317058301482,-72.17784774386823
 0.5623490062715931,0.7780838026894583,2.428168569045429,2.147322539332884,-178.21694108262025,-152.36900086357377,0.8459348277541524,1.1821241627500676,117.74161809067921,-89.49576260424472
 0.564953151314061,0.7844239419029473,2.434633674428758,2.4826210821200436,-177.9110428949706,-152.49131777106373,0.8411440083153936,1.1888570686044073,117.46587945797638,-105.884514190317
 0.5675735643912362,0.7908229505530819,2.4419847030502435,2.8052938239073013,-177.6040672712837,-152.61363467855367,0.8357956477264215,1.1964647132588648,117.14779870425023,-121.38572979075134
 0.5702096831719494,0.7972819691001927,2.4502001178274506,3.116481259233819,-177.2961971061837,-152.73595158604363,0.8299202841656871,1.2049350028904195,116.78918543142453,-136.03835891214197
 0.5728609584850797,0.8038021446575871,2.4592600870621677,3.4172117810052494,-176.9876103605195,-152.8582684935336,0.8235481743188457,1.2142580497213742,116.39181496390054,-149.87899052053962
 0.5755268540080973,0.8103846308116823,2.4691463327280507,3.7084145198204554,-176.67847997128968,-152.98058540102355,0.8167092212521937,1.2244259939501865,115.95742839910707,-162.94208120420643
 0.5782068459762827,0.8170305874392132,2.4798419944634738,3.9909305185959694,-176.36897377562428,-153.1029023085135,0.8094329071185439,1.2354328458918795,115.48773255278229,-175.2601693962567
 0.5809004229099813,0.8237411805220881,2.491331507528302,4.265522518063506,-176.0592544486635,-153.22521921600347,0.8017482305333571,1.2472743461307765,114.98439977190274,-186.86408195083584
 0.5836070853578935,0.830517581960432,2.503600492765907,4.532883384505095,-175.7494794548794,-153.3475361234934,0.7936836493812315,1.2599478404016715,114.44906771550268,-197.78308773338426
 0.5863263456540733,0.8373609693843534,2.516635657695445,4.793643678706045,-175.43980101242718,-153.46985303098336,0.7852670277011825,1.273452169419916,113.88333911516193,-208.04503384083623
 0.5890580001398127,0.8442725259649345,2.53017232474414,4.955482883857667,-175.1303660702795,-153.59216993847332,0.7765255886816365,1.2877875688523956,113.2774821131508,-221.7912276878324
 0.5918022190625796,0.8512534402249241,2.5438620082653687,4.988553722028141,-174.82131629745197,-153.71448684596328,0.7674858717133445,1.3029555811465146,112.61848326442802,-240.1407712976251
 0.594559266212541,0.8583049058495749,2.5576151734472536,4.98836778401761,-174.5127880839809,-153.83680375345324,0.7581736943933307,1.318958976544513,111.9053090823556,-258.67319029433537
 0.5973294007231519,0.865428121498064,2.5714331275986386,4.9881888761920035,-174.2049125531751,-153.9591206609432,0.7486141198994973,1.3358016812910924,111.14100402941307,-275.90900370176536
 0.6001128770578477,0.8726242906158878,2.5853171547119462,4.988016941349376,-173.89781558436914,-154.08143756843316,0.7388314284634422,1.3534887140355056,110.32857185742928,-291.8768023485212
 0.6029099449981732,0.879894621248609,2.5992685153994044,4.987851916759124,-173.59161784593633,-154.2037544759231,0.7288490933565772,1.3720261287486664,109.47096923114462,-306.60772086389187
 0.6057208496335108,0.8872403258573018,2.6132884468386055,4.98769373494493,-173.28643483774124,-154.32607138341305,0.7186897617523327,1.3914209624494547,108.5710999791551,-320.1351055018709
 0.6085458313525554,0.8946626211360156,2.6273781627245607,4.987542323183793,-172.98237694253626,-154.448388290903,0.708375239105183,1.4116811892849281,107.63180984683731,-332.494233851355
 0.6113851258366668,0.9021627278315645,2.6415388532324084,4.987397604260559,-172.67954948578708,-154.57070519839297,0.6979264782127418,1.4328156778931953,106.65588174941807,-343.72204182428675
 0.6142389640552033,0.9097418705658933,2.655771684989074,4.9872594964281465,-172.378052803141,-154.69302210588293,0.6873635713516716,1.4548341542650305,105.64603161025525,-353.8568278340264
 0.6171075722629407,0.9174012776612965,2.670077801054828,4.987127913517968,-172.07798231521448,-154.8153390133729,0.6767057466928796,1.47774716689948,104.60490460745507,-362.93802687728476
 0.6199911719996434,0.925142180968679,2.6844583209158728,4.9870027653312645,-171.77942860881558,-154.93765592086282,0.6659713675989506,1.5015660562185043,103.53507201393853,-371.0059270361272
 0.622889980091864,0.9329658156990965,2.6989143404882103,4.986883957973026,-171.4824775242657,-155.05997282835278,0.6551779353241671,1.5263029264030736,102.43902842234611,-378.10146678347337
 0.6258042086570113,0.9408734202587254,2.713446932131565,4.986771393691477,-171.1872102481226,-155.18228973584274,0.6443420944450723,1.5519706202979513,101.31918946726913,-384.2660004330899
 0.6287340651097265,0.9488662360874311,2.7280571446762556,4.986664971640648,-170.89370341072853,-155.3046066433327,0.633479641234713,1.578582696124067,100.17788998571508,-389.54109184985487
 0.6316797521705947,0.9569455075010719,2.742746003460242,4.986564587637296,-170.60202918812973,-155.42692355082266,0.6226055340960852,1.6061534073124257,99.01738255687287,-393.9683356928513
 0.6346414678771999,0.9651124815376527,2.7575145103788734,4.9864701347582345,-170.3122554077556,-155.54924045831262,0.611733906714569,1.6346976831326654,97.83983645962478,-397.5891725940966
 0.6376194055975279,0.9733684078074263,2.772363643946206,4.986381503538228,-170.02444565734828,-155.67155736580258,0.6008780829458564,1.664231111738032,96.64733699521861,-400.44472933933645
 0.640613754045709,0.9817145383470219,2.787294359367449,4.986298582021321,-169.73865939670696,-155.79387427329252,0.5900505932338932,1.6947699256080655,95.44188513361175,-402.57567964046433
 0.643624697300083,0.9901521274776701,2.802307588623884,4.986221256287561,-169.45495207171462,-155.91619118078248,0.5792631935250941,1.726330985945302,94.22539749967089,-404.02210575495747
 0.6466524148235616,0.9986824316675624,2.8174042405685165,4.98614941042693,-169.1733752302014,-156.03850808827244,0.56852688435524,1.758931771773799,92.99970665351644,-404.8233815241201
 0.6496970814862559,1.0073067093983918,2.8325852010339703,4.986082927061617,-168.89397663924288,-156.1608249957624,0.5578519321554012,1.792590367369077,91.76656163445347,-405.01807116438334
 0.6527588675903253,1.0160262210360762,2.8478513329508512,4.98602168733831,-168.616800403475,-156.28314190325236,0.5472478910560246,1.8273254522192848,90.52762875874924,-404.643836503662
 0.655837938897005,1.0248422287056844,2.8632034764777297,4.985965571363525,-168.34188708397946,-156.4054588107423,0.5367236255776231,1.8631562918882096,89.2844926647675,-403.73735135165344
 0.65893445665576,1.0337559961705562,2.878642449141265,4.985914458227804,-168.06927381753215,-156.52777571823225,0.5262873342222216,1.9001027290118218,88.0386575134321,-402.33425040530733
 0.6620485776355063,1.0427687887155985,2.894169045987604,4.985868226482309,-167.7989944356612,-156.6500926257222,0.5159465731063768,1.9381851767698863,86.79154844298799,-400.4690500321279
 0.6651804541578378,1.0518818730347237,2.90978403974274,4.98582675395879,-167.5310795834092,-156.77240953321217,0.5057082806457789,1.9774246107321418,85.54451311910312,-398.17512440002463
 0.6683302341321937,1.0610965171224036,2.925488180984476,4.985789918531414,-167.2655568373563,-156.89472644070213,0.49557880180100544,2.0178425638180135,84.29882347804146,-395.4846532784838
 0.6714980610929016,1.0704139901692986,2.9412821983221824,4.985757597750034,-167.00245082273005,-157.0170433481921,0.4855639128742341,2.059461120330435,83.0556775637337,-392.42860475875733
 0.6746840742380145,1.0798355624618872,2.957166798586659,4.985729669333691,-166.74178332929205,-157.13936025568205,0.47566884633685363,2.1023029103146933,81.81620149240115,-389.0367097931856
 0.6778884084698785,1.0893625052860643,2.973142667029146,4.985706011446014,-166.48357342582426,-157.261677163172,0.46589831501655665,2.1463911067471084,80.58145149159289,-385.337455915126
 0.6811111944373476,1.0989960908346235,2.989210467527487,4.985686502464046,-166.22783757298694,-157.38399407066194,0.4562565368463749,2.1917494199906833,79.35241602101881,-381.358080548948
 0.6843598410563838,1.1087375921185596,2.9986337162230723,2.900669047956034,-165.97458973434422,-157.5063109781519,0.4467472585823327,2.238402096015786,77.95487424171095,-430.1919978364622
 0.687643404644236,1.118588282882116,2.9999999999999662,0.41609785842084346,-165.7238414854823,-157.62862788564186,0.43737377992478665,2.286373911513319,76.36466971115436,-484.29229037612185
 0.6909637895240316,1.1285494375215026,2.999999999999933,-1.0030972897577234e-11,-165.4756021209191,-157.75094479313182,0.42813897653651284,2.3356901725921637,74.76222593161977,-482.60784142386836
 0.6943253176611873,1.1386223310071772,2.9965221395402466,-1.034606975692026,-165.22987875886338,-157.87326170062178,0.41904532291926616,2.3863767122695254,73.09870750141201,-494.869702805853
 0.6977382400734433,1.1488082388096454,2.984511973049854,-3.519027109219797,-164.98667644355353,-157.9955786081117,0.4100949147949069,2.438459887999614,71.25925700405092,-538.9663974649749
 0.7012094740326287,1.159108436828649,2.967301582121217,-4.958003733253391,-164.7459982451825,-158.11789551560167,0.4012894907961463,2.4919665800767175,69.3350552572723,-554.3278757362115
 0.7047404858759488,1.1695242013256757,2.9497959676150023,-4.957676519644404,-164.50784535727766,-158.24021242309163,0.3926304534436562,2.5469241910026814,67.44607451696892,-534.96867870236
 0.7083327955106827,1.1800568088596959,2.9319876639198483,-4.957340960524731,-164.27221719151294,-158.3625293305816,0.3841188897877508,2.603360643243974,65.59238755100749,-516.015364610615
 0.7119879796056675,1.1907075362260238,2.9138689295955267,-4.9569963792472445,-164.03911146985334,-158.48484623807155,0.3757555911271091,2.661304378733047,63.77400306032542,-497.4809594890302
 0.7157076750340459,1.2014776603982142,2.895431730787119,-4.9566420593864216,-163.80852431401334,-158.60716314556151,0.3675410719846884,2.720784359146832,61.99087002682971,-479.37608544285683
 0.7194935825917403,1.2123684584729146,2.8766677233219635,-4.9562772411121445,-163.58045033225298,-158.72948005305147,0.3594755888320514,2.7818300632013275,60.24288186773726,-461.7091496436151
 0.7233474710189913,1.2233812076175394,2.8575682333596513,-4.955901117235017,-163.35488270337117,-158.8517969605414,0.3515591574691801,2.844471488664511,58.52988044148019,-444.48651241286143
 0.7272711813556165,1.2345171850207244,2.8381242364498953,-4.955512828829214,-163.13181325805365,-158.97411386803137,0.34379157027912055,2.908739150259301,56.85165982700297,-427.71266747500465
 0.7312666316643716,1.2457776678454193,2.818326334836501,-4.955111460155584,-162.91123255738782,-159.09643077552133,0.3361724122837118,2.9746640814655922,55.20796997087109,-411.3903888455673
 0.7353358221611219,1.2571639331845637,2.798164732822744,-4.954696033488209,-162.6931299687678,-159.2187476830113,0.3287010768483728,3.0422778336722396,53.59852009734535,-395.52089655449674
 0.7394808407954413,1.268677258019223,2.7776292099950477,-4.954265502612978,-162.47749373899597,-159.34106459050125,0.3213767806177307,3.111612475792002,52.02298199251291,-380.1039859718618
 0.7437038693309441,1.2803189191791167,2.756709092070482,-4.953818746118083,-162.2643110647714,-159.4633814979912,0.3141985774926345,3.182700596483261,50.48099306750424,-365.1381732435011
 0.7480071899811926,1.2920901933054456,2.735393219106074,-4.953354559618344,-162.0535681605081,-159.58569840548114,0.30716537235018676,3.25557530247889,48.97215926754657,-350.6208164782076
 0.7523931926645764,1.3039923568159093,2.7136699107719977,-4.9528716469724055,-161.84525032352272,-159.7080153129711,0.3002759336132719,3.3302702216818654,47.49605780557014,-336.5482350406683
 0.7568643829503587,1.3160266858718654,2.6915269283491043,-4.952368610502751,-161.6393419966859,-159.83033222046106,0.2935289056401173,3.40681950153848,46.05223971155312,-322.9158236919854
 0.7614233907782637,1.3281944563475063,2.6689514330648594,-4.951843939829167,-161.43582682852409,-159.95264912795102,0.28692282005725744,3.4852578118409787,44.640232226870175,-309.71815315610326
 0.7660729800459127,1.3404969438009973,2.645929940325989,-4.95129599920789,-161.23468773083562,-160.07496603544098,0.2804561067992255,3.5656203439916023,43.25954102827401,-296.9490677816988
 0.7708160591723572,1.3529354234474877,2.6224482693407483,-4.950723013310367,-161.03590693392283,-160.19728294293094,0.27412710431748183,3.6479428128414635,41.90965227725796,-284.6017776701021
 0.775655692762339,1.3655111701339153,2.59849148754973,-4.950123050763451,-160.83946603939816,-160.3195998504209,0.26793406923308555,3.73226145843388,40.590034528913016,-272.66893739158036
 0.7805951145152347,1.3782254583155242,2.5740438491925546,-4.949494005617869,-160.64534607072997,-160.44191675791083,0.2618751856112059,3.8186130452415386,39.300140457615015,-261.142728000868
 0.7856377415455009,1.3910795620340246,2.549088727234635,-4.948833575859753,-160.45352752147252,-160.5642336654008,0.255948573419804,3.907034865007086,38.03940844844045,-250.01492309614676
 0.7907871903086148,1.404074754897331,2.523608537751168,-4.948139238899683,-160.26399040138168,-160.68655057289075,0.2501522965912433,3.997564738068472,36.8072640024146,-239.27696006063002
 0.7960472943588932,1.4172123100607847,2.4975846557176777,-4.947408223248477,-160.07671428032458,-160.8088674803807,0.2444843707535235,4.090241011799271,35.60312101567546,-228.91999383080625
 0.8014221242044309,1.4304935002098218,2.47099732097814,-4.946637475716713,-159.8916783301497,-160.93118438787067,0.2389427699132353,4.185102568130097,34.42638287954444,-218.9349560726958
 0.8069160095711093,1.4439195975439976,2.443825532947589,-4.945823623360239,-159.7088613645742,-161.05350129536063,0.23352543355434455,4.282188816779507,33.276443422776076,-209.31260483573294
 0.812533564444152,1.4574918737623108,2.4160469323483262,-4.9449629290789145,-159.52824187707736,-161.17581820285056,0.22823027241934982,4.381539702860286,32.15268770467911,-200.04356761864443
 0.8182797153243888,1.4712116000497748,2.387637667965072,-4.944051239755066,-159.34979807695154,-161.29813511034052,0.22305517431020774,4.483195707485709,31.054492623841877,-191.11838580750512
 0.824159733220282,1.4850800470651575,2.3585722460247727,-4.943083925067555,-159.17350792352542,-161.42045201783048,0.21799800955041607,4.587197846724979,29.9812273614454,-182.5275503236279
 0.8301792699998736,1.4990984849298528,2.328823359336042,-4.942055805621164,-158.99934915863798,-161.54276892532044,0.21305663584656648,4.693587674594438,28.932253637506363,-174.26153578717955
 0.8363443998541717,1.5132681832178092,2.298361692751317,-4.940961067265746,-158.82729933739546,-161.6650858328104,0.20822890283777287,4.802407285308902,27.90692577587425,-166.3108297576702
 0.8426616667819087,1.5275904109464795,2.267155700796237,-4.939793159295759,-158.65733585735117,-161.78740274030037,0.20351265639529012,4.91369931341107,26.904590543426885,-158.66596170670894
 0.8491381392038364,1.542066436568724,2.2351713524220775,-4.938544672230559,-158.48943598604757,-161.90971964779033,0.1989057424138787,5.02750693803109,25.92458677583905,-151.31752345146776
 0.8557814730646272,1.5566975279656265,2.2023718367152836,-4.937207190561078,-158.32357688711764,-162.03203655528026,0.19440601052808473,5.143873881695318,24.966244720718013,-144.25619353216862
 0.8625999850977705,1.5714849524401855,2.1687172219804633,-4.935771114171595,-158.1597356448862,-162.15435346277022,0.19001131740097713,5.262844411997417,24.02888510499676,-137.47275229037467
 0.8696027383350197,1.5864299767117995,2.1341640588044926,-4.93422544038463,-157.99788928758042,-162.27667037026018,0.1857195296539417,5.384463345687652,23.111817855421137,-130.95809869431665
 0.87679964246633,1.6015338669115562,2.098664915383091,-4.932557496071326,-157.83801480925908,-162.39898727775014,0.18152852672075623,5.50877604784559,22.214340416987888,-124.7032643562312
 0.8842015723392793,1.6167978885782248,2.062167830372416,-4.930752606027178,-157.68008919036095,-162.5213041852401,0.17743620324003648,5.635828437149298,21.335735626904718,-118.69942098398906
 0.8918205087856612,1.632223306654964,2.0246156645740916,-4.928793679091141,-157.52408941714407,-162.64362109273006,0.17344047152830447,5.765666981808256,20.475268997806218,-112.93789299254708
 0.8996697071576555,1.6478113854866678,1.9859453275281733,-4.926660687273874,-157.3699924998356,-162.76593800022,0.1695392633628195,5.8983387102488924,19.63218535262151,-107.4101590033461
 0.9077639005626212,1.6635633888179342,1.9460868480857614,-4.924330004019787,-157.21777548973802,-162.88825490770995,0.1657305322751648,6.033891198392373,18.805704593640346,-102.1078590084242
 0.916119546972838,1.6794805797916112,1.9049622485478126,-4.921773555145178,-157.06741549522238,-163.0105718151999,0.1620122546941795,6.172372589268868,17.995016439636892,-97.02279323502674
 0.9247551324046384,1.695564220947892,1.8624841689427578,-4.918957717519691,-156.91888969669156,-163.13288872268987,0.15838243181028397,6.313831582014318,17.199273830800617,-92.14692103050388
 0.9336915465873795,1.7118155742239267,1.8185541699064038,-4.915841873264525,-156.7721753606051,-163.25520563017983,0.15483909076234575,6.458317438293709,16.417584624693603,-87.47235637496341
 0.9429525535559411,1.7282359009539066,1.773060617028155,-4.91237648699392,-156.62724985248465,-163.3775225376698,0.15138028581885735,6.605879983583904,15.649001087293625,-82.99135720436205
 0.9525653883096619,1.7448264618696177,1.725876012722419,-4.908500511513799,-156.4840906491226,-163.49983944515975,0.1480040994129128,6.756569608319605,14.892506428098411,-78.69631368649112
 0.9625615235442613,1.7615885171014063,1.6768535877516435,-4.904137831298569,-156.34267534986816,-163.62215635264968,0.1447086430400212,6.910437268929652,14.146997408056484,-74.57972531839246
 0.9729776698826422,1.7785233261795554,1.625822883819184,-4.89919229959586,-156.2029816871507,-163.74447326013964,0.14149205798753603,7.067534490791629,13.411261533714622,-70.63417222076208
 0.9838571030726334,1.7956321480360224,1.5725839349982598,-4.893540673598944,-156.06498753618547,-163.8667901676296,0.1383525158666218,7.227913375742628,12.683946723638234,-66.85227046069822
 0.9952514593978203,1.8129162410065367,1.5168994612103026,-4.887022329191872,-155.92867092399894,-163.98910707511956,0.1352882193500937,7.391626593977397,11.963520210894119,-63.22660904957234
 1.007223218960089,1.8303768628330095,1.4584841714916703,-4.879423898784255,-155.79401003770397,-164.11142398260952,0.13229740256194905,7.558727387196766,11.248211726484818,-59.749653397963165
 1.0198492299197452,1.8480152706662663,1.3969897451868585,-4.870455641239655,-155.6609832321711,-164.23374089009945,0.1293783312930404,7.729269577105703,10.535933000369782,-56.413599543907296
 1.0332258635665037,1.8658327210690422,1.3319831336708263,-4.859713828806633,-155.52956903700957,-164.35605779758941,0.12652930332093124,7.903307563968654,9.824160445134744,-53.21014046067734
 1.0474768316505791,1.8838304700192479,1.2629141293437474,-4.846618413541969,-155.39974616299077,-164.47837470507937,0.12374864863946466,8.080896324883907,9.109758246098536,-50.13008202821717
 1.0627655711464328,1.902009772913484,1.1890648603939118,-4.830304615358499,-155.27149350791117,-164.60069161256934,0.12103472937861677,8.262091427261621,8.388700397072995,-47.162674805277085
 1.079315960686278,1.9203718845707696,1.1094670378046718,-4.809422907999048,-155.1447901618874,-164.7230085200593,0.11838594017847659,8.446949008407733,7.655611109255618,-44.29438268219931
 1.0974494657128797,1.9389180592364925,1.0227573013885602,-4.781741659370848,-155.01961541218222,-164.84532542754926,0.11580070777223159,8.635525803235158,6.902953925429651,-41.506436991735974
 1.1176581784588056,1.9576495505865352,0.9269017569572339,-4.743278091804797,-154.8959487475028,-164.96764233503922,0.11327749121752834,8.827879124544577,6.119472637086104,-38.76948018381329
 1.1407683101185928,1.9765676117315905,0.8186046459429553,-4.686131286855484,-154.77376986190805,-165.08995924252918,0.11081478153959415,9.024066880849283,5.286810451511462,-36.030179223232864
 1.1683866059551529,1.9956734952216313,0.6917835772020801,-4.591922307276988,-154.65305865822006,-165.2122761500191,0.10841110165041959,9.224147571386013,4.370697033674352,-33.17052664141549
 1.2046498971642357,2.014968453050535,0.5320796095879711,-4.4040119440153935,-154.53379525109108,-165.33459305750907,0.10606500617135886,9.428180283932646,3.28881916540151,-29.833967965981714
 1.2929341734772897,2.034453736660834,0.22071069078263553,-3.5268898586338127,-154.41595996963892,-165.45690996499903,0.10606500617135886,9.428180283932646,1.3347255748499238,-22.134106685344683
 1.2929341734772897,-0.0,0,-0.0,-154.26400106472386,-165.57922687248896,0.03945654002086168,25.34434087406738,0.0,0.0
 1.3817362092844232,-0.0197145039087286,-0.22200508951783404,-2.5,-154.26400106472386,-166.09111901969058,0.03945654002086168,25.34434087406738,0.0,0.0
 1.4183333204787973,-0.039312365171764375,-0.5355029570216033,-8.56619162749549,-154.30843766442234,-166.6030111668922,0.03988799730130513,25.070198246510614,-1.2142105824279703,-33.17777121748953
 1.4462890728819928,-0.05879431292856654,-0.6968851160155274,-5.772771080039968,-154.35309443490607,-167.11490331409382,0.040322151615184126,24.800263873404752,-1.5974089997522012,-13.70731904466398
 1.4697516797174806,-0.07816107628249995,-0.8254310141122351,-5.478756005163003,-154.3979703131015,-167.62679546129544,0.04075893455132149,24.53449804338857,-1.912655252252561,-13.436113672737376
 1.4903306114381039,-0.09741338429904399,-0.9355348605025131,-5.350318854498017,-154.44306416113307,-168.13868760849707,0.04119827389835773,24.27286158801577,-2.1912628237350282,-13.538485634959333
 1.508852645131711,-0.11655196600395287,-1.033287274038088,-5.2776285343501135,-154.4883747645026,-168.6505797556987,0.04164009352603079,24.015315896801777,-2.4463082250605277,-13.769837888456557
 1.5258097199663003,-0.13557755038138833,-1.1219850453585802,-5.230723587983782,-154.53390083028683,-169.1624719029003,0.04208431326326449,23.761822932558168,-2.6847829727906896,-14.063436651451097
 1.5415228830937986,-0.15449086637200243,-1.2036606402637986,-5.197909182415649,-154.57964098527924,-169.67436405010193,0.042530848578356616,23.512345354634817,-2.910945086056543,-14.393162689825706
 1.556215500480163,-0.17329264287098473,-1.2796750915484527,-5.173649410839471,-154.62559377413214,-170.18625619730358,0.04297961083546035,23.266846315298636,-3.127610802386361,-14.746570378324579
 1.5700504730528033,-0.19198360872606463,-1.3509940664459705,-5.154977685937451,-154.67175765746623,-170.6981483445052,0.04343050677458208,23.025289693033354,-3.3367527901978087,-15.116906572336871
 1.5831509839728082,-0.21056449273547936,-1.418332775177584,-5.140158971111986,-154.71813100998205,-171.21004049170682,0.04388343876664393,22.78763989571633,-3.5398125156328186,-15.50013787057204
 1.595612896644868,-0.22903602364588863,-1.48223883415774,-5.1281099989921355,-154.7647121185288,-171.72193263890844,0.044338304481033444,22.553861986936578,-3.7378779463914653,-15.893662230736101
 1.6075125771545031,-0.24739893015025988,-1.543142817111982,-5.118119171764927,-154.81149918017027,-172.23382478611006,0.04479499674262823,22.32392170370158,-3.9317914126850595,-16.295686773823867
 1.618912050570632,-0.26565394088570543,-1.601390701926392,-5.109699605246431,-154.85849030024852,-172.74571693331168,0.0452534036901275,22.097785325662926,-4.122218488772493,-16.704901106923554
 1.6298625245736464,-0.2838017844312747,-1.6572655704742454,-5.1025068442217005,-154.90568349039575,-173.2576090805133,0.04571340832932295,21.87541985047193,-4.309693820947667,-17.12029379947979
 1.6404068712857427,-0.30184318930571147,-1.7110026222620287,-5.096290292326695,-154.95307666656967,-173.76950122771493,0.046174888481784804,21.65679296430749,-4.49465267673258,-17.541044583893548
 1.6505814208958374,-0.3197788839651597,-1.762799863067504,-5.090863260825341,-155.00066764705628,-174.28139337491655,0.04663771725436776,21.441872777474913,-4.6774532839671386,-17.96645691846601
 1.6604172869945444,-0.3376095968008387,-1.812825902339506,-5.086083804920699,-155.04845415047535,-174.79328552211817,0.04710176164595784,21.230628432043318,-4.858393042313097,-18.395915167017684
 1.6699413649931332,-0.3553360561366601,-1.8612257625827477,-5.081842069165358,-155.09643379374424,-175.3051776693198,0.047566884051243555,21.02302936056743,-5.037720530637474,-18.828855491412746
 1.6791770971545068,-0.3729589902268118,-1.9081252879826514,-5.0780516996855205,-155.14460409007572,-175.81706981652144,0.04803294053669681,20.819046030213524,-5.215644573682435,-19.26474695629312
 1.68814506768609,-0.39047912725329936,-1.9536345447150527,-5.07464387534814,-155.19296244694226,-176.32896196372306,0.04849978215128518,20.618649314355764,-5.392341187592702,-19.703076999191886
 1.6968634719063282,-0.40789719532343854,-1.9978504815945946,-5.071563070785668,-155.24150616403585,-176.84085411092468,0.04896725392272422,20.42181090199813,-5.567958982778581,-20.143341688403765
 1.7053484906231975,-0.42521392246731377,-2.0408590389373673,-5.068763991912809,-155.29023243123072,-177.3527462581263,0.04943519500874001,20.22850319136402,-5.742623419084052,-20.585038422863818
 1.7136145921493173,-0.4424300366351811,-2.0827368395448342,-5.066209321908147,-155.33913832653343,-177.86463840532792,0.04990343830954897,20.038699413796724,-5.9164401922951155,-21.027660096095673
 1.7216747783632,-0.4595462656948409,-2.123552558894844,-5.063868038148897,-155.388220814046,-178.37653055252954,0.05037181106277601,19.8523733592534,-6.089497960734211,-21.470691104012186
 1.7295407869997876,-0.4765633374289596,-2.163368046021016,-5.061714138092454,-155.43747674190962,-178.88842269973117,0.05084013435396421,19.669499553988217,-6.261870554590483,-21.913603432178828
 1.7372232593357455,-0.49348197953235623,-2.202239248452388,-5.059725662718487,-155.48690284027558,-179.4003148469328,0.051308222719431675,19.49005338712065,-6.433618788919386,-22.355854576270783
 1.7447318802484677,-0.5103029196092386,-2.2402169815740707,-5.057883939424284,-155.53649571925448,-179.9122069941344,0.05177588396058901,19.314011147761075,-6.604791952522939,-22.796884486940726
 1.7520754960220613,-0.5270268851704051,-2.2773475732898745,-5.056172988968103,-155.5862518668879,-180.42409914133603,0.052242920442480745,19.141349517414444,-6.775429048497294,-23.23611436588737
 1.7592622140797811,-0.5436546036303975,-2.3136734078681536,-5.054579056327129,-155.63616764712654,-180.93599128853765,0.05270912676529359,18.972046424765505,-6.945559828249369,-23.672944783095033
 1.7662994879246519,-0.5601868023046253,-2.349233387624625,-5.053090236411721,-155.6862392978163,-181.44788343573927,0.053174291865450744,18.806080248898173,-7.115205659682146,-24.10675428758925
 1.7731941898877477,-0.5766242084064334,-2.3840633271445406,-5.051696172850453,-155.73646292869225,-181.9597755829409,0.053638197116274,18.643430498460894,-7.284380259619537,-24.536898163677975
 1.7799526737600369,-0.5929675490441402,-2.418196291733,-5.050387813812816,-155.78683451939528,-182.47166773014254,0.05410061777203573,18.484077283806798,-7.453090316537925,-24.962707628870184
 1.7865808289781802,-0.609217551218037,-2.451662889459089,-5.049157212625299,-155.8373499175076,-182.98355987734416,0.054561321622618286,18.328001783326524,-7.621336020321319,-25.38348880588239
 1.7930841277179521,-0.6253749418173414,-2.484491524353861,-5.047997363861469,-155.88800483659395,-183.49545202454578,0.055020069873661766,18.17518593299174,-7.789111512986752,-25.798521547130694
 1.7994676659995976,-0.6414404476171175,-2.5167086169074433,-5.046902067810115,-155.93879485429022,-184.0073441717474,0.055476616496345235,18.0256126482746,-7.956405281116071,-26.207059587992592
 1.8057361997116481,-0.657414795275159,-2.5483387968916507,-5.045865817615718,-155.98971541038878,-184.51923631894903,0.05593070828381521,17.879265803779784,-8.123200486370404,-26.60832866443549
 1.8118941763017204,-0.6732987113288323,-2.5794050726469773,-5.0448837050487745,-156.0407618049706,-185.03112846615065,0.056382085039465006,17.73613017858498,-8.289475257848459,-27.00152705129178
 1.8179457627558087,-0.6890929221918908,-2.6099289802573864,-5.04395134102187,-156.09192919657409,-185.54302061335227,0.056830479280422036,17.596191562376944,-8.455202944166311,-27.385824787463672
 1.823894870384789,-0.7047981541512433,-2.639930715465052,-5.043064788661151,-156.14321260036482,-186.0549127605539,0.05727561643435151,17.459436707175133,-8.620352326610377,-27.760362182650994
 1.8297451768532262,-0.720415133363699,-2.6694292507085566,-5.042220506336036,-156.19460688638526,-186.5668049077555,0.0577172144792378,17.32585345676588,-8.784887817027421,-28.124251490879217
 1.835500145817126,-0.7359445858526796,-2.6984424392894018,-5.041415299168617,-156.24610677782294,-187.07869705495713,0.05815498401791302,17.195430742307106,-8.948769621647065,-28.476574877753993
 1.8411630444809575,-0.7513872375048898,-2.7269871083587347,-5.040646277434918,-156.29770684931088,-187.59058920215875,0.058588628556440404,17.06815852562014,-9.111953886356428,-28.816384398967003
 1.8467369593377332,-0.7667438140669696,-2.75507914216028,-5.039910820919101,-156.34940152529435,-188.10248134936037,0.05901784414866621,16.944027936381335,-9.27439283014034,-29.142702742660795
 1.8522248103172472,-0.7820150411421124,-2.7827335567510203,-5.039206548059189,-156.40118507844963,-188.614373496562,0.059442319355948764,16.8230313156501,-9.43603486111066,-29.45452264897897
 1.8576293635353096,-0.7972016441866572,-2.8099645672449456,-5.0385312893057845,-156.45305162813747,-189.12626564376365,0.0598617357435375,16.70516211364548,-9.596824676360958,-29.75080617449207
 1.8629532428097642,-0.8123043485066501,-2.8367856484762166,-5.037883063946524,-156.50499513891614,-189.63815779096527,0.06027576733270706,16.590415091362534,-9.75670335500367,-30.03048536615979
 1.868198940086333,-0.8273238792543919,-2.8632095898537626,-5.037260059892263,-156.557009419157,-190.1500499381669,0.060684081046313315,16.4787862443993,-9.915608449836743,-30.29246379558713
 1.8733688248980858,-0.8422609614249519,-2.8892485450746275,-5.036660616048993,-156.60908811965294,-190.6619420853685,0.061086336223551516,16.37027299100736,-10.073474050631036,-30.535612792651808
 1.8784651529660517,-0.8571163198526714,-2.914914077273902,-5.036083206770274,-156.66122473235816,-191.17383423257013,0.0614821852904311,16.264874048900097,-10.230230866208736,-30.75877641453894
 1.8834900740346,-0.8718906792076382,-2.9402172001151916,-5.035526428398216,-156.71341258916823,-191.68572637977175,0.0618712735640618,16.162589557245745,-10.385806283949162,-30.960768461458503
 1.8884456390233875,-0.8865847639921519,-2.965168415258493,-5.034988987079374,-156.76564486079113,-192.19761852697337,0.06225323912025585,16.063421183085424,-10.540124434056358,-31.140374600344
 1.8933354405740055,-0.9011992985371746,-2.9887786638652525,-4.828467650957056,-156.8179145556791,-192.709510674175,0.06262771315833716,15.967372103652766,-10.689532969159657,-30.555132668812238
 1.8981806767278675,-0.9157350069987604,-3.000000000000023,-2.315952366083671,-156.87021451908902,-193.2214028213766,0.06299431995904042,15.874447103329485,-10.794099967290206,-21.581403838738545
 1.9029998788464413,-0.9301926133544823,-2.999999999999977,9.583594273085324e-12,-156.92253743215497,-193.73329496857824,0.06335267720907257,15.784652583818392,-10.857173403100314,-13.087941584149275
 1.9077932881948976,-0.9445728413998509,-3.0,-4.817581231538412e-12,-156.97487581114606,-194.24518711577986,0.0637023956855024,15.697996743120655,-10.918821070010711,-12.860922660455316
 1.912561145976521,-0.9588764147447214,-3.000000000000023,-4.843399272773636e-12,-157.02722200676092,-194.75707926298148,0.0640430797443513,15.614489559087788,-10.978975886532751,-12.616738853640545
 1.9173036933315155,-0.9731040568097047,-2.9999999999999765,9.832135252197394e-12,-157.07956820352217,-195.2689714101831,0.0643743276178202,15.534142833100105,-11.03756965254308,-12.354914273786383
 1.922021171335805,-0.987256490822573,-3.0,-4.989260808561717e-12,-157.1319064193192,-195.78086355738475,0.06469573119998177,15.456970366543777,-11.094533085143704,-12.074975770703558
 1.9267138209998382,-1.0013344398146733,-3.0000000000000235,-5.0156584887317745e-12,-157.18422850502972,-196.29275570458637,0.06500687628351381,15.382988034045972,-11.149795841689949,-11.776450513620407
 1.9313818832673908,-1.0153386266173305,-2.999999999999976,1.0179286978292812e-11,-157.23652614425117,-196.804647851788,0.06530734312632548,15.312213789890015,-11.20328655102936,-11.458867999945399
 1.9360255990143753,-1.0292697738582843,-2.999999999999976,0.0,-157.28879085318826,-197.3165399989896,0.06559670603316058,15.244667918149398,-11.254932856521036,-11.121762895416921
 1.9406452090476507,-1.0431286039581098,-3.0,-5.191091273758825e-12,-157.34101398061043,-197.82843214619123,0.06587453466455459,15.180372887523022,-11.304661442415922,-10.764671809241586
 1.9452409541038391,-1.0569158391266753,-3.0000000000000484,-1.0532726093775766e-11,-157.3931867079971,-198.34032429339285,0.06614039277469853,15.119353817664987,-11.35239808753738,-10.387139525325818
 1.9498130748481466,-1.0706322013595986,-3.0000000000000484,0.0,-157.44530004976804,-198.85221644059447,0.0663938398812295,15.061638275311056,-11.398067698850246,-9.988715055201764
 1.9543618118731934,-1.0842784124347387,-3.0000000000000244,5.271972681616478e-12,-157.497344853675,-199.3641085877961,0.06663443090569804,15.007256555026542,-11.441594363532127,-9.568956051363939
 1.958887405697847,-1.0978551939086996,-3.000000000000049,-5.397061134540325e-12,-157.54931180133084,-199.87600073499772,0.06686171637231997,14.956241841467135,-11.482901397988908,-9.127428588875084
 1.9633900967660711,-1.1113632671133717,-2.999999999999975,1.63721667150009e-11,-157.60119140888463,-200.38789288219934,0.06707524304241327,14.908630288043478,-11.521911400916412,-8.663708510406599
 1.9678701254457795,-1.1248033531524972,-2.999999999999975,0.0,-157.65297402785356,-200.89978502940096,0.06727455416497587,14.864461198029238,-11.55854631097601,-8.177382931838466
 1.9723277320277055,-1.1381761728982753,-3.0000000000000497,-1.673700580874856e-11,-157.70464984608662,-201.41167717660258,0.06745918974276383,14.823777217206606,-11.59272746110363,-7.668049994859585
 1.9767631567242807,-1.1514824469880012,-2.999999999999975,1.6820708806625912e-11,-157.75620888892243,-201.9235693238042,0.06762868690224474,14.786624519938856,-11.624375648993801,-7.13532300855142
 1.981176639668531,-1.164722895820752,-3.0000000000000253,-1.1370176648905523e-11,-157.80764102048715,-202.43546147100585,0.06778258073123429,14.753052911412665,-11.653411198003504,-6.578828869731459
 1.9855684209129862,-1.1778982395541175,-3.0,5.763739938871631e-12,-157.8589359451724,-202.94735361820744,0.06792040373536541,14.723116250843352,-11.679754029186634,-5.998211139589503
 1.9899387404286077,-1.191009198100982,-3.0,0.0,-157.91008320926227,-203.4592457654091,0.06804168752485566,14.696872408326138,-11.703323728861664,-5.393129630632759
 1.9942878381037328,-1.2040564911263572,-3.0,0.0,-157.96107220277918,-203.97113791261071,0.06814596222526242,14.674383739632477,-11.724039634366923,-4.76326517653177
 1.9986159537430415,-1.217040838044283,-2.9999999999999485,1.1902257849754563e-11,-158.01189216146344,-204.48303005981234,0.06823275733010085,14.655717270256794,-11.741820903008257,-4.108316441418806
 2.0029233270665396,-1.229962958014778,-3.0000000000000258,-1.7939360420042222e-11,-158.0625321689589,-204.99492220701396,0.0683016027075233,14.640944873316299,-11.75658659981865,-3.4280048886964765
 2.007210197708572,-1.2428235699408743,-2.9999999999999742,1.2016772290144824e-11,-158.11298115920727,-205.50681435421558,0.06835202814044934,14.630143789518664,-11.768255788666565,-2.7220762701586754
 2.0114768052168497,-1.255623392465707,-3.0,-6.036921399808308e-12,-158.16322791897625,-206.0187065014172,0.06838356447346898,14.623396830798045,-11.776747608378288,-1.9902978409074605
 2.015723389051513,-1.2683631439696983,-2.999999999999974,6.169962586698346e-12,-158.21326109063654,-206.53059864861882,0.06839574415116349,14.620792746839188,-11.781981378038132,-1.2324658745977923
 2.0199501885842146,-1.281043542567802,-3.0,-6.1988422158287835e-12,-158.26306917510698,-207.04249079582044,0.06838810168752946,14.622426640369076,-11.783876686153995,-0.4484026510366456
 2.024157443097232,-1.2936653061068548,-3.0,0.0,-158.31264053502582,-207.55438294302206,0.06836017416009,14.628400414225675,-11.782353495717121,0.36203905234654205
 2.028345391782614,-1.3062291521630016,-3.000000000000053,-1.2618735314645974e-11,-158.36196339806136,-208.0662750902237,0.06831150224580103,14.638823142869295,-11.777332231336842,1.1989794425627793
 2.032514273741356,-1.3187357980392271,-2.9999999999999734,1.9067934604497897e-11,-158.4110258605328,-208.5781672374253,0.06824163017886209,14.653811718433289,-11.768733909232132,2.0625007351618794
 2.0366643279826073,-1.3311859607629806,-3.0,-6.420482972523946e-12,-158.4598158911246,-209.09005938462695,0.06815010653455202,14.67349136854249,-11.7564802182221,2.9526580371487032
 2.0407957934229164,-1.3435803570839076,-3.000000000000027,-6.556860318025081e-12,-158.50832133490852,-209.60195153182858,0.06803648603360705,14.697996006231769,-11.740493654056976,3.8694657854689045
 2.0449089088855104,-1.35591970347169,-3.0,6.5861126552883636e-12,-158.55652991750318,-210.1138436790302,0.0679003279861961,14.72746936072675,-11.72069761549398,4.812906115334448
 2.049003913099615,-1.368204716114004,-3.000000000000054,-1.3230482990737159e-11,-158.60442924947586,-210.62573582623182,0.06774119945867427,14.762065153718648,-11.69701652752585,5.782921513624624
 2.0530810446998116,-1.380436110914594,-3.0,1.3288480459913233e-11,-158.65200683100744,-211.13762797343344,0.06755867408353243,14.801948285183295,-11.669375972384392,6.7794120602161545
 2.057140542225437,-1.3926146034914695,-3.0,0.0,-158.69925005664476,-211.64952012063506,0.06735233371101144,14.847295481856628,-11.637702779493067,7.802244659933725
 2.061182644120024,-1.4047409091752314,-3.0,0.0,-158.7461462204185,-212.16141226783668,0.06712176890977607,14.898296279172602,-11.60192518564246,8.851235021689355
 2.0652075887307935,-1.4168157430075394,-3.0000000000000275,-6.840722959772935e-12,-158.7926825210777,-212.6733044150383,0.0668665794861334,14.955154094690563,-11.561972936145015,9.926161316740977
 2.069215614308181,-1.4288398197397028,-3.0,6.869599626818954e-12,-158.83884606756143,-213.18519656223992,0.06658637574649186,15.01808724065727,-11.51777741743413,11.026755657505317
 2.0732069590054243,-1.4408138538314312,-3.0,0.0,-158.884623884725,-213.69708870944154,0.06628077899603402,15.08733022072411,-11.469271795841745,12.152701726285434
 2.077181860878187,-1.4527385594497197,-3.0,0.0,-158.9300029192061,-214.20898085664317,0.06594942205281008,15.163135155289664,-11.416391129558429,13.303640687502009
 2.081140557884245,-1.4646146504678945,-3.000000000000028,-7.06738105435657e-12,-158.97497004559966,-214.72087300384482,0.06559195015919407,15.24577326292271,-11.359072524309722,14.479159471156656
 2.085083287883218,-1.4764428404648133,-3.0,7.0960020665483e-12,-159.01951207275374,-215.2327651510464,0.06520802233997891,15.335536397442649,-11.297255243364484,15.678801480532947
 2.0890102886363566,-1.488223842724229,-2.9999999999999716,7.237510562657419e-12,-159.06361575033813,-215.74465729824806,0.06479731089173676,15.432739202261006,-11.230880857144292,16.90205589269202
 2.092921797806386,-1.4999583702343158,-2.999999999999943,7.266174817683759e-12,-159.10726777560214,-216.25654944544968,0.06435950385782598,15.5377207725072,-11.159893372734215,18.148362006665366
 2.0968180529574045,-1.5116471356873726,-2.9999999999999716,-7.294622227954158e-12,-159.150454800312,-216.7684415926513,0.06389430432119364,15.65084729576282,-11.084239362132198,19.417108908340058
 2.1006992915548457,-1.5232908514796963,-2.9999999999999716,0.0,-159.1931634379528,-217.28033373985292,0.0634014317980182,15.77251446285568,-11.00386811287065,20.7076290838012
 2.1045657509654925,-1.5348902297116365,-2.9999999999999427,7.465692918117402e-12,-159.23538027104368,-217.79222588705454,0.06288062317878812,15.90315027821378,-10.91873174062366,22.019207550080278
 2.108417668457559,-1.546445982187834,-2.9999999999999423,1.1529042633046668e-13,-159.27709185874735,-218.30411803425616,0.06233163344207117,16.043218262992657,-10.828785349016233,23.351069121468633
 2.112255281200828,-1.557958820417642,-3.0,-1.5043622466014025e-11,-159.31828474456566,-218.81601018145778,0.061754235959288105,16.19322115262274,-10.733987135764256,24.702391719498685
 2.1160788262668646,-1.5694294556157513,-3.0,0.0,-159.35894546432462,-219.3279023286594,0.061148223841797675,16.35370477133063,-10.634298551919702,26.072292106626517
 2.1198885406292782,-1.580858598702993,-3.000000000000058,-1.5270353878577395e-11,-159.39906055423197,-219.83979447586103,0.0605134103243684,16.52526265896645,-10.529684404459445,27.45984016344261
 2.1236846611640647,-1.5922469603073524,-3.0000000000000293,7.60402584052256e-12,-159.43861655920998,-220.35168662306265,0.059849629772682,16.70854111876969,-10.420113011565377,28.86404472407946
 2.1274674246500083,-1.6035952507651836,-3.0,7.748273969286157e-12,-159.47760004134184,-220.86357877026427,0.059156738121943254,16.904245091043414,-10.305556315307966,30.283864344965565
 2.1312370677691543,-1.614904180122622,-2.9999999999999707,7.77524209154918e-12,-159.5159975884699,-221.37547091746592,0.058434613810570295,17.113144672124264,-10.185990003409385,31.718204646826344
 2.1349938271073508,-1.6261744581372106,-3.0,-7.801907232145798e-12,-159.5537958229794,-221.8873630646675,0.057683158445785976,17.33608260962095,-10.061393639248795,33.16591587163419
 2.1387379391548595,-1.6374067942797372,-3.0000000000000595,-1.589374285940586e-11,-159.59098141072798,-222.39925521186916,0.05690229732946267,17.57398289580522,-9.931750780086958,34.62579578730766
 2.1424696403070422,-1.6486018977362853,-3.0,1.5946602284886063e-11,-159.62754107010093,-222.91114735907078,0.056091980175186455,17.82786054043377,-9.797049088878438,36.09659126367374
 2.146189166865112,-1.6597604774104944,-2.9999999999999702,7.999399008296152e-12,-159.66346158116207,-223.4230395062724,0.0552521820509196,18.09883271358251,-9.657280436184566,37.577000866047364
 2.1498967550369636,-1.6708832419260489,-3.0000000000000298,-1.6050313940394263e-11,-159.69872979502333,-223.93493165347402,0.05438290328467578,18.388131923839083,-9.512441033502657,39.06566640317544
 2.153592640938073,-1.681970899629377,-3.0,8.050566996947387e-12,-159.73333264321874,-224.44682380067565,0.05348417082012299,18.697120749299494,-9.362531507006755,40.561188983378756
 2.157277060592473,-1.6930241585925772,-3.00000000000003,-8.19615274653661e-12,-159.76725714724444,-224.95871594787727,0.052556037959609794,19.02730949331677,-9.207557012455243,42.062118077792086
 2.1609502499338022,-1.7040437266165653,-2.99999999999997,1.644242289937318e-11,-159.80049042817245,-225.4706080950789,0.051598585614219934,19.380376188536694,-9.04752732293634,43.56695902340413
 2.1646124448064294,-1.715030311234447,-3.0,-8.24589278290935e-12,-159.83301971635714,-225.9825002422805,0.050611922249956476,19.758190472618534,-8.882456918889481,45.07417267187633
 2.1682638809666517,-1.725984619715114,-3.00000000000003,-8.270188754433937e-12,-159.86483236118082,-226.49439238948213,0.04959618504281362,20.16284113660669,-8.712365060696342,46.582180470815636
 2.1719047940839675,-1.7369073590670616,-3.0,8.29409142618236e-12,-159.89591584088672,-227.00628453668375,0.048551539418303195,20.59666927106775,-8.537275871281603,48.08936213886342
 2.175535419742429,-1.7477992360424452,-2.9999999999999387,1.6879820924661754e-11,-159.9262577724649,-227.51817668388537,0.04747817935096399,21.062307225554893,-8.357218406004476,49.59405959617357
 2.1791559934420617,-1.7586609571413432,-3.0,-1.6926685117755438e-11,-159.95584592154623,-228.03006883108702,0.04637632883354849,21.562724457754044,-8.172226706592106,51.09458189765339
 2.182766750600368,-1.7694932286162626,-2.9999999999999694,8.486351791662989e-12,-159.98466821233006,-228.5419609782886,0.045246241400333384,22.10128331217876,-7.982339858423199,52.58920493505796
 2.1863679265539004,-1.7802967564768597,-3.0,-8.508930381365448e-12,-160.01271273753804,-229.05385312549026,0.044088199244813824,22.68180640463858,-7.787602041622548,54.076173814731945
 2.1899597565599094,-1.7910722464948863,-3.000000000000031,-8.65470933688392e-12,-160.03996776833614,-229.56574527269186,0.04290251650721641,23.30865602794641,-7.588062562123933,55.55370915795102
 2.1935424757980675,-1.8018204042093604,-3.000000000000031,0.0,-160.06642176425967,-230.0776374198935,0.04168953570473612,23.986834659959896,-7.38377588781398,57.0200065174471
 2.197116319372265,-1.8125419349319536,-3.000000000000062,-8.698266738348613e-12,-160.09206338310636,-230.5895295670951,0.040449630279671724,24.722104827310567,-7.17480167062224,58.473241162676445
 2.2006815223124816,-1.8232375437526034,-3.000000000000031,8.719347877463635e-12,-160.11688149079112,-231.10142171429675,0.039183204518326555,25.521138770880402,-6.961204761947165,59.91157088580765
 2.2042383195767252,-1.8339079355453347,-3.000000000000031,0.0,-160.14086517110337,-231.61331386149837,0.0378906915971282,26.391706190862763,-6.74305520681586,61.33314297228835
 2.207786946053048,-1.8445538149743033,-3.000000000000031,0.0,-160.1640037354654,-232.1252060087,0.03657255614034961,27.34290696451278,-6.520428260462165,62.736088973891405
 2.2113276365616272,-1.8551758865000405,-3.0,8.779712492289998e-12,-160.18628673252786,-232.6370981559016,0.03522929183838971,28.385469812659988,-6.293404353887042,64.1185401618823
 2.214860625856919,-1.865774854385916,-2.9999999999999685,8.924548382122815e-12,-160.20770395771987,-233.14899030310323,0.03386142286330256,29.532131713335463,-6.062069087095462,65.47862092304122
 2.2183861486298797,-1.8763514227047977,-2.9999999999999685,0.0,-160.22824546265508,-233.66088245030485,0.03246950279613859,30.798130980894605,-5.826513189118612,66.8144593430154
 2.2219044395102507,-1.8869062953459113,-3.0000000000000315,-1.7923665195089446e-11,-160.24790156442418,-234.17277459750647,0.031054114744297593,32.20185177500924,-5.586832481297781,68.12418755880294
 2.2254157330689144,-1.897440176021902,-3.0000000000000315,0.0,-160.26666285473948,-234.68466674470812,0.029615871106039148,33.765679098869526,-5.343127825072059,69.40594745330303
 2.2289202638203065,-1.9079537682760792,-2.9999999999999685,1.799404036436348e-11,-160.28452020889296,-235.19655889190972,0.028155412424968464,35.51714977235394,-5.095505053385303,70.65789666373136
 2.2324182662248973,-1.9184477754898517,-3.0000000000000635,-2.7168389245013132e-11,-160.30146479460657,-235.70845103911137,0.026673406309953546,37.490524771365116,-4.844074918705434,71.87820521503733
 2.2359099746917286,-1.9289229008903455,-3.000000000000032,9.030059124027812e-12,-160.31748808063182,-236.22034318631296,0.025170550311856235,39.72896848143062,-4.588952994624211,73.06507015253491
 2.239395623581011,-1.939379847558192,-2.9999999999999365,2.739208197685788e-11,-160.3325818451657,-236.7322353335146,0.023647567843737165,42.2876469414524,-4.330259591060113,74.21671309452111
 2.2428754472067753,-1.9498193184354848,-3.0,-1.8249418314875524e-11,-160.3467381840823,-237.2441274807162,0.02210520788310954,45.238208357411295,-4.068119663251756,75.33138342630329
 2.2463496798395832,-1.9602420163339092,-3.0,0.0,-160.35994951889552,-237.75601962791785,0.020544247633668956,48.67542573626056,-3.8026626911626034,76.40736822928085
 2.2498185557092842,-1.970648643943012,-3.000000000000032,-9.21751723331669e-12,-160.37220860449844,-238.26791177511947,0.01896548567469953,52.72736048800623,-3.534022566215942,77.4429916311258
 2.2532823090078256,-1.981039903838636,-3.0,9.231149089823988e-12,-160.38350853662715,-238.7798039223211,0.01736974843649087,57.571357677188416,-3.26233745731178,78.43662220937502
 2.2567411738921095,-1.991416498491487,-3.0,0.0,-160.3938427591154,-239.29169606952271,0.01575788445859126,63.460295233653405,-2.987749690707876,79.38667042230188
 2.2601953844868943,-2.0017791302758425,-2.9999999999999356,1.8641867269318222e-11,-160.40320507076072,-239.80358821672434,0.014130762745057918,70.7675882782576,-2.7104055726819922,80.29160655247428
 2.2636451748877393,-2.0121285014783767,-3.000000000000032,-2.7934264792976277e-11,-160.4115896320126,-240.31548036392596,0.012489276131031034,80.06869169265829,-2.4304552676137505,81.14994609518709
 2.2670907791639867,-2.022465314307119,-3.0,9.279772297017155e-12,-160.4189909712645,-240.82737251112758,0.01083433892946411,92.29912470990624,-2.1480526080446127,81.96027080530033
 2.2705324313617847,-2.0327902709005135,-3.0000000000000324,-9.419462065282197e-12,-160.42540399089333,-241.33926465832923,0.009166882459467146,109.08834103869683,-1.8633549412542658,82.72121946909334
 2.2739703655071417,-2.043104073336584,-2.9999999999999676,1.8859298025145517e-11,-160.43082397290843,-241.85115680553082,0.0074878552700136545,133.54958982776606,-1.5765229309103435,83.43150223843175
 2.2774048156090103,-2.0534074236421906,-2.9999999999999676,0.0,-160.435246584322,-242.36304895273247,0.00579822906161829,172.46645301055065,-1.2877203867789875,84.08989374287235
 2.2808360156624063,-2.0637010238023783,-2.9999999999999676,0.0,-160.43866788211346,-242.87494109993406,0.004098983539412803,243.96292163282368,-0.9971140528723628,84.69524638151199
 2.284264199651545,-2.073985575769793,-2.999999999999935,9.456468037237022e-12,-160.44108431789178,-243.3868332471357,0.002391124506577518,418.2132704713597,-0.7048734216053609,85.24648390894973
 2.2876896015530037,-2.0842617814741695,-2.9999999999999027,9.464148515024559e-12,-160.44249274213342,-243.8987253943373,0.0006756466428036903,1480.0635963354455,-0.4111705085074381,85.74261401934548
 2.2911124553389053,-2.094530342831874,-2.9999999999999676,-1.8942388046246434e-11,-160.44289040808601,-244.41061754153895,0.0010463869492858488,955.6694114758336,-0.11617964934267405,86.18272284367353
 2.294532994980114,-2.1047919617555,-2.9999999999999027,1.89552034003599e-11,-160.4422749752709,-244.92250968874058,0.002773985836503249,360.49210736438044,0.17992272556139302,86.56598255338909
 2.2979514544494464,-2.115047340163496,-2.999999999999935,-9.483368929744517e-12,-160.4406445125849,-245.4344018359422,0.004506078680529055,221.9224454115814,0.4769583201545999,86.891653172429
 2.301368067724888,-2.1252971799898215,-2.999999999999935,0.0,-160.43799750101655,-245.94629398314382,0.006241616227844767,160.21491285203552,0.7747471999094628,87.15908291269864
 2.3047830687928252,-2.135542183193633,-3.0,-1.8985945640500953e-11,-160.43433283598551,-246.45818613034544,0.007979536214448716,125.32056665013671,1.0731080190426292,87.367708881387
 2.3081966916512675,-2.1457830517689604,-3.00000000000013,-3.81173152049506e-11,-160.4296498291968,-246.97007827754706,0.009718774543538157,102.89363082971016,1.3718582816317955,87.51706763690191
 2.3116091703130817,-2.1560204877544034,-2.9999999999999347,5.726021220895661e-11,-160.42394821017155,-247.48197042474868,0.011458261315805393,87.27327579975956,1.6708145574798996,87.6067824814331
 2.3150207388092134,-2.1662551932427974,-3.0,-1.9135220037934743e-11,-160.41722812730055,-247.99386257195033,0.013196920549883032,75.77525349342679,1.9697927444908387,87.63657753024029
 2.3184316311919044,-2.1764878703908717,-3.0,0.0,-160.40949014851105,-248.50575471915192,0.01493367753529451,66.96274227407032,2.268608305774839,87.6062706640466
 2.3218420815379046,-2.1867192214288718,-3.0000000000000653,-1.9141493710508332e-11,-160.40073526148095,-249.01764686635357,0.01666746049927618,59.99714233871603,2.5670765271186373,87.51577975438491
 2.32525232395166,-2.196949948670139,-3.0000000000000653,0.0,-160.3909648734637,-249.52953901355517,0.018397194701128793,54.35611332300805,2.8650127562295182,87.3651174793665
 2.328662592568495,-2.207180754520643,-3.0,1.9142513737979744e-11,-160.3801808107009,-250.04143116075682,0.020121810247271166,49.69731787107056,3.1622326492292783,87.15439350804895
 2.332073121557765,-2.217412341488453,-2.9999999999999347,1.9141052327466265e-11,-160.36838531732235,-250.55332330795844,0.021840242982226036,45.787036381134456,3.4585524461572446,86.8838229671182
 2.335484145125993,-2.2276454121931373,-3.0,-1.9138276984075644e-11,-160.35558105396828,-251.06521545516006,0.02355143420536999,42.46025916213581,3.753789177347878,86.55370603141246
 2.338895897519974,-2.2378806693750795,-3.0,0.0,-160.34177109583996,-251.57710760236168,0.025254330794649647,39.597168823489824,4.047760954947537,86.16445264852959
 2.3423170851071875,-2.248118815904715,-2.992570932941462,2.171487785792088,-160.3269589304769,-252.0889997495633,0.026947890346936683,37.10865626680404,4.3295390812303856,82.36266474716693
 2.3457579054972406,-2.2583605547916545,-2.9765398149078997,4.6590976035561,-160.31114845499258,-252.60089189676492,0.028631079758167928,34.92707953896563,4.594972620491081,77.14251520597834
 2.349220243551949,-2.2686065891937144,-2.9592819187960804,4.984463053325364,-160.2943439729945,-253.11278404396654,0.030302879194475198,33.00016455803709,4.8535070038085495,74.67046233854839
 2.352704720038089,-2.2788576224258135,-2.941914882443953,4.984116386266571,-160.27655019104606,-253.6246761911682,0.031962278960898864,31.28688042624722,5.106586891670217,72.63067748293983
 2.3562119730916913,-2.2891143579687583,-2.924435558594511,4.983764667761094,-160.2577722147534,-254.13656833836978,0.033608285546967584,29.75456747421703,5.354040899149516,70.55493393187373
 2.359742658990487,-2.2993774994778855,-2.90684071121355,4.983407724533609,-160.23801554445075,-254.64846048557143,0.03523992100835981,28.376908102682023,5.595703177497681,68.44626944316632
 2.3632974529724593,-2.3096477507915605,-2.8891270115116408,4.983045372458321,-160.2172860705022,-255.16035263277303,0.036856223727215774,27.13245956507392,5.831413593490161,66.30775712681594
 2.366877050103935,-2.3199258159395253,-2.8712910337281277,4.9826774154779425,-160.19559006822803,-255.67224477997468,0.038456249456385136,26.00357585921483,6.06101789595584,64.14249817297996
 2.3704821662009277,-2.3302123991510877,-2.8533292506567696,4.982303645184174,-160.17293419244166,-256.18413692717627,0.04003907510168844,24.975601895405173,6.284367875220569,61.953616265243795
 2.3741135388077845,-2.340508204863145,-2.835238028897155,4.981923839336168,-160.149325471682,-256.6960290743779,0.04160379591811928,24.03626827629159,6.501321487934844,59.74424445031896
 2.377771928237566,-2.350813937728025,-2.817013623805755,4.9815377616840575,-160.12477130200645,-257.20792122157957,0.04314952992816354,23.175223499881135,6.71174300791425,57.51752896137162
 2.3814581186789865,-2.3611303026211554,-2.798652174127578,4.981145160557744,-160.09927944053032,-257.71981336878116,0.044675417220164236,22.383674562498552,6.915503113911601,55.27660852997548
 2.385172919375216,-2.371458004648532,-2.78014969628354,4.980745767281037,-160.0728579985826,-258.23170551598275,0.04618062167126939,21.65410433662775,7.112479001774614,53.024617999813735
 2.388917165880331,-2.3817977491540008,-2.7615020782801967,4.980339296001992,-160.045515434549,-258.7435976631844,0.047664331345357,20.980048849408867,7.302554464898689,50.764676648400425
 2.39269172139978,-2.3921502417263385,-2.7427050732188007,4.979925441430999,-160.01726054644885,-259.25548981038605,0.04912576015699809,20.355919110547287,7.485619950364114,48.499878865781575
 2.3964974782218382,-2.402516188206117,-2.7237542923649745,4.979503877911335,-159.9881024641485,-259.76738195758765,0.05056414804926203,19.776858477388995,7.661572628955142,46.23329519406092
 2.4003353592477477,-2.41289629469236,-2.7046451977450636,4.9790742576189215,-159.95805064137502,-260.2792741047893,0.051978762148760405,19.23862667483412,7.830316409135063,43.96795498368183
 2.4042063196289956,-2.423291267548983,-2.685373094227054,4.978636209083526,-159.92711484737293,-260.7911662519909,0.05336889776007137,18.737505213161118,7.991761980297968,41.706851856450264
 2.4081113485210723,-2.433701813411003,-2.6659331210439063,4.978189334934759,-159.89530515837808,-261.30305839919254,0.05473387765723749,18.270220251200666,8.14582679769737,39.45292638218553
 2.412051470964025,-2.4441286391905312,-2.646320242706393,4.977733210446727,-159.8626319488369,-261.81495054639413,0.056073055233831964,17.833877534046778,8.292435073837837,37.20906602856461
 2.4160277499012235,-2.454572452082519,-2.6265292392559103,4.977267380650376,-159.82910588234316,-262.3268426935958,0.05738581270936383,17.425909868430367,8.431517764034549,34.97810198766427
 2.420041288348984,-2.465033959570279,-2.606554695793556,4.976791358133559,-159.7947379024442,-262.8387348407974,0.058671562119917045,17.044032302329533,8.563012500387288,32.76279474190443
 2.4240932317311215,-2.475513869430766,-2.5863909912187055,4.9763046205785955,-159.759539223203,-263.350626987999,0.05992974777274123,16.686204049983427,8.686863542166808,30.56583720432064
 2.428184770394017,-2.4860128897396088,-2.566032286106241,4.975806607203181,-159.72352131957035,-263.8625191352006,0.06115984403229929,16.350597615518563,8.8030216992166,28.38984710157384
 2.4323171423196537,-2.4965317288759037,-2.5454725096349207,4.975296716099234,-159.68669591762205,-264.37441128240226,0.06236135611014197,16.03557174468449,8.911444228882685,26.23735995142374
 2.4364916360560125,-2.507071095526761,-2.524705345479867,4.974774299977237,-159.64907498461895,-264.8863034296039,0.0635338225983835,15.739647940299488,9.012094730296939,24.110828227531517
 2.4407095938865786,-2.5176316986915888,-2.5037242165624924,4.974238662447344,-159.610670718936,-265.3981955768055,0.06467681273318891,15.461491649647261,9.104943014045325,22.01261545944045
 2.444972415263309,-2.5282142476861487,-2.4825222685443054,4.973689053433686,-159.57149553988825,-265.9100877240071,0.06578992810818933,15.199895010609124,9.189964951754117,19.944991871558276
 2.449281560530392,-2.5388194521463423,-2.4610923519347563,4.973124664246013,-159.5315620774084,-266.42197987120875,0.06687280275350523,14.95376234918737,9.26714232283721,17.9101344465317
 2.453638554969568,-2.549448022031748,-2.4394270026691505,4.972544621769699,-159.49088316168255,-266.9338720184104,0.06792510250735687,14.722097767783149,9.336462622049494,15.910118816996514
 2.45804499320171,-2.560100667628909,-2.4175184209907927,4.971947982511202,-159.4494718126729,-267.445764165612,0.06894652610628568,14.50399398598318,9.397918869617227,13.946921375058087
 2.4625025439838657,-2.5707780995543628,-2.3953584484550667,4.971333725335556,-159.4073412296109,-267.95765631281364,0.06993680383791465,14.298623115771738,9.451509387326825,12.022413277742599
 2.4670129554462017,-2.581481028757425,-2.372938542843958,4.970700743895543,-159.36450478039768,-268.46954846001523,0.0708956982414242,14.105228170468914,9.4972375737595,10.138362500744512
 2.4715780608192945,-2.592210166522708,-2.350249750755305,4.970047837752707,-159.32097599104966,-268.9814406072169,0.0718230034451249,13.923115882560277,9.535111632814925,8.296426031840761
 2.476199784709233,-2.6029662244724023,-2.327282677597691,4.9693737022264,-159.2767685350471,-269.4933327544185,0.07271854546605266,13.75165019584766,9.565144317424426,6.498156385949698
 2.480880149986127,-2.6137499145683,-2.304027454680712,4.96867691754451,-159.2318962227372,-270.0052249016201,0.0735821813906248,13.590246729589497,9.587352622126042,4.744993902773736
 2.4856212853611135,-2.624561949113562,-2.280473703050976,4.967955936040365,-159.18637299072367,-270.5171170488218,0.0744137996401059,13.438367679602296,9.601757472202982,3.0382701478925447
 2.490425433738116,-2.635403040754258,-2.256610493670936,4.9672090675369995,-159.14021289130048,-271.02900919602337,0.07521331872520164,13.295517561903983,9.608383380532251,1.379205596768878
 2.4952949614396434,-2.6462739024806456,-2.232426303474663,4.96643446317975,-159.0934300819086,-271.54090134322496,0.07598068779607497,13.161239112284768,9.607258087309834,-0.23108878137502514
 2.5002323684213863,-2.657175247628212,-2.2079089667664755,4.965630096697344,-159.0460388146829,-272.0527934904266,0.0767158854229155,13.035109931759894,9.598412162689574,-1.7916134223832536
 2.50524029960861,-2.6681077898784724,-2.1830456213440472,4.964793742745669,-158.99805342597406,-272.56468563762826,0.07741891928251736,12.916739335391611,9.581878607130303,-3.3014741898713265
 2.5103215575090494,-2.6790722432595446,-2.1578226486249,4.963922952418231,-158.94948832611354,-273.07657778482985,0.07808982596828838,12.805765509147012,9.557692369109896,-4.75989184062391
 2.5154791162829158,-2.690069322146476,-2.132225606939112,4.963015024761257,-158.90035798909042,-273.5884699320315,0.07872867011604878,12.701853067325606,9.525889898155661,-6.166186823769969
 2.52071613748166,-2.7010997412613498,-2.106239157007645,4.962066973816914,-158.85067694245404,-274.1003620792331,0.0793355435731868,12.604690848024543,9.486508599257546,-7.519789858318898
 2.5260359877045038,-2.7121642156731576,-2.079846978453607,4.961075490566912,-158.80045975729382,-274.61225422643474,0.07991056498794179,12.513989860425793,9.439586277178751,-8.82023367449442
 2.531442258466962,-2.7232634607974653,-2.0530316759904266,4.960036898149601,-158.749721038333,-275.12414637363634,0.08045387914281506,12.429481470059175,9.385160527506894,-10.067152028306824
 2.5369387886304957,-2.7343981923958447,-2.0257746736753934,4.95894710009374,-158.69847541418687,-275.636038520838,0.080965656307045,12.350915753806937,9.323268065754684,-11.260278741455924
 2.542529689809611,-2.7455691265751003,-1.998056095318738,4.95780151868872,-158.6467375277499,-276.14793066803963,0.08144609148383695,12.278060024506527,9.25394400284041,-12.39944343377698
 2.5482193752552122,-2.75677697978629,-1.9698546287570196,4.956595022932115,-158.5945220267264,-276.6598228152412,0.08189540296465692,12.21069759473024,9.17722104723448,-13.484568934340162
 2.5540125928150115,-2.768022468823536,-1.941147371243506,4.9553218426874635,-158.5418435543777,-277.1717149624428,0.08231383262260575,12.148626398977457,9.093128612031066,-14.5156701496862
 2.559914462698643,-2.779306310822646,-1.9119096526348722,4.953975466271103,-158.48871674038688,-277.68360710964447,0.08270164462632394,12.091657965429382,9.001691843147468,-15.492847298649878
 2.5659305209339527,-2.790629223259529,-1.8821148323375385,4.952548517974706,-158.43515619193403,-278.1954992568461,0.08305912433956283,12.039616453356693,8.902930516609644,-16.416284995076065
 2.5720667696011743,-2.801991923948432,-1.8517340650812024,4.951032610302123,-158.38117648496691,-278.7073914040477,0.08338657795181317,11.992337670672523,8.796857802627587,-17.286247630197483
 2.578329735186034,-2.813395131039998,-1.8207360294510273,4.949418164632935,-158.32679215565096,-279.21928355124936,0.08368433132164363,11.949668285649143,8.683478869408068,-18.103074603124874
 2.58472653671848,-2.8248395630191285,-1.7890866116577049,4.94769419260381,-158.27201769203307,-279.73117569845095,0.08395272931666481,11.911465036807298,8.562789284624365,-18.867176693154683
 2.591264965784259,-2.836325938702698,-1.7567485351621897,4.94584802713037,-158.21686752592444,-280.2430678456526,0.08419213473724992,11.8775940664866,8.43477317774479,-19.579031230848734
 2.5979535810445062,-2.847854977237083,-1.7236809243471465,4.943864989749902,-158.16135602498272,-280.7549599928542,0.08440292739780846,11.847930289038354,8.299401113956211,-20.2391763498706
 2.6048018206196177,-2.8594273980955465,-1.6898387872587386,4.941727975084461,-158.1054974850146,-281.26685214005585,0.08458550366712575,11.822356747266744,8.156627605600235,-20.84820584765463
 2.6118201366525984,-2.8710439210754513,-1.6551723982384665,4.939416928129874,-158.04930612252457,-281.77874428725744,0.084740275387231,11.800764104558056,8.006388174309892,-21.40676347208144
 2.6190201576569776,-2.882705266295346,-1.6196265556450808,4.936908180096552,-157.99279606747456,-282.2906364344591,0.08486766874106064,11.78305018665112,7.8485958604358865,-21.915535215527473
 2.6264148860108927,-2.8944121541918837,-1.583139682249365,4.934173596302153,-157.935981356268,-282.8025285816607,0.08496812347898201,11.76911951277073,7.683137025103415,-22.375241849805988
 2.634018940383454,-2.9061653055166308,-1.5456427254331415,4.93117947072155,-157.87887592500778,-283.31442072886233,0.08504209237325011,11.75888283193922,7.5098662453415175,-22.786630825147384
 2.641848856275117,-2.9179654413327247,-1.5070577997726096,4.9278850749363245,-157.82149360294224,-283.826312876064,0.08509003999349582,11.75225678676892,7.328600058991357,-23.150464048173156
 2.6499234626869947,-2.929813283011414,-1.467296494013775,4.924240728358696,-157.76384810618777,-284.3382050232656,0.08511244173976164,11.749163571849849,7.139109179324915,-23.467506649946635
 2.658264359935993,-2.9417095522284833,-1.4262577348615584,4.92018519436209,-157.70595303168975,-284.85009717046717,0.08510978349718468,11.749530534677941,6.941108704459508,-23.738510253100984
 2.666896533977652,-2.9536549709605646,-1.3838250566349193,4.915642110765849,-157.64782185141027,-285.3619893176688,0.0850825605295989,11.753289907772764,6.734245625601478,-23.96419231814678
 2.6758491582200805,-2.9656502614813336,-1.3398630609246747,4.910515008761097,-157.5894679067716,-285.87388146487046,0.08503127614619671,11.760378596231712,6.518082637949047,-24.145209471428526
 2.6851566579861568,-2.97769614635762,-1.2942127509034267,4.904680222247557,-157.53090440333693,-286.38577361207206,0.08495644183250152,11.770737785506373,6.2920768097273845,-24.282120215076834
 2.694860151237264,-2.9897933484454104,-1.2466852683604837,4.897976565039774,-157.47214440576496,-286.8976657592737,0.08485857560707309,11.78431281512871,6.05555092907041,-24.375333144070854
 2.7050094423035507,-3.0019425908857698,-1.1970533075669942,4.890189912707413,-157.41320083295497,-287.4095579064753,0.08473820183231727,11.80105287080357,5.807654192300395,-24.42502980266782
 2.7156658528220285,-3.0141445971006746,-1.1450390536050787,4.881029486591712,-157.35408645347573,-287.92145005367695,0.08459584994305702,11.820910844599561,5.5473068888214545,-24.431050495615832
 2.7269063648374807,-3.026400090788774,-1.0902967472702276,4.8700901044007265,-157.29481388123594,-288.43334220087854,0.08443205395279149,11.84384310441068,5.273120313228335,-24.3927122907034
 2.7388299068385975,-3.038709795921075,-1.0323866122288299,4.856789621403923,-157.2353955713743,-288.9452343480802,0.08424735188896094,11.869809288700402,4.983276769274319,-24.30851033416658
 2.7515673177956748,-3.0510744367365645,-0.9707342298333423,4.8402601284706686,-157.17584381639907,-289.45712649528184,0.0840422845563275,11.898772210669403,4.675342200696518,-24.175601275288923
 2.765298023241805,-3.063494737737766,-0.9045639388253047,4.819147222088858,-157.1161707425749,-289.96901864248343,0.08381739513938904,11.930697659322286,4.345958338288105,-23.988852116935472
 2.7802799520754946,-3.0759714236862488,-0.8327823531257663,4.791211231635554,-157.05638830650858,-290.480910789685,0.08357322873295044,11.965554223056238,3.990303033069983,-23.73895305245107
 2.7969083953381855,-3.0885052195980776,-0.7537564228848147,4.752455115161783,-156.9965082920238,-290.9928029368867,0.08331033138705678,12.003313194782965,3.6010595543308233,-23.40829340365903
 2.815847828978163,-3.1010968507392294,-0.6648367306281605,4.6949499096404175,-156.93654230720304,-291.5046950840883,0.08302924920165577,12.043948483398522,3.1661973615832784,-22.960675647112765
 2.838392064624037,-3.1137470426209535,-0.5611275574135202,4.600252359126701,-156.87650178168582,-292.0165872312899,0.08273052845561335,12.087436387361176,2.663231810575398,-22.310162070184482
 2.8678766095330532,-3.126456520995119,-0.431055606026302,4.411529897734421,-156.81639796420384,-292.52847937849157,0.08241471417233208,12.133755604720834,2.038485507151501,-21.188941710029706
 2.939345458283805,-3.1392260118495137,-0.17867212187687875,3.531377496083834,-156.75624192028167,-293.04037152569316,0.08241471417233208,12.133755604720834,0.8417099893683726,-16.745414802425277