 0.0,0.0,0,0.0,-152.43114236885617,-109.67,-0.32001540136913664,-3.124849603243012,0.0,0.0
 0.045441350974420765,0.008259665513521966,0.1817654038976831,4.000000000000001,-152.43114236885617,-109.83727187899193,-0.32001540136913664,-3.124849603243012,0.0,0.0
 0.06436400503014794,0.016570900574083645,0.4392214240182751,13.605703479141168,-152.58306055122776,-110.00454375798384,-0.31138585571307265,-3.21144965852737,-8.028376036689876,-424.2732553819525
 0.07895173395071187,0.024933505175295967,0.5732629559234396,9.18864976413222,-152.73180037448807,-110.17181563697577,-0.30301488002118665,-3.300167965118018,-10.196228903776648,-148.60797584679614
 0.09130618378197802,0.033347276787313404,0.68103167093076,8.723068730635305,-152.8774317213544,-110.33908751596769,-0.29489297980782414,-3.3910607185416213,-11.787764639894498,-128.82287417526706
 0.10223992669183633,0.04181201043980829,0.7741844418952577,8.51975135436076,-153.02002240989407,-110.50635939495962,-0.28701105474638083,-3.4841863526255334,-13.041342723642748,-114.65223703202062
 0.1121689560460654,0.050327498801856635,0.8576355309516075,8.404758016029582,-153.159638262636,-110.67363127395153,-0.27936038190852974,-3.579605644752546,-14.061379794637663,-102.73280847542779
 0.12133994834646458,0.058893532258890796,0.9340356175701197,8.330623788135417,-153.29634317333145,-110.84090315294345,-0.27193259705472583,-3.6773818616484295,-14.906228924596283,-92.12188848112393
 0.12991333552298062,0.06750989898682619,1.0050131354777818,8.278818679982354,-153.43019917108435,-111.00817503193538,-0.2647196797261424,-3.777580877381384,-15.612965447256544,-82.43375787298324
 0.1380003487527208,0.0761763850234903,1.0716547371028053,8.240570372748683,-153.5612664823217,-111.17544691092729,-0.25771393684481386,-3.8802713281360655,-16.207134514799694,-73.47200389855682
 0.14568182310902034,0.0848927743374716,1.1347286874469642,8.211177622747933,-153.6896035903992,-111.34271878991922,-0.2509079884825676,-3.98552475769211,-16.70735357884064,-65.12018928120443
 0.15301866625880045,0.09365884889448867,1.1948019574712851,8.187890731468253,-153.81526729305568,-111.50999066891114,-0.24429475355839578,-4.093415783327339,-17.12776191218496,-57.30098419194334
 0.16005810563775427,0.10247438872138609,1.252307087586222,8.16899287276524,-153.93831275780937,-111.67726254790306,-0.23786743651182646,-4.204022268303553,-17.47944092274453,-49.95838327850415
 0.16683762462935625,0.111339171967864,1.307582921068444,8.153356241157248,-154.05879357529903,-111.84453442689498,-0.2316195145510583,-4.317425506819977,-17.771292865898914,-43.049063438853736
 0.17338755359455993,0.12025297496602566,1.360900712895667,8.14020917027838,-154.17676181071653,-112.0118063058869,-0.22554472521655655,-4.433710427232785,-18.010612946218068,-36.53781309546046
 0.1797328380456931,0.12921557228783745,1.4124815665610095,8.129005730567538,-154.2922680533301,-112.17907818487883,-0.21963705546121576,-4.5529657912236186,-18.20347748049847,-30.39493907100709
 0.18589428232236482,0.1382267368005884,1.4625084814722313,8.119348754095231,-154.40536146426132,-112.34635006387074,-0.2138907301201589,-4.67528442882131,-18.355016430060395,-24.59471233646912
 0.19188944715671036,0.1472862397204318,1.511134917916299,8.110942365669908,-154.51608982250085,-112.51362194286267,-0.2083002015552566,-4.800763477584663,-18.469610310826692,-19.114383662948477
 0.19773331197858382,0.1563938506640799,1.5584910365411768,8.103561610053834,-154.62449956923297,-112.6808938218546,-0.20286013953799212,-4.9295046443203185,-18.551036007256887,-13.93353523945647
 0.2034387731596069,0.16554933769874403,1.604688340552761,8.097032395074548,-154.7306358506564,-112.84816570084651,-0.19756542189996623,-5.061614478804557,-18.602577084643652,-9.033639131258315
 0.2090170252577346,0.17475246739036995,1.6498231936693721,8.091217880195892,-154.83454255913347,-113.01543757983843,-0.192411125426487,-5.197204671941187,-18.627108751856767,-4.3977336953538355
 0.21447785716143888,0.1840030048502504,1.6939795296766913,8.086009015836277,-154.93626237294347,-113.18270945883036,-0.18739251716623895,-5.336392376398273,-18.627164432766918,-0.010196415332410278
 0.21982988524088282,0.1933007137800789,1.737230969609286,8.081317827668887,-155.03583679460104,-113.34998133782229,-0.1825050461600445,-5.479300551082122,-18.60498864720427,4.143435952404886
 0.22508073913348808,0.20264535651550936,1.7796424974974896,8.077072559175825,-155.13330618777522,-113.5172532168142,-0.17774433559367822,-5.62605833069128,-18.562579566614108,8.076606482973151
 0.23023721140828876,0.21203669406826028,1.8212718021671024,8.073214098920364,-155.22870981288992,-113.68452509580612,-0.17310617547692544,-5.776801418233037,-18.501723665025107,11.801847919633474
 0.235305379330171,0.22147448616686274,1.8621703629538364,8.06969331267636,-155.32208586149903,-113.85179697479805,-0.168586514991267,-5.9316725305805225,-18.424024232885003,15.330871695199678
 0.24029070482233542,0.23095849129605897,1.9023843366100246,8.066469023816751,-155.41347148936265,-114.01906885378996,-0.1641814565188312,-6.09082183337375,-18.330925033333255,18.674648164512814
 0.2451981172108277,0.2404884667349393,1.9419552881326558,8.063506465326554,-155.50290284844243,-114.18634073278189,-0.15988724838370375,-6.254407465942252,-18.223730145338124,21.84346443891681
 0.2500320822383835,0.2500641685938472,1.9809207977968502,8.060776079692978,-155.59041511768982,-114.35361261177381,-0.15570027899404004,-6.422596070224629,-18.103620681683104,24.84698647390695
 0.2547966600301663,0.2596853518501127,2.019314969074197,8.05825257876219,-155.676042532758,-114.52088449076572,-0.15161707095354862,-6.595563373641303,-17.97166901459136,27.694304271685013
 0.25949555409613895,0.26935177038264874,2.0571688565052106,8.055914200138137,-155.75981841473626,-114.68815636975765,-0.14763427522151173,-6.773494830381302,-17.82885095983017,30.39397201895151
 0.2641321530055851,0.27906317700546335,2.0945108284068934,8.053742113773458,-155.841775197786,-114.85542824874958,-0.1437486662469121,-6.956586284302177,-17.67605623224408,32.95405329859395
 0.2687095660281401,0.28881932350012557,2.131366876134897,8.051719944518247,-155.92194445585957,-115.0227001277415,-0.1399571361308873,-7.145044744733875,-17.514097521577572,35.38214923330325
 0.2732306537740697,0.2986199606472222,2.167760879208841,8.049833385054402,-156.0003569284839,-115.18997200673341,-0.13625669017967149,-7.339089175594791,-17.34371837727361,37.68543188690794
 0.27769805466407615,0.3084648382568489,2.2037148337525756,8.048069879773506,-156.07704254563708,-115.35724388572534,-0.1326444420000053,-7.538951387046884,-17.165600097528365,39.870672932820966
 0.28211420790088493,0.31835370519817485,2.2392490502598386,8.046418364988826,-156.15203045178063,-115.52451576471726,-0.12911760962153968,-7.744876960866366,-16.980367782192975,41.94426810000081
 0.2864813734905372,0.32828630942809867,2.274382325565692,8.044869053992223,-156.22534902901813,-115.69178764370918,-0.1256735102659781,-7.957126349726198,-16.788595653712918,43.91226404019299
 0.2908016497627985,0.3382623980190612,2.3091320930133374,8.043413258258402,-156.29702591952736,-115.8590595227011,-0.12230955690545453,-8.175975985040985,-16.590811788923272,45.78037429215712
 0.29507698876141086,0.3482817171860071,2.34351455409683,8.042043237893406,-156.36708804715437,-116.02633140169303,-0.11902325458572446,-8.401719508348405,-16.387502289235947,47.55400677076394
 0.29930920981176445,0.3583440123125713,2.3775447942927093,8.040752075800969,-156.43556163830564,-116.19360328068495,-0.11581219600779268,-8.63466918400125,-16.179115017053352,49.2382769480311
 0.3035000115224346,0.3684490279764717,2.411236885336798,8.039533571417962,-156.50247224211657,-116.36087515967687,-0.11267405841101025,-8.875157370760707,-15.966062923129593,50.83802781250868
 0.3076509824355277,0.3785965079741815,2.444603975831865,8.03838215050363,-156.56784474993526,-116.52814703866879,-0.1096066003157568,-9.123538154811671,-15.748727029741508,52.35784541456507
 0.31176361050677437,0.38878619534487885,2.477658371769201,8.037292788140752,-156.63170341415682,-116.69541891766072,-0.10660765821979057,-9.380189159941239,-15.527459112591457,53.802073349895316
 0.3158392915683978,0.39901783239370964,2.5104116083007044,8.036260942964224,-156.69407186639478,-116.86269079665263,-0.10367514285712294,-9.645513596042232,-15.302584106785714,55.174829042233334
 0.3198793369047123,0.40929116071439386,2.542874513892443,8.035282500406923,-156.75497313508956,-117.02996267564455,-0.10080703710322982,-9.919942384339361,-15.074402296272028,56.480012355960596
 0.32388498005124605,0.41960592121118434,2.575057267823848,8.034353724009147,-156.81442966243748,-117.19723455463648,-0.09800139300842983,-10.20393659010523,-14.843191261154557,57.7213263037552
 0.32785738291222916,0.42996185412022436,2.606969451853909,8.03347121297837,-156.87246332089254,-117.3645064336284,-0.09525632823794547,-10.497990196536348,-14.60920769770258,58.902274426936856
 0.3317976412778961,0.4403586990303019,2.6386200967604942,8.032631865557347,-156.9290954289653,-117.53177831262032,-0.09257002475421751,-10.802632954405036,-14.372689000859575,60.02618988234051
 0.33570678981182334,0.450796194903039,2.670017724358866,8.031832846941972,-156.9843467666022,-117.69905019161224,-0.08994072514443784,-11.118433817317767,-14.133854765908994,61.0962292370716
 0.33958580656902043,0.4612740800925287,2.7011703855233633,8.031071561291157,-157.03823759003092,-117.86632207060417,-0.08736673150998964,-11.446004476951945,-13.89290812645572,62.1153901968131
 0.34343561709745657,0.47179209236444325,2.732085694665907,8.030345627191728,-157.09078764609296,-118.03359394959608,-0.08484640163872748,-11.786003657031435,-13.650036975562587,63.08652051813877
 0.3472570981688597,0.4823499689146283,2.7627708610652695,8.02965285605766,-157.14201618611358,-118.20086582858801,-0.08237814836440029,-12.139141506027707,-13.405415089963164,64.01232428703516
 0.3510510811787966,0.49294744638720817,2.7932327173906293,8.028991233112178,-157.19194197935926,-118.36813770757993,-0.07996043628554236,-12.506184889098835,-13.159203168523614,64.89536742644621
 0.3548183552510383,0.5035842608922081,2.823477745719343,8.028358900555576,-157.2405833259758,-118.53540958657186,-0.07759178065412152,-12.887963023527828,-12.91154975289393,65.73809361375189
 0.3585596700769369,0.5142601480227276,2.853512101311936,8.027754142657294,-157.28795806959405,-118.70268146556377,-0.07527074480345139,-13.285374053508065,-12.662592116096683,66.5428194050605
 0.3622757385168315,0.524974842871663,2.883341634375105,8.027175372479215,-157.33408360945967,-118.8699533445557,-0.07299593882312765,-13.69939226924725,-12.412457039387194,67.31175185691278
 0.36596723898731914,0.5357280800480066,2.912971910016617,8.026621120164071,-157.3789769121966,-119.03722522354762,-0.07076601729761979,-14.13107644300953,-12.161261550916326,68.04698806869804
 0.36963481765545647,0.5465195936927306,2.9424082265711053,8.026090022341196,-157.42265452318534,-119.20449710253953,-0.0685796780453378,-14.581579098970154,-11.909113598084868,68.75052334174362
 0.37327909045856095,0.5573491174942825,2.9716556324560703,8.025580812734374,-157.46513257761964,-119.37176898153146,-0.06643566052768046,-15.052157110462524,-11.656112681270919,69.42425292596805
 0.37690984379243486,0.5682163847036849,2.993116361834271,5.910819988231683,-157.50642681111555,-119.53904086052339,-0.06433274403695899,-15.544183836235911,-11.373461565304991,77.8491651660471
 0.3805447582742967,0.5791211281492702,2.9999999999999694,1.8937551901282783,-157.54655257007707,-119.70631273951531,-0.0622697463044928,-16.059162905692606,-11.038982942171035,92.01829226051942
 0.3841920756415623,0.5900630802510671,3.0,8.40128576544092e-12,-157.58552482167983,-119.87358461850722,-0.06024552188965357,-16.598744083113964,-10.68518247205911,97.00292968395249
 0.3878517065694802,0.6010419730348208,3.0,0.0,-157.62335816354064,-120.04085649749915,-0.05825896155980224,-17.164741238539072,-10.338021130003623,94.86239156170898
 0.39152356160644186,0.6120575381457057,3.0,0.0,-157.66006683312688,-120.20812837649108,-0.05630898970402199,-17.759153649467322,-9.997309048618423,92.79017770459936
 0.3952075511784391,0.6231095068616973,2.99999999999997,-8.197109595354467e-12,-157.69566471679613,-120.37540025548299,-0.05439456431968044,-18.384189900353537,-9.662862224105147,90.78386840600038
 0.39890358559342026,0.6341976101066408,2.999999999999985,4.085198198831986e-12,-157.7301653586131,-120.54267213447491,-0.05251467539727033,-19.042296128369085,-9.334502318793971,88.84113848621958
 0.402611575045549,0.6453215784630271,3.000000000000015,8.144053983882731e-12,-157.76358196887145,-120.70994401346684,-0.05066834338185237,-19.736188974320505,-9.012056449932526,86.95975892712728
 0.40633142961936186,0.6564811421844655,2.9999999999999702,-1.2057732178729224e-11,-157.79592743233053,-120.87721589245875,-0.04885461832888874,-20.468893918442088,-8.695356987009548,85.13759251570949
 0.41006305929383663,0.6676760312078899,3.0000000000000147,1.1900677414153344e-11,-157.82721431623733,-121.04448777145068,-0.04707257946601146,-21.243790150103106,-8.384241373369864,83.37258537946288
 0.41380637394636854,0.6789059751654856,2.9999999999999853,-7.829928972249079e-12,-157.8574548780572,-121.2117596504426,-0.04532133243952312,-22.064664610962225,-8.078551932415518,81.66276931798454
 0.4175612833566634,0.6901707033963702,3.0,3.902875495444024e-12,-157.88666107299113,-121.37903152943453,-0.04360001062667133,-22.935774226354717,-7.778135699857539,80.00625307612616
 0.42132769721054014,0.7014699449580004,3.0000000000000147,3.89095423222489e-12,-157.91484456125153,-121.54630340842644,-0.04190777201635607,-23.861922309057917,-7.48284425286654,78.4012215458104
 0.42510552510366123,0.7128034286373637,3.0,-3.879198401742104e-12,-157.94201671512687,-121.71357528741837,-0.04024380009639771,-24.848548039813757,-7.1925335521043285,76.8459307770024
 0.4288946765451769,0.7241708829619107,3.0000000000000147,3.8676057558655235e-12,-157.9681886258127,-121.88084716641029,-0.038607302358174146,-25.90183563520269,-6.907063781900251,75.3387069929014
 0.43269506096130084,0.7355720362102826,3.0,-3.856174091987978e-12,-157.99337111003754,-122.0481190454022,-0.0369975083630391,-27.028847191207355,-6.626299202255213,73.87794204550298
 0.4365065876988071,0.7470066164228014,3.0,0.0,-158.01757471650063,-122.21539092439413,-0.03541367038626011,-28.237683049876203,-6.350108009196539,72.46208988668232
 0.44032916602846084,0.7584743514117626,3.0,0.0,-158.04080973210418,-122.38266280338605,-0.033855062156989836,-29.53768022527575,-6.0783621942530806,71.08966553684084
 0.4441627051483804,0.7699749687715213,3.0,0.0,-158.06308618799372,-122.54993468237797,-0.032320977988343054,-30.939657839582143,-5.810937411275468,69.75924194644023
 0.44800711418733324,0.7815081958883798,3.0000000000000147,3.812014740513637e-12,-158.08441386541713,-122.71720656136989,-0.03081073240084744,-32.45622294822486,-5.547712849314556,68.46944726584327
 0.45186230220796836,0.7930737599502853,3.000000000000029,3.686163849632649e-12,-158.1048023014152,-122.88447844036182,-0.02932365855060044,-34.10215673717575,-5.288571112205059,67.21896201233928
 0.4557281782099887,0.8046713879563463,3.000000000000014,-3.790846865598728e-12,-158.12426079433428,-123.05175031935374,-0.027859108906250443,-35.89490257441942,-5.033398098880086,66.00651784786115
 0.4596046511332641,0.8163008067261726,3.0,-3.665923894341189e-12,-158.14279840916117,-123.21902219834566,-0.026416453569474474,-37.85519495908223,-4.78208288664399,64.83089581952949
 0.4634916298608883,0.8279617429090453,3.0000000000000284,7.312031122891108e-12,-158.1604239827519,-123.38629407733758,-0.024995079972431302,-40.007873593641825,-4.534517635884265,63.69091989115182
 0.4673890232221799,0.83965392299292,2.9999999999999716,-1.458498375487825e-11,-158.17714612879726,-123.5535659563295,-0.023594392602664445,-42.38295161228575,-4.290597457121579,62.58546575905605
 0.47129673999562977,0.8513770733132696,3.000000000000014,1.0909839841839032e-11,-158.1929732427749,-123.72083783532142,-0.02221381160226274,-45.017037953906936,-4.050220344822765,61.51344281960335
 0.475214688911802,0.8631309200617863,2.9999999999999716,-1.0881347627997419e-11,-158.2079135066454,-123.88810971431334,-0.020852773461752617,-47.955251699931566,-3.8132870515085577,60.473808715629175
 0.479142778656178,0.8749151892949143,3.0000000000000284,1.4471008189716987e-11,-158.22197489345396,-124.05538159330527,-0.019510728627111097,-51.25385212987135,-3.579701005733203,59.46555730041311
 0.48308091787196056,0.886729606942262,3.0,-7.217040300784847e-12,-158.2351651718136,-124.2226534722972,-0.018187142918691238,-54.983897386778814,-3.3493682261873197,58.487718926440444
 0.48702901516282826,0.898573898814865,2.999999999999986,-3.599418572605332e-12,-158.2474919102041,-124.38992535128911,-0.016881497697796233,-59.23645033761094,-3.1221972211842592,57.53936346212321
 0.49098697909564565,0.9104477906133173,3.000000000000014,7.180891466631595e-12,-158.2589624811999,-124.55719723028103,-0.015593284949488386,-64.13016905926611,-2.898098919162318,56.619591746108206
 0.4949547182031325,0.9223510079357778,2.999999999999986,-7.163200165246248e-12,-158.26958406551887,-124.72446910927296,-0.014322012148830143,-69.82259123985469,-2.6769865737724157,55.72754140328358
 0.498932140986492,0.9342832762858564,3.0000000000000138,7.034107698483812e-12,-158.27936365601573,-124.89174098826487,-0.01306719738125217,-76.52750401051756,-2.4587757021399144,54.86237785569053
 0.5029191559179975,0.9462443210803728,2.9999999999999862,-6.905800826862526e-12,-158.2883080614851,-125.0590128672568,-0.011828374771920737,-84.54246836800354,-2.243383991038741,54.02330184397914
 0.5069156714435441,0.9582338676570126,3.0,3.444692111753807e-12,-158.2964239104149,-125.22628474624872,-0.010605086172960852,-94.2943775930496,-2.0307312402232154,53.209539524168896
 0.5109215959851613,0.9702516412818643,3.0000000000000275,6.873202608950944e-12,-158.3037176545981,-125.39355662524065,-0.00939688737462339,-106.41821702583492,-1.8207392843877401,52.42034732653787
 0.5149368379434918,0.9822973671568556,2.9999999999999725,-1.3714506521122453e-11,-158.31019557263463,-125.56082850423256,-0.008203344188393477,-121.90150468327936,-1.6133319246422368,51.65500906245333
 0.5189613057002369,0.9943707704270909,2.9999999999999725,0.0,-158.31586377337032,-125.72810038322449,-0.007024036191021766,-142.36828695134227,-1.4084348734539653,50.912832099314834
 0.5229949076205667,1.00647157618808,2.9999999999999725,0.0,-158.32072819916752,-125.89537226221641,-0.005858546346638763,-170.69080635911197,-1.2059756746618016,50.19315311502335
 0.5270375520555024,1.0185995094928872,3.0,6.8107723678997145e-12,-158.3247946291433,-126.06264414120832,-0.004706475763137859,-212.47320719936928,-1.0058836588887416,49.495328860461754
 0.5310891473442669,1.0307542953591806,2.9999999999999454,-1.3481843303311299e-11,-158.32806868229443,-126.22991602020025,-0.0035674301172627714,-280.3138301605423,-0.8080898801055708,48.818740443220555
 0.5351496018166073,1.0429356587762018,3.0,1.3452428338661783e-11,-158.33055582050392,-126.39718789919218,-0.0024410263412518543,-409.6637480311502,-0.6125270524349764,48.1627928604443
 0.5392188237950867,1.0551433247116397,2.999999999999973,-6.6571550886434866e-12,-158.3322613514898,-126.5644597781841,-0.001326893199652739,-753.6401575211252,-0.419129503105924,47.526910635954906
 0.5432967215973549,1.067377018118444,2.9999999999999454,-6.751893339599949e-12,-158.33319043167614,-126.73173165717601,-0.00022462696303541445,-4451.825312895946,-0.2278331217203566,46.910538385529236
 0.547383203538389,1.0796364639415463,2.999999999999973,6.737710188861453e-12,-158.33334806893026,-126.89900353616794,0.0008660325198664733,1154.6910503478346,-0.03857529689075275,46.31314356957876
 0.5514781779327116,1.0919213871245141,3.0,6.615289667845406e-12,-158.3327391252874,-127.06627541515986,0.001945518760609299,514.0017255278583,0.14870511612870357,45.73420856528616
 0.5555815530965855,1.104231512616136,3.0,0.0,-158.33136831953024,-127.23354729415178,0.003014154494954551,331.7679971859168,0.3340678593647309,45.17323808652903
 0.5596932373501873,1.116566565376941,2.999999999999946,-1.317681034341292e-11,-158.329240229752,-127.4008191731437,0.004072264341668033,245.56362654748284,0.5175713033856448,44.62975090078197
 0.5638131390197555,1.1289262703856457,3.000000000000027,1.97257924874403e-11,-158.32635929579357,-127.56809105213563,0.0051201768427156374,195.30575421875866,0.6992725044145462,44.10328585535015
 0.5679411664397245,1.1413103526455526,2.999999999999973,-1.312464237510194e-11,-158.32272982165026,-127.73536293112755,0.006158209096208402,162.3848726760022,0.8792272371466366,43.593395688598065
 0.5720772279548341,1.1537185371908816,3.0000000000000537,1.9541352539716725e-11,-158.31835597776794,-127.90263481011947,0.007186673172571709,139.14644175229077,1.0574900461066996,43.0996512766662
 0.5762212319222229,1.166150549093048,3.0,-1.2966878124326906e-11,-158.31324180332246,-128.0699066891114,0.00820587328725022,121.86393391593533,1.2341142734717492,42.62163568254102
 0.580373086713505,1.1786061134668941,2.9999999999999734,-6.4176985782240204e-12,-158.30739120838805,-128.2371785681033,0.009216107329049929,108.50568079300874,1.4091521087619645,42.15894921415672
 0.5845327007168265,1.1910849554768586,2.9999999999999467,-6.4057272068338205e-12,-158.30080797603986,-128.40445044709523,0.010217666825394293,97.86970128196666,1.5826546268328558,41.71120636009627
 0.5886999823389109,1.2035868003431116,3.0,1.2787881889142179e-11,-158.293495764444,-128.57172232608715,0.011210837624066099,89.1994009308741,1.7546718122183231,41.27803229661009
 0.5928748400070857,1.216111373347636,3.0,0.0,-158.28545810883952,-128.73899420507908,0.012195899127179362,81.99477460185238,1.9252526057952406,40.85906805332899
 0.597057182171298,1.2286583998402731,3.0000000000000266,6.3709164733110794e-12,-158.2766984234558,-128.906266084071,0.013173125535131038,75.91212862377483,2.0944449401322935,40.45396758419404
 0.6012469173061135,1.2412276052447193,2.999999999999947,-1.8973029560414543e-11,-158.26722000342602,-129.07353796306293,0.014142784125413681,70.70743575892273,2.262295759703219,40.06239396283893
 0.605443953912707,1.2538187150645,3.0,1.2591411733015497e-11,-158.25702602659632,-129.24080984205483,0.015105139788794674,66.20263128857782,2.4288510645041748,39.684024804381664
 0.609648200520837,1.2664314548888902,3.000000000000053,1.2569818304655264e-11,-158.2461195552728,-129.40808172104676,0.01606044797627427,62.264763814638115,2.59415594281553,39.31854948558317
 0.6138595656908135,1.2790655503988195,3.0,-1.2548571268269535e-11,-158.23450353797816,-129.57535360003868,0.01700896355338602,58.79253000109624,2.7582545862919052,38.965664779265246
 0.6180779580154515,1.2917207273727338,3.000000000000026,6.211196438065256e-12,-158.22218081106365,-129.7426254790306,0.01795093295781326,55.70741099362992,2.92119034128782,38.625083315335075
 0.6223032861220197,1.3043967116924382,2.999999999999974,-1.2402001795043779e-11,-158.2091541003885,-129.90989735802253,0.018886600443976116,52.94759122830653,3.083005709048582,38.296521282980024
 0.6265354586741751,1.3170932293489046,3.0,6.1909723807951215e-12,-158.19542602280998,-130.07716923701446,0.019816204237421163,50.46375118155009,3.2437424063742464,37.97971262863571
 0.6307743843738941,1.3298100064480616,3.000000000000026,6.181109374691533e-12,-158.18099908775628,-130.24444111600639,0.020739978710724475,48.21605720756637,3.403441361254343,37.67439351217803
 0.6350199719633949,1.342546769216564,3.000000000000026,0.0,-158.16587569867156,-130.4117129949983,0.02165815349671129,46.1719878452171,3.562142757845003,37.380313854111506
 0.6392721302270518,1.3553032440075345,2.999999999999974,-1.232374796822377e-11,-158.150058154434,-130.5789848739902,0.02257095522420569,44.30472658629767,3.7198860570998256,37.09723144668724
 0.6435307679933053,1.3680791573062954,3.000000000000026,1.2304997428416457e-11,-158.13354865075544,-130.74625675298213,0.02347860599738982,42.591966495420245,3.8767100149615454,36.824911267267055
 0.6477957941365675,1.380874235736082,3.0,-6.1432831830459e-12,-158.11634928149837,-130.91352863197406,0.024381323895116422,41.015000018120425,4.03265271521706,36.56312881032873
 0.6520671175791191,1.3936882060637363,2.999999999999948,-1.2164482098180583e-11,-158.09846203997964,-131.080800510966,0.02527932362851427,39.5580204081106,4.1877515854973515,36.31166601320181
 0.6563446472930078,1.4065207952054024,2.9999999999999742,6.125325861812417e-12,-158.07988882022897,-131.2480723899579,0.02617281556068823,38.20758212586068,4.342043420611352,36.07031287544988
 0.660628292301938,1.419371730232193,3.0000000000000258,1.2025821055482974e-11,-158.06063141817384,-131.4153442689498,0.02706200761004376,36.9521734828299,4.49556441185132,35.838868748442174
 0.6649179616831631,1.4322407383758684,3.0,-6.004466051401738e-12,-158.0406915328509,-131.58261614794174,0.027947104202275096,35.781882543615836,4.648350152625047,35.617136705787864
 0.6692135645693705,1.4451275470344909,3.0000000000000258,5.996172098218421e-12,-158.02007076752383,-131.74988802693366,0.028828305899977653,34.68812921125466,4.800435671857543,35.40492993912921
 0.6735150101505692,1.458031883778087,3.0,-5.988027439864924e-12,-157.99877063076315,-131.9171599059256,0.029705811071166172,33.66344711491975,4.951855453843512,35.20206849711476
 0.6778222076759738,1.4709534763543008,3.0000000000000515,1.1960061742877456e-11,-157.9767925375484,-132.0844317849175,0.030579814305614017,32.701310413661155,5.10264344393489,35.00837591078813
 0.6821350664558892,1.483892052694047,2.9999999999999742,-1.7916543633136745e-11,-157.95413781024249,-132.25170366390944,0.03145050757961707,31.79598922111182,5.2528330886748975,34.823687118954
 0.6864534958635974,1.4968473409171714,2.9999999999999742,0.0,-157.93080767964196,-132.41897554290136,0.0323180802319716,30.942432001598938,5.402457328326144,34.647837332752054
 0.6907774053372397,1.5098190693380984,2.9999999999999742,0.0,-157.9068032858745,-132.5862474218933,0.03318271914434969,30.13616803523103,5.551548642214329,34.48067421323544
 0.6951067043817089,1.5228069664715056,2.9999999999999742,0.0,-157.88212567936682,-132.7535193008852,0.034044607970283074,29.37322705765571,5.700139041954673,34.3220457201207
 0.6994413025705329,1.5358107610379779,3.0,5.942228794750444e-12,-157.85677582171587,-132.9207911798771,0.03490392830725033,28.65007030719455,5.848260103164805,34.17180895614152
 0.7037811095477732,1.5488301819696988,3.000000000000051,1.1767864193175186e-11,-157.83075458654972,-133.08806305886904,0.03576085963077047,27.963533604196385,5.995942976870527,34.02982540012302
 0.7081260350299132,1.5618649584161188,2.9999999999999742,-1.768210608441097e-11,-157.8040627603549,-133.25533493786097,0.036615578220970876,27.31077996270093,6.1432184060550545,33.895962034310614
 0.7124759888077623,1.574914819749666,3.0,5.921252382603424e-12,-157.77670104329187,-133.4226068168529,0.037468259092425196,26.689257099809204,6.290116736953005,33.770090074517036
 0.7168308807483558,1.5879794955714466,3.0000000000000253,5.812563275221939e-12,-157.74867004993024,-133.58987869584482,0.03831907455540657,26.096663648650317,6.436667945847312,33.65208847738641
 0.7211906207968629,1.601058715716968,3.0,-5.8060996022277156e-12,-157.71997031001283,-133.75715057483671,0.03916819536909457,25.530918403992747,6.5829016404814364,33.54183804701787
 0.725555118978502,1.6141522102618855,3.000000000000051,1.1701290046952837e-11,-157.69060226916795,-133.92442245382864,0.0400157898816409,24.990135218067916,6.7288470799294435,33.439225627812384
 0.7299242854004566,1.6272597095277495,3.0000000000000253,-5.8952147123250894e-12,-157.6605662895667,-134.09169433282057,0.04086202480410677,24.472600288263166,6.874533194783081,33.34414411901993
 0.734298030253803,1.6403809440877888,3.0000000000000253,0.0,-157.6298626506119,-134.2589662118125,0.041707064852315616,23.97675318416657,7.019988587428185,33.256487866185125
 0.7386762638154418,1.6535156447727053,3.0000000000000253,0.0,-157.59849154953943,-134.42623809080442,0.042551073304938625,23.501169825578444,7.165241559363602,33.17615880708007
 0.7430588964500375,1.6666635426764924,3.0,-5.7757715674447975e-12,-157.56645310203058,-134.59350996979634,0.04339421150816992,23.04454822993449,7.310320115799233,33.1030612263526
 0.7474458386119661,1.6798243691622783,3.0000000000000253,5.770097718891611e-12,-157.53374734278285,-134.76078184878827,0.04423663941186125,22.605695488972163,7.455251982024806,33.037104405738646
 0.7518370008472735,1.6929978558682004,3.0000000000000253,0.0,-157.50037422608875,-134.9280537277802,0.04507851577224187,22.183516534849467,7.600064608347172,32.97819997585034
 0.7562322937956372,1.7061837347132915,3.0,-5.759134887898007e-12,-157.46633362630465,-135.0953256067721,0.04591999701665862,21.77700489913414,7.744785201810579,32.92626797885759
 0.7606316281923458,1.7193817379034175,3.0000000000000506,1.150768851778662e-11,-157.431625338424,-135.26259748576402,0.0467612390891719,21.385233143481038,7.889440708720945,32.88122562781111
 0.7650349148702803,1.7325915979372213,3.0000000000000253,-5.748679750582851e-12,-157.3962490784932,-135.42986936475594,0.047602396297170516,21.00734580161125,8.034057856836547,32.84300085213578
 0.7694420647619127,1.7458130476121183,2.9999999999999747,-1.148728116078565e-11,-157.3602044841009,-135.59714124374787,0.048443621660656924,20.642552429397355,8.178663144803119,32.81152026191004
 0.7738529889013113,1.759045820030314,3.0,5.738725981559256e-12,-157.32349111480457,-135.7644131227398,0.04928506710290246,20.290121507029635,8.32328286229605,32.786716099055546
 0.7782675984261602,1.772289648604861,3.0,0.0,-157.286108452535,-135.93168500173172,0.050126883503452416,19.949375067993735,8.467943101004956,32.76852412306026
 0.7826858045797902,1.7855442670657509,3.0,0.0,-157.24805590198926,-136.09895688072362,0.050969220631536506,19.619683950616732,8.612669762922097,32.75688297121131
 0.7871075187132229,1.7988094094660492,3.0000000000000253,5.72472217732496e-12,-157.20933279098315,-136.26622875971555,0.051812227204616465,19.300463499683335,8.757488575146906,32.75173560629545
 0.7915326522872262,1.8120848101880591,3.0,-5.7202985035666195e-12,-157.169938370812,-136.43350063870747,0.05265605116855321,18.991169634027006,8.902425093470098,32.753026750347665
 0.7959611168743869,1.8253702039495412,3.00000000000005,1.1331710963332355e-11,-157.12987181656814,-136.6007725176994,0.05350083950845726,18.69129548596939,9.047504717551282,32.76070548284648
 0.800392824161195,1.8386653258099654,3.0,-1.132341950074967e-11,-157.0891322274395,-136.76804439669132,0.05434673851651843,18.400368215215984,9.192752700502373,32.77472394971824
 0.8048276859501433,1.8519699111768104,2.999999999999975,-5.607614607872747e-12,-157.04771862698962,-136.93531627568325,0.05519389350124492,18.11794632638925,9.338194158177538,32.79503727435283
 0.8092656141618441,1.8652836958119128,3.000000000000025,1.1207479961498953e-11,-157.0056299634376,-137.10258815467517,0.05604244936775652,17.843616959670936,9.483854074310054,32.8216026001682
 0.8137065208371582,1.8786064158378553,3.0,-5.599981618583375e-12,-156.96286510986883,-137.2698600336671,0.05689255000822729,17.576993821781393,9.629757321060485,32.854382543427164
 0.8181503181393461,1.8919378077444189,2.999999999999975,-5.596338910273699e-12,-156.91942286450117,-137.437131912659,0.057744339072859155,17.31771488003778,9.77592865144584,32.89333883734668
 0.8225969183562298,1.9052776083950702,3.0000000000000497,1.677843377318439e-11,-156.87530195084324,-137.60440379165092,0.05859795957104971,17.065440628312412,9.922392728358044,32.93844055422004
 0.8270462339023759,1.9186255550335083,3.0,-1.1178796151306866e-11,-156.83050101791454,-137.77167567064285,0.05945355380744122,16.819852405102818,10.069174115448563,32.98965550277908
 0.8314981773212973,1.9319813852902727,3.0000000000000497,1.1172197582703604e-11,-156.78501864040405,-137.93894754963478,0.060311264098364334,16.58065064544254,10.21629729550936,33.04695640009767
 0.8359526612876703,1.9453448371893918,2.999999999999975,-1.67487385335809e-11,-156.73885331880433,-138.1062194286267,0.06117123180811598,16.347553751031764,10.363786680612371,33.110318999105566
 0.8404095986095752,1.9587156491551065,3.000000000000025,1.1159679374164746e-11,-156.69200347956226,-138.27349130761863,0.06203359844048158,16.120296502861343,10.511666612815558,33.17971995621046
 0.8448689022307511,1.972093560018634,2.999999999999975,-1.1153757565871186e-11,-156.64446747517675,-138.44076318661052,0.06289850506687716,15.89862905226038,10.659961380470376,33.25514032070192
 0.8493304852328774,1.9854783090250128,2.999999999999975,0.0,-156.59624358431736,-138.60803506560245,0.06376609235212455,15.682315837669204,10.80869521790991,33.336561791778976
 0.8537942608378698,1.99886963583999,2.999999999999975,0.0,-156.54733001187248,-138.77530694459438,0.06463650093719228,15.471134506054199,10.957892325534806,33.42397128073099
 0.8582601424102041,2.0122672805569928,2.999999999999975,0.0,-156.4977248890409,-138.9425788235863,0.06550987134987352,15.264875039354367,11.107576864304466,33.51735516161984
 0.8627280434592558,2.0256709837041478,2.999999999999975,0.0,-156.4474262733546,-139.10985070257823,0.06638634375142059,15.06333898647041,11.257772975295666,33.61670487825092
 0.8671978776416666,2.0390804862513803,3.0000000000000497,1.669122034736689e-11,-156.39643214872513,-139.27712258157015,0.06726605847618257,14.866338576298148,11.408504778577933,33.72201230090664
 0.8716695587637318,2.0524955296175755,2.9999999999999254,-2.7807210613575725e-11,-156.34474042544159,-139.44439446056208,0.06814915585278009,14.673696063972681,11.559796388085491,33.833273298719675
 0.8761430007838129,2.0659158556778188,2.9999999999999503,5.559252951075994e-12,-156.29234894018848,-139.61166633955398,0.0690357760417838,14.48524312082407,11.711671911233655,33.95048431753412
 0.8806181178147724,2.0793412067706973,3.000000000000025,1.667151646284755e-11,-156.23925545599627,-139.7789382185459,0.06992605946218598,14.3008201476128,11.864155467863663,34.07364669462401
 0.8850948241264366,2.09277132570569,3.0,-5.555199296144712e-12,-156.1854576622444,-139.94621009753783,0.07082014653769939,14.120275781520366,12.017271182542949,34.202760694919284
 0.8895730341480802,2.106205955770621,3.0000000000000497,1.1106667901420117e-11,-156.13095317457464,-140.11348197652976,0.07171817802334109,13.943466322785618,12.17104320841068,34.337832554644784
 0.8940526624709406,2.1196448407392023,3.000000000000025,-5.551575702093891e-12,-156.07573953485863,-140.28075385552168,0.07262029459905245,13.770255346954322,12.325495718978411,34.47886731573943
 0.898533623850755,2.1330877248786457,3.000000000000074,1.100074250035139e-11,-156.01981421109133,-140.4480257345136,0.0735266374287382,13.600513160542626,12.480652928461266,34.6258751931674
 0.9030158332103291,2.146534352957368,3.000000000000025,-1.0997679568015712e-11,-155.96317459732154,-140.6152976135055,0.07443734768059078,13.434116490702769,12.636539087310602,34.77886603318927
 0.9074992056421298,2.1599844702527706,3.0000000000000497,5.546939525970826e-12,-155.90581801351988,-140.78256949249743,0.07535256714504844,13.270947996702882,12.793178499926409,34.937854260056135
 0.9119836564109093,2.173437822559109,3.000000000000025,-5.545605701536591e-12,-155.8477417054707,-140.94984137148936,0.07627243776106453,13.110896011120795,12.950595522981308,35.102854545941
 0.9164691009563567,2.1868941561954514,3.0,-5.544377039917873e-12,-155.78894284463533,-141.11711325048128,0.07719710199074452,12.953854150119446,13.108814575591813,35.273884451674384
 0.9209554548957801,2.2003532180137215,2.999999999999975,-5.543253182293415e-12,-155.72941852798542,-141.2843851294732,0.07812670258452667,12.799721054630231,13.26786014960834,35.4509644499799
 0.9254426340268196,2.21381475540684,3.0,5.5422337788067196e-12,-155.66916577785742,-141.45165700846513,0.07906138308433884,12.648400027776502,13.42775680854923,35.63411539219056
 0.9299305543301883,2.227278516316946,3.0,0.0,-155.60818154175124,-141.61892888745706,0.08000128708302204,12.499798896513267,13.588529203694725,35.823362332172785
 0.9344191319724526,2.240744249243739,2.9999999999999507,-1.09820763328693e-11,-155.54646269216664,-141.78620076644899,0.08094655915323,12.353829618712053,13.750202069232106,36.018729856665054
 0.9389082833088341,2.2542117032528832,2.999999999999975,5.4408739451054534e-12,-155.48400602636318,-141.9534726454409,0.08189734411557238,12.210408173784172,13.912800242958982,36.22024778027146
 0.9433979248860556,2.2676806279845474,2.999999999999975,0.0,-155.4208082661769,-142.1207445244328,0.08285378766197002,12.06945425452168,14.076348657076153,36.42794448156994
 0.9478879734452124,2.281150773662018,3.0,5.538691937058634e-12,-155.35686605775317,-142.28801640342473,0.08381603619131422,11.930891097229305,14.24087236057683,36.641853942793986
 0.9523783459246834,2.294621891100431,3.000000000000025,5.538292394517136e-12,-155.29217597133504,-142.45528828241666,0.0847842364566252,11.794645346739548,14.406396510279105,36.862008766314055
 0.9568689594630748,2.3080937317156054,3.000000000000025,0.0,-155.2267345009679,-142.6225601614086,0.08575853629651937,11.660646778559656,14.572946393110053,37.088447136915505
 0.9613597314022008,2.3215660475329836,3.000000000000074,1.0976710231905288e-11,-155.1605380642796,-142.7898320404005,0.08673908427095893,11.528828190947475,14.740547412702067,37.321204876111985
 0.9658505792901005,2.335038591196683,3.0000000000000493,-5.5377061019169685e-12,-155.09358300214905,-142.9571039193924,0.08772602964599806,11.399125254332294,14.90922511780651,37.560324757142794
 0.9703414208840927,2.3485111159786594,2.9999999999999507,-2.1953079956907092e-11,-155.0258655784324,-143.12437579838434,0.0887195224445066,11.27147636108493,15.07900519297842,37.80584810629694
 0.9748321741538668,2.3619833757879816,2.999999999999975,5.438933086382202e-12,-154.95738197966278,-143.29164767737626,0.08971971393729063,11.145822429827936,15.249913467873178,38.05781895101853
 0.9793227572846168,2.3754551251802316,3.0,5.538032595657549e-12,-154.88812831472958,-143.4589195563682,0.09072675591411974,11.022106873815497,15.42197592534625,38.31628375719104
 0.9838130886802112,2.3889261193670146,2.9999999999999507,-1.0977787149901817e-11,-154.818100614529,-143.6261914353601,0.09174080130274571,10.900275404179089,15.59521871131733,38.58129182649073
 0.9883030869664029,2.4023961142255894,2.9999999999999507,0.0,-154.7472948316492,-143.79346331435204,0.09276200419785181,10.78027591843642,15.769668130502442,38.85289215401376
 0.9927926709940846,2.4158648663086346,3.0,1.0979614589998127e-11,-154.67570684000458,-143.96073519334396,0.09379051928335386,10.66205846434078,15.945350661275576,39.13113769336194
 0.9972817598425807,2.429332132854123,3.0,0.0,-154.60333243446436,-144.1280070723359,0.09482650267047876,10.545575043244934,16.12229296029145,39.41608308223927
 1.0017734580608135,2.4427976717953404,2.997872583371219,-0.4736330281819379,-154.53016733048963,-144.2952789513278,0.09587011137945414,10.430779578861628,16.2889625304127,37.106137149798236
 1.006294986461281,2.4562612417710246,2.9776590531406404,-4.470508297258328,-154.45620716374495,-144.4625508303197,0.09692150361714373,10.317627798575726,16.357337650922602,15.122125629650773
 1.0108717095966677,2.4697226021356444,2.941266046997211,-7.951760477281599,-154.3814474897025,-144.62982270931164,0.09798083892217746,10.20607713712538,16.334760008620385,-4.933145753923661
 1.0155056451230564,2.4831815129698085,2.9044234123500723,-7.950614426405503,-154.30588378321687,-144.79709458830357,0.09904827755463776,10.096086723450314,16.306594266432395,-6.078147187761763
 1.0201989429385596,2.4966377350908147,2.8671144789824976,-7.949406757085262,-154.2295114381429,-144.9643664672955,0.10012398163063073,9.987617189347493,16.272639852876438,-7.23465991094726
 1.0249538974805956,2.5100910300633426,2.8293214695523425,-7.948132646915406,-154.15232576686734,-145.13163834628742,0.10120811393603758,9.880630723263838,16.232683318674862,-8.40313694870108
 1.0297729615314513,2.5235411602102835,2.791025395180805,-7.946786755145563,-154.0743219999089,-145.29891022527931,0.10230083893100296,9.775090902963683,16.1864972399742,-9.584035035280529
 1.034658761764481,2.536987888623731,2.752205938045321,-7.945363151168422,-153.99549528544856,-145.46618210427124,0.1034023222048287,9.670962689011077,16.13383902343223,-10.777807939420534
 1.0396141163067785,2.5504309791760926,2.712841318944008,-7.943855230802785,-153.9158406888705,-145.63345398326317,0.1045127308929722,9.568212326439587,16.07444954708233,-11.984909625127365
 1.0446420546473847,2.563870196531386,2.6729081474123504,-7.942255617805173,-153.8353531923152,-145.8007258622551,0.10563223331232484,9.466807324268919,16.008051631273254,-13.205793570068524
 1.0497458402854378,2.57730530615666,2.632381251497651,-7.9405560477572825,-153.75402769418358,-145.96799774124702,0.10676099931535644,9.36671637033057,15.934348324755302,-14.440909502238355
 1.054928996593566,2.5907360743335994,2.5912334837129056,-7.9387472301805335,-153.67185900867923,-146.13526962023894,0.10789920030589334,9.26790928167223,15.853020943146548,-15.690705966404895
 1.0601953364723786,2.6041622681702603,2.54943549896517,-7.936818684243278,-153.58884186526933,-146.30254149923087,0.10904700883362074,9.17035699278792,15.763726861590428,-16.95562451549391
 1.0655489964979474,2.6175836556129983,2.5069554993477654,-7.9347585417307505,-153.5049709082509,-146.4698133782228,0.11020459930645064,9.074031449624504,15.666096953838586,-18.236105259872243
 1.070994476423031,2.6310000054585365,2.463758939545118,-7.932553309703778,-153.42024069617275,-146.6370852572147,0.11137214752777885,8.978905607890665,15.55973270378633,-19.532575919030744
 1.0765366850947522,2.6444110873662203,2.4198081851578683,-7.930187582345307,-153.3346457013726,-146.80435713620662,0.11254983092477924,8.884953373837877,15.44420282059647,-20.845458919536576
 1.0821809941100318,2.657816671870433,2.37506211440989,-7.927643689749721,-153.24818030941887,-146.97162901519854,0.11373782851128676,8.792149569663756,15.319039357995981,-22.175161257411627
 1.0879333008641685,2.6712165303931883,2.3294756513321966,-7.924901265898236,-153.16083881859117,-147.13890089419047,0.1149363208530458,8.700469900011596,15.183733163201047,-23.522075678184216
 1.093800103083435,2.6846104352569067,2.2829992154385206,-7.92193671384524,-153.07261543934862,-147.3061727731824,0.11614549038369133,8.609890893709773,15.03772855215964,-24.886574591168355
 1.0997885875058162,2.6979981596973635,2.235578068871958,-7.918722538432571,-152.98350429376606,-147.4734446521743,0.11736552091505,8.520389908411067,14.880417029981244,-26.269004155787027
 1.1059067361366617,2.7113794778768256,2.187151536659058,-7.915226506389714,-152.8934994150039,-147.64071653116622,0.1185965982980597,8.431945050285313,14.71112981929824,-27.66967932578791
 1.1121634545321848,2.724754164897373,2.1376520685536007,-7.911410579206504,-152.80259474672275,-147.80798841015815,0.11983890998323138,8.344535177597379,14.5291289354184,-29.088872532614833
 1.1185687279616976,2.738121996814416,2.0870041012534446,-7.907229544142733,-152.7107841425507,-147.97526028915007,0.1210926451327503,8.258139863934176,14.333596400278132,-30.526805341258083
 1.1251338132296036,2.751482750650399,2.0351226664637903,-7.902629238234166,-152.61806136548535,-148.142532168142,0.12235799486979015,8.17273935441792,14.123621138424037,-31.983630567691
 1.1318714766425144,2.764836204408706,1.9819116717404983,-7.897544217083945,-152.52442008733618,-148.30980404713392,0.12363515194886675,8.088314562945511,13.898182858129747,-33.45941559833612
 1.1387962924572903,2.778182137087764,1.9272617548298032,-7.89189465430768,-152.4298538881381,-148.47707592612585,0.12492431119182926,8.004847018643442,13.65613205138109,-34.95411476969252
 1.1459250217260717,2.791520328695353,1.8710475744955681,-7.8855821584376935,-152.33435625557428,-148.64434780511777,0.12622566915969236,7.922318864753779,13.396164865179934,-36.467535292667314
 1.1532770997017046,2.8048505602631186,1.8131243455178712,-7.878484038073734,-152.2379205843708,-148.8116196841097,0.12753942430106188,7.840712826486188,13.11679113348423,-37.999288449012376
 1.1608752724252294,2.818172613861303,1.7533233427212798,-7.870445299491635,-152.14054017573358,-148.9788915631016,0.12886577709316585,7.760012181333697,12.816293098434343,-39.548723881928936
 1.168746442402525,2.831486272613681,1.69144597191796,-7.861267255288054,-152.04220823672168,-149.14616344209352,0.13020492985939158,7.68020075030877,12.49267126685748,-41.11483204026275
 1.1769228139674854,2.8447913207127233,1.627255805748921,-7.8506909402359994,-151.9429178796755,-149.31343532108545,0.13155708695459295,7.601262867314407,12.14357203037449,-42.69610715577524
 1.1854434793293918,2.8580875434349724,1.5604676580414736,-7.838372341911219,-151.84266212160023,-149.48070720007738,0.13292245471881506,7.523183363679266,11.766188885138154,-44.29033757428355
 1.1943566721181031,2.871374727156655,1.4907322254390258,-7.823844300862435,-151.7414338835802,-149.6479790790693,0.13430124152147938,7.445947547998398,11.35712425610396,-45.89428712372049
 1.2037230676316926,2.8846526593695105,1.4176138722298013,-7.80645586694896,-151.63922599015248,-149.8152509580612,0.13569365767202857,7.369541194158087,10.912190637205239,-47.50318500357793
 1.213620793348606,2.8979211286968654,1.3405573873078036,-7.785271801412067,-151.5360311687284,-149.98252283705312,0.13709991568177643,7.293950510670677,10.426114480797574,-49.109883453028544
 1.2241533763108745,2.9111799249099337,1.258836152591079,-7.7588977945371935,-151.43184204897412,-150.14979471604505,0.13852022995351948,7.21916214213296,9.89207681795686,-50.703390113690965
 1.2354630527543253,2.9244288389443667,1.1714671149681832,-7.725158014886372,-151.32665116220852,-150.31706659503698,0.13995481712597496,7.14516313575608,9.300963408775218,-52.26616447758278
 1.2477546611019277,2.937667662917044,1.0770619758039985,-7.680454542191769,-151.22045094081363,-150.4843384740289,0.14140389589342273,7.071940936858685,8.640059005426746,-53.76874894304536
 1.2613426802184562,2.9508961901431094,0.9735434659474418,-7.618366516031498,-151.11323371760707,-150.65161035302083,0.14286768704343036,6.999483373003791,7.8905705303380955,-55.15803802314127
 1.2767566481994075,2.96411421515327,0.857535517557535,-7.526157348534158,-151.00499172527662,-150.81888223201275,0.1443464134924166,6.927778638937477,7.022331463528147,-56.32806996114992
 1.2950293710076328,2.9773215337113386,0.7227887544008273,-7.374202770484337,-150.89571709575094,-150.98615411100468,0.14584030036037104,6.8568152803374804,5.980205067004075,-57.03180677895283
 1.3188279775439022,2.9905179428320543,0.554503437022845,-7.071225666994962,-150.78540185964104,-151.1534259899966,0.14734957487739417,6.786582186152044,4.635365349721048,-56.50917902413623
 1.3762416039036243,3.0037032407991493,0.22965450543888685,-5.658045871351765,-150.67403794560633,-151.3206978689885,0.14734957487739417,6.786582186152044,1.9396774092785711,-46.9520584460697
 1.3762416039036243,-0.0,0,-0.0,-150.58513962405644,-151.4879697479804,0.21131933945957973,4.732174549463211,0.0,0.0
 1.4336140183353951,-0.013166375750923496,-0.2294896577270836,-4.0,-150.58513962405644,-151.3396535397616,0.21131933945957973,4.732174549463211,0.0,0.0
 1.4573727002551191,-0.026329019180782138,-0.5540140431330626,-13.659191469564066,-150.74453169090734,-151.1913373315428,0.20977250187353172,4.76706904417283,-6.7087924906552985,-282.3722508396315
 1.4755995283543808,-0.03948798860464897,-0.7219560832090053,-9.214002522070485,-150.90271251348202,-151.04302112332402,0.20822140990147753,4.802580101984527,-8.678461316102304,-108.06426739311743
 1.490962286375731,-0.05264333994746371,-0.8563144276914526,-8.745717682705465,-151.0596802225283,-150.89470491510522,0.20666623260642372,4.838719840141497,-10.217417265059769,-100.17445740007906
 1.5044944077340454,-0.06579512676145785,-0.9718939452101105,-8.541123335968603,-151.21543303541458,-150.74638870688642,0.20510713523783666,4.875500790552348,-11.509859301592975,-95.50919640098473
 1.5167259448848218,-0.07894340024368558,-1.0749485792464732,-8.425321590084845,-151.3699692540853,-150.59807249866762,0.20354427919982723,4.912935917094784,-12.634243494156296,-91.92501144403865
 1.5279717996901665,-0.09208820925368984,-1.168858147070959,-8.350594014414467,-151.52328726312297,-150.44975629044885,0.2019778222008761,4.9510386294068205,-13.63329081616818,-88.83693941496357
 1.5384371651339352,-0.10522960033126229,-1.2557030280674133,-8.298313275640412,-151.67538552767854,-150.30144008223004,0.2004079181075196,4.989822804623399,-14.533488139789746,-86.01680738798856
 1.5482645803590454,-0.1183676177143295,-1.336874150742931,-8.259661448731368,-151.82626259152886,-150.15312387401124,0.19883471700725672,5.029302805120817,-15.352670096284623,-83.35680723063174
 1.557557835497026,-0.13150230335692836,-1.4133568321952936,-8.229913019366691,-151.9759170750609,-150.00480766579244,0.1972583652140665,5.069493498614324,-16.103559120035154,-80.7993552960495
 1.5663952897391131,-0.14463369694728725,-1.4858796697155623,-8.206304161088436,-152.12434767327542,-149.85649145757367,0.19567900521266907,5.110410280924997,-16.795628486271106,-78.31094196109821
 1.5748378248684216,-0.1577618359259944,-1.554999627201148,-8.187109254142701,-152.27155315380452,-149.70817524935487,0.1940967757905879,5.1520690950523855,-17.43617032970024,-75.87079397579082
 1.582933860352834,-0.17088675550426372,-1.621153909656026,-8.17119472638752,-152.41753235494872,-149.55985904113606,0.1925118117956634,5.1944864612329535,-18.03094878045338,-73.46539573576221
 1.590722657077485,-0.18400848868227404,-1.6846932384922837,-8.157784967626709,-152.56228418367033,-149.41154283291726,0.19092424439625869,5.237679495143236,-18.584620171625264,-71.08561318843499
 1.5982365735919033,-0.1971270662675999,-1.7459040914485615,-8.146331255986327,-152.70580761366384,-149.26322662469846,0.18933420093436606,5.281665938140022,-19.10101472621977,-68.72508546023931
 1.6055026542881738,-0.21024251689370782,-1.8050240802913138,-8.136434387949759,-152.8481016833562,-149.1149104164797,0.18774180500086235,5.326464183059318,-19.58333187317985,-66.37927200666094
 1.612543776470092,-0.22335486703853105,-1.8622528918040695,-8.127796966756192,-152.98916549398848,-148.9665942082609,0.18614717654865795,5.372093300263434,-20.034279620160635,-64.04486889019245
 1.6193794974142355,-0.2364641410431094,-1.9177602643083187,-8.120192874726108,-153.1289982076626,-148.81827800004208,0.18455043157885292,5.418573077531545,-20.456176432117722,-61.719431703623506
 1.6260266920945978,-0.24957036113028966,-1.9716919268063398,-8.113447114367064,-153.26759904539657,-148.66996179182328,0.18295168258476296,5.46592404000817,-20.851027297794055,-59.40112854567601
 1.632500041532268,-0.26267354742349364,-2.0241741032784617,-8.107422127826851,-153.404967285221,-148.5216455836045,0.18135103813717623,5.514167496761652,-21.220581577914416,-57.08857272092131
 1.6388124124322638,-0.27577371796553396,-2.0753169846291306,-8.10200828831232,-153.5411022602574,-148.3733293753857,0.17974860330496942,5.563325564779804,-21.56637770389474,-54.78070466051776
 1.6449751563014798,-0.2888708887374842,-2.1252174437059876,-8.097117150384548,-153.67600335681658,-148.2250131671669,0.1781444793026497,5.613421218072662,-21.889778225744084,-52.47670984101358
 1.6509983479871853,-0.30196507367759784,-2.173961185925669,-8.092676568033376,-153.80967001250536,-148.0766969589481,0.17653876385295142,5.66447831725475,-22.191997642381686,-50.17595859597987
 1.6568909779899914,-0.31505628470027836,-2.2216244726797143,-8.088627103916048,-153.94210171437012,-147.92838075072933,0.17493155089921078,5.71652166152785,-22.474124762912464,-47.877962878448976
 1.6626611090508274,-0.32814453171507496,-2.2682755169342794,-8.084919348054655,-154.0732979970009,-147.78006454251053,0.1733229308363221,5.769577026967956,-22.737140846114162,-45.582341272433155
 1.6683160048042083,-0.3412298226457401,-2.313975624191136,-8.081511888089965,-154.2032584407149,-147.63174833429173,0.1717129905392945,5.823671213571705,-22.981934483289642,-43.28879750420271
 1.6738622363576332,-0.354312163449297,-2.358780133418385,-8.078369753527776,-154.33198266968404,-147.48343212607293,0.17010181313839817,5.878832103843481,-23.209313879014594,-40.99709749488227
 1.6793057712573214,-0.3673915581351588,-2.4027391992308385,-8.075463209572119,-154.4594703501395,-147.33511591785413,0.1684894783326184,5.935088706405039,-23.420017103726813,-38.70705866592182
 1.6846520482729197,-0.3804680087842649,-2.4458984468919653,-8.07276681234537,-154.58572118854138,-147.18679970963535,0.1668760622761185,5.992471217024331,-23.614720680119458,-36.41853495892066
 1.6899060406701514,-0.39354151556825095,-2.4882995245432897,-8.070258661520738,-154.71073492980136,-147.03848350141655,0.16526163760768506,6.0510110784083,-23.794046852038864,-34.131410622879116
 1.6950723100662504,-0.40661207676863526,-2.5299805717166173,-8.067919803950117,-154.8345113554839,-146.89016729319775,0.16364627351978359,6.110741042197381,-23.95856975170327,-31.845590512302508
 1.700155052526876,-0.4196796887960319,-2.570976619143497,-8.065733753866525,-154.95705028205228,-146.74185108497895,0.1620300357932844,6.1716952360350374,-24.108820684437685,-29.560996626990278
 1.7051581382285879,-0.43274434620937974,-2.6113199317928686,-8.063686103871582,-155.0783515591186,-146.59353487676017,0.16041298667892884,6.233909240786898,-24.245292665045927,-27.27756203767326
 1.7100851457518906,-0.4458060417351806,-2.651040304692919,-8.061764207216836,-155.1984150676989,-146.44521866854137,0.1587951850843588,6.297420160874255,-24.368444337145096,-24.995227126549928
 1.7149393918676001,-0.4588647662867614,-2.6901653192489543,-8.059956916773743,-155.31724071850348,-146.29690246032257,0.15717668669370402,6.362266701478042,-24.47870338095205,-22.713937690577072
 1.7197239575200582,-0.4719205089835398,-2.728720566321639,-8.058254368999421,-155.43482845023274,-146.14858625210377,0.15555754365358287,6.428489268427501,-24.576469479279137,-20.433641301767672
 1.7244417105845016,-0.48497325717029754,-2.7667298411892545,-8.056647804244394,-155.55117822788674,-146.000270043885,0.15393780492668643,6.496130047302249,-24.66211691555027,-18.15428554678744
 1.7290953258750887,-0.49802299643646186,-2.8042153146093534,-8.055129416460753,-155.6662900410944,-145.8519538356662,0.15231751613563055,6.565233108906226,-24.73599685829104,-15.875816570013063
 1.733687302799063,-0.5110697106353941,-2.8411976834675925,-8.05369222679628,-155.78016390246555,-145.7036376274474,0.15069671968587428,6.635844509983293,-24.79843937730125,-13.5981778750249
 1.7382199809870045,-0.5241133819036707,-2.8776963039152736,-8.052329976740927,-155.892799845939,-145.5553214192286,0.14907545489641114,6.708012400129018,-24.849755222671032,-11.321307898341074
 1.742695554175816,-0.5371539906803757,-2.9137293094222723,-8.051037037462931,-156.00419792518602,-145.40700521100982,0.14745375771434954,6.781787154839557,-24.89023741707231,-9.045141860818294
 1.7471160825774683,-0.5501915157263821,-2.9493137157841636,-8.049808332549349,-156.11435821197065,-145.25868900279102,0.14583166100983228,6.857221491378185,-24.920162653734256,-6.769606242267255
 1.75148492036115,-0.5632259341436389,-2.9834979146953833,-7.824552112899037,-156.22328079461477,-145.1103727945722,0.14420919458708045,6.934370605586816,-24.931706791896932,-2.6423819638718564
 1.7558286827780836,-0.5762572213944394,-2.999999999999987,-3.799030361391981,-156.33096577635683,-144.9620565863534,0.14258638497534812,7.013292329228284,-24.790716297528068,32.45815052389475
 1.7601713927535023,-0.5892853513206958,-3.000000000000013,-5.931129252724197e-12,-156.43741327385862,-144.8137403781346,0.14096325591613026,7.094047264309614,-24.511767560882962,64.2337936965752
 1.7645130410343373,-0.602310296163201,-3.0,2.9662898172799033e-12,-156.54262341564834,-144.66542416991584,0.13933982793896033,7.176698972515334,-24.232764835913162,64.26193623315223
 1.7688536178402292,-0.6153320265808764,-3.000000000000013,-2.9670220483532894e-12,-156.64659634059132,-144.51710796169704,0.1377161186346751,7.261314143282958,-23.95371159009429,64.28943854653
 1.7731931128699425,-0.6283505116700168,-2.999999999999987,5.935523371945024e-12,-156.7493321964014,-144.36879175347823,0.13609214257869506,7.347962792354096,-23.67461077997113,64.31642580809464
 1.7775315153077744,-0.6413657189835127,-3.000000000000013,-5.937018185932826e-12,-156.85083113814355,-144.22047554525943,0.13446791152832122,7.436718460443873,-23.395464850616946,64.34302334886252
 1.7818688138299597,-0.6543776145500684,-3.0,2.9692646286111043e-12,-156.9510933267716,-144.07215933704066,0.1328434342548627,7.527658447021783,-23.11627574519232,64.36935433348127
 1.7862049966110698,-0.6673861628933986,-2.999999999999987,2.9700286486435482e-12,-157.0501189276853,-143.92384312882186,0.131218716601728,7.620864049716144,-22.837044910812526,64.39554061148318
 1.7905400513304097,-0.6803913270514186,-3.000000000000013,-5.941603010544052e-12,-157.14790810927184,-143.77552692060306,0.1295937616922652,7.716420813330593,-22.55777329644324,64.42170455735521
 1.7948739651784038,-0.6933930685954007,-3.000000000000013,0.0,-157.24446104150826,-143.62721071238425,0.12796856990643657,7.814418811831248,-22.27846136838127,64.44796501694509
 1.7992067248629815,-0.7063913476491336,-2.999999999999987,5.944750239203373e-12,-157.33977789455636,-143.47889450416545,0.12634313855418827,7.914952972069017,-21.999109109922056,64.47444095585524
 1.803538316615953,-0.7193861229080483,-2.9999999999999742,2.9731765642080033e-12,-157.43385883737514,-143.33057829594668,0.12471746243371953,8.018123368501383,-21.719716026844697,64.50125012027932
 1.8078687261993813,-0.7323773516583331,-2.999999999999987,-2.973988219252031e-12,-157.52670403634733,-143.18226208772788,0.12309153361251075,8.124035590847186,-21.44028115203985,64.52850923713902
 1.8121979389119445,-0.7453649897960221,-3.000000000000013,-5.949620839040472e-12,-157.61831365394048,-143.03394587950908,0.12146534134494856,8.232801134276707,-21.160803054863596,64.55633292520731
 1.8165259395952935,-0.7583489918460694,-2.9999999999999742,8.926930489081575e-12,-157.70868784735947,-142.88562967129027,0.11983887240498431,8.344537794219168,-20.881279840524037,64.5848359994371
 1.8208527126404046,-0.7713293109814028,-2.999999999999987,-2.9764877776992344e-12,-157.79782676724045,-142.7373134630715,0.11821211074875189,8.459370141231982,-20.601709160983344,64.61413081432222
 1.8251782419939198,-0.7843058990419478,-3.000000000000013,-5.954687176119373e-12,-157.88573055634367,-142.5889972548527,0.1165850379088012,8.577429985331834,-20.322088216050506,64.64432953289534
 1.829502511164483,-0.7972787065536378,-3.0000000000000258,-2.9782112485782785e-12,-157.97239934825475,-142.4406810466339,0.11495763270351299,8.698856930875552,-20.042413756537584,64.67554365411803
 1.8338255032290702,-0.8102476827473999,-3.000000000000013,2.9790910770226236e-12,-158.05783326612863,-142.2923648384151,0.11332987159260452,8.82379893268366,-19.76268209551182,64.70788214423082
 1.8381472008393103,-0.8232127755781199,-3.000000000000013,0.0,-158.1420324214528,-142.14404863019632,0.11170172815189572,8.952412971088208,-19.48288911391501,64.74145274159333
 1.842467586227797,-0.83617393174358,-2.999999999999987,5.961776984049435e-12,-158.22499691275195,-141.99573242197752,0.11007317394542522,9.084865677588297,-19.20303024823588,64.77636611421786
 1.8467866412143967,-0.849131096703379,-3.0,-2.9818066974393658e-12,-158.30672682442997,-141.84741621375872,0.10844417777307269,9.22133415122177,-18.92310052352285,64.81272537199395
 1.8511043472125452,-0.8620842146978247,-2.999999999999987,2.982738308531e-12,-158.38722222552397,-141.69910000553992,0.10681470621920273,9.362006744163322,-18.64309453411369,64.85063816972014
 1.8554206852355404,-0.8750332287668106,-3.0000000000000258,-8.951050879501054e-12,-158.46648316851417,-141.55078379732115,0.10518472315997736,9.50708401332275,-18.363006457771153,64.89020898047589
 1.8597356359028239,-0.8879780807686608,-2.999999999999987,8.953928847877044e-12,-158.54450968816275,-141.40246758910234,0.10355419027063971,9.65677967628825,-18.082830063435097,64.93154057597795
 1.8640491794462575,-0.9009187113989613,-3.0,-2.985616571613582e-12,-158.62130180034487,-141.25415138088354,0.10192306695463119,9.811321714299748,-17.802558710463334,64.97473600293613
 1.8683612957163906,-0.913855060209361,-2.9999999999999742,5.9732095699051065e-12,-158.6968595008843,-141.10583517266474,0.10029131020006389,9.970953595133738,-17.522185350786273,65.0198979139301
 1.8726719641887226,-0.9267870656263568,-2.9999999999999742,0.0,-158.7711827644577,-140.95751896444597,0.09865887467998422,10.13593559873513,-17.241702545780466,65.0671251584494
 1.8769811639699543,-0.9397146649700512,-2.9999999999999614,2.988626134658183e-12,-158.8442715434341,-140.80920275622717,0.09702571286206575,10.306546280382662,-16.9611024521864,65.1165199664692
 1.881288873804235,-0.9526377944728939,-3.0000000000000258,-1.494829919040009e-11,-158.91612576680228,-140.66088654800836,0.09539177485917599,10.483084117852613,-16.68037684347905,65.16817973052143
 1.8855950720794026,-0.9655563892983965,-3.0,5.981418533335303e-12,-158.98674533906757,-140.51257033978956,0.0937570086054543,10.665869302722454,-16.399517103639024,65.22220341307913
 1.8898997368332133,-0.9784703835598286,-2.9999999999999742,5.983549392203382e-12,-159.0561301391733,-140.36425413157076,0.09212135991093985,10.855245742863216,-16.118514233729563,65.27868858096295
 1.8942028457595705,-0.9913797103389003,-3.0,-5.985712797911511e-12,-159.12428001945915,-140.215937923352,0.090484772235934,11.051583324899749,-15.837358861272525,65.33773075901414
 1.8985043762147393,-1.0042843017044067,-3.0000000000000258,-5.987909289437528e-12,-159.19119480457607,-140.06762171513319,0.0888471870919507,11.255280360931057,-15.556041230981336,65.39942776719217
 1.902804305223563,-1.0171840887308778,-3.0,5.990139399615305e-12,-159.25687429049103,-139.91930550691438,0.08720854374758566,11.466766408740597,-15.274551226350951,65.46387255527966
 1.9071026094856665,-1.0300790015171886,-3.0000000000000258,-5.992403655179681e-12,-159.3213182434367,-139.77098929869558,0.08556877919991705,11.686505397765092,-14.99287835759813,65.53116102929735
 1.9113992653816587,-1.0429689692051651,-3.0000000000000258,0.0,-159.38452639892412,-139.6226730904768,0.08392782860449932,11.914999072743681,-14.71101177695305,65.60138569811913
 1.9156942489793245,-1.055853919998163,-3.0000000000000258,0.0,-159.4464984607274,-139.474356882258,0.08228562496977475,12.152790968863895,-14.42894027277604,65.67464060405278
 1.9199875360398173,-1.0687337811796411,-3.0000000000000258,0.0,-159.50723409991238,-139.3260406740392,0.08064209921347755,12.400470842813476,-14.146652280452647,65.75101742463032
 1.924279102023839,-1.0816084791317062,-3.0,6.001812454288813e-12,-159.56673295386702,-139.1777244658204,0.07899718022516453,12.658679678815298,-13.864135883306794,65.83060780090881
 1.9285689220978237,-1.09447793935366,-2.9999999999999742,6.004255126574365e-12,-159.62499462535092,-139.02940825760163,0.07735079493592371,12.928115358457346,-13.58137881754303,65.91350240503776
 1.9328569711401076,-1.1073420864805112,-2.999999999999948,6.110299374560938e-12,-159.68201868151223,-138.88109204938283,0.07570286805172226,13.209539159292786,-13.298368465244254,65.99979373091365
 1.9371432237471033,-1.1202008443014986,-3.0,-1.2122112790938575e-11,-159.73780465301505,-138.73277584116403,0.07405332280605635,13.503782978367804,-13.01509188043172,66.08956839132296
 1.9414276542394653,-1.1330541357785844,-3.0,0.0,-159.79235203307348,-138.58445963294523,0.07240208010421842,13.811757874367151,-12.731535767870236,66.18291814209482
 1.9457102366682504,-1.1459018830649395,-2.999999999999948,1.2132501455949122e-11,-159.8456602765388,-138.43614342472642,0.07074905874240175,14.134463663198872,-12.447686495657194,66.27993201138797
 1.9499909448210815,-1.1587440075234328,-3.0,-1.2137813580702512e-11,-159.89772879904254,-138.28782721650765,0.06909417613345456,14.472999838199275,-12.163530108746421,66.38069608245618
 1.9542697522283023,-1.1715804297450956,-2.9999999999999742,6.019708699165909e-12,-159.94855697606963,-138.13951100828885,0.06743734719718279,14.828578548264355,-11.879052312874334,66.48530041151133
 1.9585466321691336,-1.1844110695675891,-3.0000000000000258,-1.2044843216383632e-11,-159.99814414210203,-137.99119480007005,0.06577848537084373,15.202539164017441,-11.594238491241214,66.59383138488822
 1.9628215576778234,-1.1972358460936592,-3.0,6.0251749694689986e-12,-160.04648958974505,-137.84287859185125,0.06411750214127997,15.59636552585199,-11.309073700755105,66.70637649859165
 1.9670945015498027,-1.2100546777095966,-2.999999999999974,6.131899731464886e-12,-160.09359256888362,-137.69456238363247,0.062454307130287046,16.011705932689033,-11.023542679198286,66.82302181155576
 1.9713654363478308,-1.2228674821036807,-2.999999999999948,6.030804821276088e-12,-160.13945228583844,-137.54624617541367,0.06078880786766579,16.450396628552912,-10.73762984534269,66.94385360029426
 1.975634334408149,-1.235674176284635,-2.999999999999974,-6.033682183871112e-12,-160.1840679025337,-137.39792996719487,0.0591209106409485,16.9144891233691,-10.451319301814106,67.06895772236979
 1.9799011678466276,-1.2484746766000707,-3.0,-6.14068108327575e-12,-160.22743853566536,-137.24961375897607,0.05745051931001562,17.40628304165155,-10.164594835251311,67.19842025636537
 1.984165908564917,-1.2612688987549394,-3.000000000000026,-6.143694332644521e-12,-160.26956325591033,-137.1012975507573,0.05577753615495153,17.928364516173186,-9.87743992602511,67.33232526768269
 1.9884285282565977,-1.2740567578299813,-3.0,6.146751358628316e-12,-160.31044108710577,-136.9529813425385,0.05410186190628206,18.48365222129046,-9.589837741145214,67.4707587545776
 1.9926889984133327,-1.2868381683001862,-3.000000000000026,-6.149852579001154e-12,-160.35007100548302,-136.8046651343197,0.052423395018704584,19.07545285159806,-9.301771147161007,67.61380396687747
 1.9969472903310215,-1.2996130440532532,-3.0,6.152998405842792e-12,-160.388451938859,-136.6563489261009,0.05074203289275609,19.70752732972903,-9.013222700051923,67.76154680952011
 2.001203375115956,-1.3123812984080565,-3.0,0.0,-160.42558276589565,-136.5080327178821,0.049057670638806804,20.384172077036112,-8.7241746612025,67.91406972732003
 2.00545722369098,-1.3251428441331272,-2.9999999999999476,1.2318850997655956e-11,-160.46146231531435,-136.35971650966331,0.04737020167931505,21.110317553000115,-8.434608986645351,68.07145798685087
 2.0097088068016498,-1.337897593465137,-2.9999999999999476,0.0,-160.4960893651619,-136.2114003014445,0.045679517903708174,21.891649603395265,-8.144507339073982,68.23379433494239
 2.013958095022405,-1.3506454581274034,-3.0000000000000524,-2.4664143282326636e-11,-160.5294626420726,-136.0630840932257,0.043985509402095384,22.734760006038762,-7.853851086791388,68.40116207295573
 2.0182050587627374,-1.3633863493484,-3.0,1.2338821324198242e-11,-160.56158082051257,-135.9147678850069,0.0422880646071984,23.647334284240973,-7.562621299304339,68.57364585464293
 2.0224496682733655,-1.3761201778802854,-3.000000000000026,-6.172832463279867e-12,-160.59244252209237,-135.76645167678814,0.04058707047220571,24.638388244473237,-7.270798763118344,68.75132693720748
 2.0266918936524214,-1.388846854017453,-3.000000000000026,0.0,-160.62204631483155,-135.61813546856933,0.03888241182954781,25.71856921797409,-6.978363970316174,68.93428959383918
 2.0309317048516364,-1.4015662876150972,-3.000000000000026,0.0,-160.65039071246284,-135.46981926035053,0.03717397183557038,26.90054225099341,-6.685297127506997,69.12261632392044
 2.0351690716825366,-1.414278388107798,-3.000000000000026,0.0,-160.67747417373693,-135.32150305213173,0.035461632929176444,28.199491038587766,-6.391578155708506,69.31638999403978
 2.0394039638226493,-1.4269830645281358,-2.999999999999974,1.2373993251434654e-11,-160.7032951017476,-135.17318684391296,0.03374527468005327,29.63377863956452,-6.097186694822343,69.51569276055605
 2.043636350821711,-1.4396802255253218,-2.999999999999974,0.0,-160.72785184324133,-135.02487063569416,0.03202477536664581,31.225824023781044,-5.802102099629738,69.72060807719168
 2.0478662021078935,-1.452369779383869,-3.000000000000026,-1.238873974919414e-11,-160.75114268796995,-134.87655442747536,0.03030001276448536,33.00328642673378,-5.506303449649911,69.93121742745672
 2.0520934869940275,-1.4650516340422715,-3.000000000000026,0.0,-160.77316586800967,-134.72823821925655,0.02857086165273873,35.00069448917522,-5.209769540721358,70.14760464836732
 2.05631817468385,-1.477725697111739,-2.999999999999974,1.2403881803747869e-11,-160.79391955714314,-134.57992201103775,0.026837195152932886,37.26171808571864,-4.912478899552786,70.36985050628897
 2.0605402342782524,-1.490391875894945,-3.0,-6.205801409315396e-12,-160.81340187019828,-134.43160580281898,0.025098886094947138,39.842405603861366,-4.614409773128314,70.59803864911768
 2.0647596347815447,-1.5030500774048228,-3.000000000000053,-1.2524674045737048e-11,-160.83161086243345,-134.28328959460018,0.02335580431794266,42.81590932973217,-4.315540139168851,70.83225063045039
 2.0689763451077328,-1.515700208383387,-3.0,1.2532664538028832e-11,-160.8485445289003,-134.13497338638138,0.021607819611157108,46.279542221078806,-4.015847700440464,71.07256973928989
 2.073190334086806,-1.5283421753206075,-3.000000000000026,-6.217686736075609e-12,-160.86420080385196,-133.98665717816257,0.01985479897749001,50.36565724657955,-3.7153098950651966,71.3190772134741
 2.0774015704710425,-1.5409758844733166,-3.0,6.221750809152167e-12,-160.87857756014483,-133.8383409699438,0.018096607972845093,55.2589745824495,-3.4139038945231244,71.57185516118356
 2.081610022941323,-1.5536012418841585,-2.999999999999974,6.225866530793025e-12,-160.89167260860668,-133.690024761725,0.016333111239549683,61.22532231205025,-3.111606595133218,71.83098811847704
 2.0858156601134694,-1.5662181534005968,-3.000000000000026,-1.2460068383780082e-11,-160.9034836975055,-133.5417085535062,0.014564170583534118,68.66165115716062,-2.8083946416082664,72.0965554359098
 2.090018450544588,-1.5788265246939523,-3.000000000000026,0.0,-160.9140085119461,-133.3933923452874,0.012789649006743255,78.18822858021802,-2.5042444093033045,72.368641094488
 2.0942183627394395,-1.591426261278508,-3.0000000000000266,-1.0573773670659556e-13,-160.92324467330073,-133.24507613706862,0.011009405461070211,90.83142623241993,-2.1991320118443887,72.64732768292545
 2.098415365156822,-1.6040172685306546,-3.0000000000000266,0.0,-160.9311897386796,-133.09675992884982,0.009223297000554798,108.42109930319366,-1.893033310144635,72.93269606708444
 2.1026094262159725,-1.616599451708107,-3.0000000000000266,0.0,-160.93784120036557,-132.94844372063102,0.007431182206024725,134.56809055082303,-1.5859239033933215,73.22482968655167
 2.1068005143029884,-1.6291727159691547,-3.0000000000000266,0.0,-160.9431964852684,-132.80012751241222,0.0056329150908668675,177.52797332617112,-1.277779133159065,73.52381143906298
 2.11098859777727,-1.641736966392,-3.0,6.362182787097657e-12,-160.9472529544401,-132.65181130419342,0.0038283509020335276,261.2090755496901,-0.9685740975805243,73.82972127401692
 2.115173644977981,-1.6542921079941326,-2.9999999999999734,6.366798583891161e-12,-160.9500079025121,-132.50349509597464,0.0020173415632973803,495.7018772594376,-0.6582836321559893,74.14264416703061
 2.119355624230534,-1.6668380457517915,-3.0000000000000266,-1.2742938681361402e-11,-160.9514585572101,-132.35517888775584,0.00019972776984424184,5006.815030177588,-0.3468823278039762,74.46266122958775
 2.123534503853097,-1.6793746846194795,-2.9999999999999734,1.2752390591554552e-11,-160.95160207886542,-132.20686267953704,-0.0016246156340101248,-615.5302085402484,-0.03434452970316596,74.78985429811132
 2.1277102521631215,-1.6919019295495537,-2.9999999999999734,0.0,-160.95043555991836,-132.05854647131827,-0.003455863988263997,-289.36323981382594,0.27935566524481065,75.12430626981832
 2.1318828374839,-1.7044196855118887,-3.0,-6.3858137204090365e-12,-160.94795602443784,-131.91023026309946,-0.005294162763769096,-188.88727918294404,0.5942444048263086,75.46609964173447
 2.1360522281511414,-1.7169278575136133,-3.0,0.0,-160.94416042767213,-131.76191405488066,-0.007139665006741154,-140.06259384100184,0.9103480744821068,75.81531568614847
 2.1402183925195786,-1.7294263506189251,-2.9999999999999734,6.395655628200333e-12,-160.93904565559177,-131.61359784666186,-0.008992530744459552,-111.2034007352287,1.2276932996458612,76.17203669829952
 2.1443812989695994,-1.7419150699689876,-3.0,-6.400660911049417e-12,-160.93260852442967,-131.46528163844306,-0.010852913856090569,-92.14115335844188,1.5463069466961044,76.53634566989844
 2.148540915913906,-1.7543939208019084,-3.0000000000000266,-6.4057226777749945e-12,-160.92484578027458,-131.3169654302243,-0.012720974969076485,-78.61032683665424,1.8662161105293187,76.90832307793677
 2.1526972118042034,-1.7668628084727998,-3.0000000000000266,0.0,-160.9157540986393,-131.16864922200548,-0.014596873756014294,-68.50782001097829,2.1874481209342145,77.28805140048254
 2.1568501551379167,-1.7793216384739396,-3.0,6.416016412913385e-12,-160.90533008404788,-131.02033301378668,-0.016480772084743016,-60.67676895585156,2.510030538297637,77.67561255765796
 2.160999714464938,-1.7917703164550032,-2.9999999999999734,6.421248737786161e-12,-160.8935702696541,-130.87201680556788,-0.018372832120703085,-54.42819013586743,2.833991146283575,78.07108718180318
 2.1651458583944083,-1.8042087482434144,-2.9999999999999734,0.0,-160.8804711168542,-130.72370059734908,-0.020273218673142423,-49.32615861953786,3.1593579534911056,78.47455677909574
 2.169288555601526,-1.8166368398647672,-3.0000000000000266,-1.286377027277028e-11,-160.8660290149031,-130.5753843891303,-0.022182095788703268,-45.08140301644863,3.486159192692531,78.8861031503696
 2.173427774834392,-1.8290544975633656,-3.0000000000000266,0.0,-160.85024028057174,-130.4270681809115,-0.024099631545471706,-41.49441032379181,3.814423311036578,79.30580621040215
 2.1775634849208902,-1.8414616278228606,-3.0000000000000537,-6.550130747629514e-12,-160.83310115781597,-130.2787519726927,-0.026025992953342868,-38.42312574942723,4.144178967412443,79.7337457121107
 2.1816956547755977,-1.8538581373869831,-2.999999999999973,1.9559756504353988e-11,-160.81460781740003,-130.13043576447393,-0.027961349418644397,-35.76365307080667,4.475455043277968,80.1700045045635
 2.185824253406737,-1.8662439332804004,-2.999999999999973,0.0,-160.7947563566463,-129.98211955625513,-0.029905870745112466,-33.438250587083495,4.808280612220385,80.61465855076032
 2.18994924992316,-1.8786189228296695,-2.999999999999973,0.0,-160.7735427990731,-129.83380334803633,-0.03185972859960387,-31.387586899043253,5.142684966816708,81.06779078841429
 2.1940706135413732,-1.8909830136843093,-2.9999999999999463,6.465178775600177e-12,-160.75096309414573,-129.68548713981752,-0.033823095311298255,-29.565596844294745,5.4786975911526055,81.52947797446758
 2.1981883135926017,-1.9033361138379936,-2.999999999999973,-6.470930922483434e-12,-160.72701311700817,-129.53717093159872,-0.03579614489979356,-27.93596916090724,5.816348165145893,81.99979838079288
 2.2023023195298883,-1.9156781316498543,-2.999999999999973,0.0,-160.70168866819483,-129.38885472337995,-0.03777905163886796,-26.46969568106302,6.155666569120372,82.4788318604732
 2.2064126009352414,-1.9280089758659122,-3.0,-6.5906538091470975e-12,-160.67498547342572,-129.24053851516115,-0.039771992007858754,-25.143321958890187,6.4966828632081555,82.96665372927833
 2.210519127526815,-1.940328555640634,-2.999999999999973,6.5966799914160395e-12,-160.6468991833779,-129.09222230694235,-0.04177514219382889,-23.937680340145487,6.839427292501999,83.46334101357338
 2.214621869166141,-1.9526367805586125,-3.000000000000027,-1.3205531414014819e-11,-160.6174253734688,-128.94390609872355,-0.04378868015440064,-22.836952300776364,7.183930283740069,83.96897039187066
 2.2187207958653983,-1.9649335606563836,-3.0,6.608911012183738e-12,-160.58655954369297,-128.79558989050474,-0.045812785530806276,-21.82796763858774,7.530222431503902,84.48361563201422
 2.2228158777947282,-1.9772188064443728,-3.0,0.0,-160.5542971184221,-128.64727368228597,-0.04784763691490634,-20.89967372429342,7.878334506518322,85.00735297166547
 2.2269070852895965,-1.9894924289289788,-3.0,0.0,-160.5206334462944,-128.49895747406717,-0.04989341606719381,-20.04272464834344,8.22829743295003,85.54025354877265
 2.2309943888582042,-2.0017543396348016,-2.999999999999973,6.627704878324445e-12,-160.48556380005994,-128.35064126584837,-0.051950304377671425,-19.24916537023807,8.580142298172024,86.0823913164475
 2.2350777591889406,-2.0140044506270107,-3.0,-6.634088903704396e-12,-160.44908337648715,-128.2023250576296,-0.054018483855773444,-18.51218191665557,8.933900336736272,86.63383673565909
 2.2391571671578885,-2.0262426745338535,-2.9999999999999454,1.3389926486231824e-11,-160.4111872962646,-128.0540088494108,-0.05609813804702176,-17.825903582785486,9.289602930384337,87.1946606849966
 2.243232583836379,-2.038468924569325,-2.999999999999973,-6.7560039090044164e-12,-160.37187060395007,-127.90569264119199,-0.05818945093339079,-17.18524550342803,9.647281595036889,87.76493126220133
 2.2473039804985966,-2.0506831145559783,-2.999999999999973,0.0,-160.33112826791373,-127.75737643297319,-0.060292607432041664,-16.585781285494114,10.006967980897151,88.34471698572729
 2.251371328629237,-2.062885158947899,-3.0000000000000546,-2.008985018932994e-11,-160.28895518032664,-127.6090602247544,-0.062407792815765,-16.02363991548484,10.368693859617842,88.93408360984358
 2.2554345999312124,-2.0750749728538262,-3.0000000000000546,0.0,-160.24534615717252,-127.4607440165356,-0.06453519306538825,-15.495421219035967,10.732491116922535,89.53309544646999
 2.2594937663334207,-2.08725247206045,-3.0000000000000275,6.6736465364215745e-12,-160.20029593825967,-127.31242780831681,-0.06667499515547712,-14.99812632409098,11.09839175067036,90.1418166914264
 2.2635487999985573,-2.09941757305586,-3.0,6.7899636068191275e-12,-160.15379918728064,-127.16411160009801,-0.06882738582827302,-14.529100414986535,11.46642785700584,90.76030847775532
 2.267599673330993,-2.1115701930531676,-2.9999999999999725,6.7969370432392834e-12,-160.10585049192784,-127.01579539187922,-0.07099255296471865,-14.085984490471452,11.836631614442467,91.38862834153583
 2.2716463589847025,-2.1237102500142964,-3.000000000000082,-2.7106141721785594e-11,-160.05644436393206,-126.86747918366042,-0.0731706846065471,-13.666675464049476,12.209035300406887,92.02683821587412
 2.2756888298712528,-2.1358376626739477,-3.0000000000000275,1.3512273642660547e-11,-160.00557523928006,-126.71916297544163,-0.07536196947011212,-13.26929228404243,12.583671244544245,92.67498880048808
 2.27972705916785,-2.1479523505637386,-2.999999999999945,2.0454656475727678e-11,-159.9532374783142,-126.57084676722283,-0.07756659596542939,-12.89214754822668,12.960571855083845,93.33313758513171
 2.283761020325445,-2.160054234036524,-3.0000000000000275,-2.047629855745919e-11,-159.89942536596652,-126.42253055900403,-0.07978475332085205,-12.53372302823986,13.339769582650433,94.00133336748553
 2.287790687076904,-2.172143234290901,-3.0,6.8327066998120894e-12,-159.84413311198233,-126.27421435078524,-0.08201663062067925,-12.192649130210247,13.721296919695229,94.67962503516186
 2.291816033445234,-2.1842192733958905,-3.000000000000055,-1.3680080416100204e-11,-159.78735485116147,-126.12589814256646,-0.08426241737770158,-11.867687055755304,14.10518639280257,95.36805978428859
 2.295837033751877,-2.1962822743158195,-2.999999999999917,3.4347608488165245e-11,-159.72908464366904,-125.97758193434765,-0.08652230273936473,-11.557713656932453,14.49147054183204,96.06667982374726
 2.299853662625066,-2.2083321609353868,-3.0,-2.0675219161093763e-11,-159.66931647536202,-125.82926572612885,-0.0887964761366338,-11.261708161270612,14.880181912240165,96.77552561621069
 2.3038658950082445,-2.2203688580849215,-2.9999999999999725,6.862396885619402e-12,-159.60804425813498,-125.68094951791007,-0.09108512661580417,-10.97874084556073,15.271353046231475,97.49463556282025
 2.307873706168552,-2.232392291565845,-3.0,-6.869967148998253e-12,-159.54526183033073,-125.53263330969126,-0.09338844336297729,-10.707963041136178,15.665016462359649,98.22404309536644
 2.3118770717053816,-2.2444023881763338,-2.9999999999999725,6.87759605197303e-12,-159.48096295718972,-125.38431710147248,-0.09570661523358381,-10.448598537931536,16.061204641314205,98.96377817857568
 2.315875967558994,-2.2563990757371712,-3.000000000000028,-1.3881619642859922e-11,-159.415141331293,-125.23600089325367,-0.0980398303329038,-10.1999360525656,16.459950022766726,99.71387004047817
 2.3198703700192125,-2.2683822831178264,-2.999999999999972,1.4008413272919944e-11,-159.34779057311127,-125.08768468503489,-0.10038827684716532,-9.961322491095604,16.861284973788596,100.47434003431017
 2.3238602557341794,-2.280351940262726,-2.9999999999999165,1.3912967738155464e-11,-159.27890423153562,-124.93936847681609,-0.10275214195480066,-9.732157218093683,17.26524178806942,101.24520929647825
 2.3278456017191855,-2.2923079782177442,-3.0,-2.0948939380901422e-11,-159.2084757845018,-124.7910522685973,-0.10513161263581332,-9.511886814331504,17.671852656910843,102.0264916449401
 2.331826385365572,-2.304250329156904,-2.999999999999972,7.028169000329659e-12,-159.13649863960646,-124.6427360603785,-0.10752687471171878,-9.300000606183483,18.08114966525322,102.81819980693994
 2.335802584449704,-2.3161789264093002,-3.000000000000084,-2.8145089950054018e-11,-159.0629661348232,-124.4944198521597,-0.10993811340013511,-9.09602656505811,18.49316476046345,103.62033854252489
 2.339774177142015,-2.3280937044862338,-2.999999999999916,4.226660041154255e-11,-158.98787153921506,-124.3461036439409,-0.11236551277677045,-8.899527758010926,18.907929746550536,104.4329109805336
 2.343741142016132,-2.339994599108583,-2.999999999999944,-7.052651361523545e-12,-158.91120805374692,-124.19778743572212,-0.11480925614909672,-8.710099111707098,19.325476252223325,105.25591199387247
 2.3477034580580645,-2.351881547234381,-3.0,-1.4121851929260887e-11,-158.8329688120829,-124.04947122750332,-0.11726952518247943,-8.52736461961393,19.745835727393757,106.08933530839698
 2.3516611046754834,-2.363754487086638,-3.0,0.0,-158.7531468815124,-123.90115501928452,-0.11974650063413055,-8.35097472330625,20.169039403159942,106.93316424551954
 2.3556140617070658,-2.375613358181385,-3.0,0.0,-158.6717352638644,-123.75283881106573,-0.12224036170833813,-8.180604065831957,20.595118286779584,107.78738048895069
 2.3595623094319187,-2.387458101355944,-3.000000000000028,-7.086085314364465e-12,-158.58872689648462,-123.60452260284693,-0.12475128573516024,-8.0159494477912,21.02410313752188,108.65195920761664
 2.3635058285790893,-2.399288658797456,-3.0,7.094582066534975e-12,-158.50411465334886,-123.45620639462814,-0.12727944872926222,-7.856727931994057,21.45602442338006,109.52686413810659
 2.3674446003371417,-2.4111049740716135,-2.9999999999999436,1.4319014432774137e-11,-158.41789134608652,-123.30789018640934,-0.1298250245874466,-7.702675221343226,21.89091233480013,110.41206196600999
 2.371378606363825,-2.422906992151662,-3.0,-1.4336360765190376e-11,-158.3300497252052,-123.15957397819055,-0.13238818537478605,-7.553544126079204,22.328796724136378,111.30750343701868
 2.3753078287958123,-2.4346946594476253,-3.000000000000085,-2.1587232728500303e-11,-158.24058248130504,-123.01125776997175,-0.134969100756958,-7.409103227269205,22.76970709823474,112.2131367542146
 2.3792322502585317,-2.446467923835783,-2.9999999999999716,2.8855908976019502e-11,-158.14948224636603,-122.86294156175296,-0.13756793834173173,-7.269135614403886,23.213672589555905,113.12890206586873
 2.3831518538760674,-2.4582267346883904,-3.0,-7.2511693027451545e-12,-158.05674159509303,-122.71462535353416,-0.14018486318659418,-7.133437785425821,23.660721930682715,114.05473225067344
 2.3870666232811515,-2.4699710429036426,-3.0,0.0,-157.96235304636272,-122.56630914531536,-0.14282003752008474,-7.00181863388301,24.110883416969845,114.99054981437946
 2.3909765426252365,-2.4817008009358967,-2.999999999999943,1.453825868474876e-11,-157.86630906469225,-122.41799293709657,-0.14547362083230886,-6.874098508572392,24.564184889335618,115.93627194677582
 2.394881596588652,-2.4934159628261434,-3.0,-1.4556372176503762e-11,-157.76860206181925,-122.26967672887778,-0.1481457697719786,-6.7501083665039445,25.020653693485364,116.89180442221009
 2.398781770390844,-2.5051164842327194,-3.0,0.0,-157.66922439831836,-122.12136052065898,-0.1508366376383259,-6.629689017583293,25.48031665794661,117.85704632006352
 2.4026770498007015,-2.516802322462292,-2.999999999999943,1.4592898963025842e-11,-157.56816838533302,-121.97304431244018,-0.15354637430162751,-6.512690413878437,25.943200051220018,118.83188458881918
 2.406583030497273,-2.5284734365010855,-2.9880111924356205,3.069346342352824,-157.46542628632025,-121.82472810422139,-0.1562751261749304,-6.398970997346216,26.303790774735926,92.31758974958998
 2.4105206249200197,-2.540129787046373,-2.9602720071804236,7.0447035110959835,-157.3609903189588,-121.67641189600259,-0.15902303579004284,-6.288397118265897,26.522784255818635,55.616058326783445
 2.414495720540096,-2.5517713365382204,-2.9286212470090476,7.962263853861651,-157.25485265707115,-121.5280956877838,-0.16179024166810427,-6.180842488951807,26.700656294056788,44.746606179689316
 2.418509546926515,-2.5633980491914974,-2.8966655589830417,7.961402649135635,-157.1470054326522,-121.379779479565,-0.16457687813465008,-6.07618768404296,26.868931048901327,41.923775132354756
 2.422563402108784,-2.5750098910281363,-2.8643948327083466,7.960502983886512,-157.03744073796636,-121.23146327134621,-0.16738307503077096,-5.974319684449365,27.027283847006128,39.062273067231736
 2.4266586579462386,-2.5866068299096647,-2.8317983886293083,7.959562325976496,-156.926150627787,-121.08314706312741,-0.17020895764359012,-5.875131449273986,27.175374285909154,36.161462135921816
 2.4307967660501095,-2.5981888355699896,-2.798864932864034,7.958577914981753,-156.81312712161596,-120.93483085490863,-0.17305464616393987,-5.778521537368433,27.3128452263765,33.22072237280435
 2.434979264329514,-2.6097558796484535,-2.765582507331018,7.957546736337898,-156.69836220614445,-120.78651464668982,-0.17592025573369746,-5.684393737545314,27.439321621874278,30.239437543959426
 2.4392077842436364,-2.621307935723134,-2.7319384345570072,7.956465490832112,-156.58184783764966,-120.63819843847102,-0.1788058960224878,-5.592656742561965,27.554409311313133,27.217014883739076
 2.443484058855526,-2.6328449793444313,-2.697919256452834,7.955330560293668,-156.46357594461222,-120.48988223025223,-0.18171167097155067,-5.503223841668173,27.657693616916532,24.152870191318637
 2.447809931798531,-2.644366988068895,-2.6635106662333063,7.954137967729131,-156.34353843036013,-120.34156602203345,-0.18463767873971496,-5.416012629847384,27.748737846356978,21.046440947292762
 2.4521873672850547,-2.655873941493321,-2.6286974325151578,7.952883332106936,-156.22172717581722,-120.19324981381465,-0.18758401105550057,-5.33094475575602,27.82708161385859,17.89718380608776
 2.456618461309664,-2.6673658212891156,-2.593463314470637,7.951561814946108,-156.09813404243374,-120.04493360559584,-0.1905507532262158,-5.247945668379656,27.892238958836924,14.704572869919483
 2.461105454225493,-2.6788426112369095,-2.5577909667088887,7.950168059304475,-155.97275087507484,-119.89661739737706,-0.1935379838947212,-5.166944389293471,27.94369630417566,11.468113791134057
 2.4656507449054716,-2.6903042972614366,-2.5216618323257096,7.948696118011829,-155.84556950516514,-119.74830118915825,-0.1965457743757888,-5.087873311832358,27.98091010326793,8.187330956895039
 2.470256906739512,-2.701750867466668,-2.485056022269608,7.947139370044526,-155.71658175385028,-119.59998498093947,-0.19957418871985558,-5.01066799476615,28.003304261181206,4.861782698943572
 2.47492670576722,-2.713182312171209,-2.4479521788225194,7.94549042195067,-155.58577943529346,-119.45166877272067,-0.20262328320669246,-4.935266984988678,28.0102672043697,1.4910584261078288
 2.47966312130521,-2.724598623943949,-2.4103273205597713,7.943740991678187,-155.4531543601277,-119.30335256450186,-0.20569310617613665,-4.8616116436284065,28.00114856942158,-1.9252185275930778
 2.484469369501727,-2.73599979763995,-2.3721566656217554,7.941881770831986,-155.31869833891648,-119.15503635628308,-0.20878369749516015,-4.7896459924663475,27.975255482779733,-5.387380256519084
 2.4893489303428806,-2.7473858304366185,-2.3334134294710607,7.939902260043769,-155.18240318588514,-119.00672014806429,-0.21189508848917485,-4.719316559577016,27.931848268363243,-8.89572152690458
 2.494305578749447,-2.7587567218700895,-2.2940685924801825,7.937790572104227,-155.0442607226263,-118.85840393984549,-0.21502730120284078,-4.650572250156618,27.870135609341183,-12.450481446356124
 2.499343420547952,-2.770112473871885,-2.254090631659907,7.935533194419975,-154.90426278202946,-118.71008773162669,-0.21818034843200157,-4.583364208494064,27.789268936229085,-16.051848459411097
 2.504466934283517,-2.7814530908057997,-2.2134452095236212,7.933114700980504,-154.7624012122924,-118.5617715234079,-0.22135423330775392,-4.517645698736996,27.688335985579922,-19.69994731321593
 2.5096810200774544,-2.792778579505035,-2.1720948114056315,7.9305174007818815,-154.61866788105823,-118.41345531518911,-0.22454894863490774,-4.453371997861774,27.56635331956079,-23.394832927560063
 2.5149910570367497,-2.804088949309557,-2.12999832039267,7.9277209058349385,-154.4730546796966,-118.26513910697031,-0.22776447684590226,-4.390500282783632,27.42225759968168,-27.136481531803252
 2.5204029711190827,-2.815384212103707,-2.0871105162261516,7.9247015961547085,-154.32555352772002,-118.11682289875151,-0.23100078956600495,-4.328989532368093,27.254895353583954,-30.92477884009031
 2.525923315878976,-2.826664382354019,-2.0433814808572297,7.921431952335327,-154.17615637731717,-117.96850669053272,-0.23425784698212462,-4.268800438844238,27.063010898934724,-34.75950560974682
 2.531559369215063,-2.8379294771472736,-1.9987558884733643,7.9178797152487075,-154.02485521802365,-117.82019048231393,-0.23753559780626352,-4.209895313525219,26.845231986139986,-38.640321481756494
 2.5373192501728243,-2.8491795162287645,-1.9531721512979967,7.914006818829294,-153.87164208155187,-117.67187427409513,-0.24083397849548538,-4.1522380116256965,26.60005260444193,-42.566744607400864
 2.5432120611299944,-2.8604145220407853,-1.9065613836382327,7.909768020481,-153.7165090467506,-117.52355806587633,-0.24415291318410134,-4.095793848857166,26.32581223609795,-46.53812422241346
 2.5492480624493554,-2.87163451976131,-1.8588461345321134,7.905109124656785,-153.5594482446741,-117.37524185765753,-0.247492313086667,-4.040529532122557,26.020670600703223,-50.55360647718337
 2.5554388891460844,-2.8828395373428903,-1.8099388224677762,7.899964650952779,-153.4004518638445,-117.22692564943874,-0.2508520760372172,-3.9864130917203844,25.68257659572412,-54.612093269823404
 2.5617978226229265,-2.8940296055517405,-1.7597397817734652,7.894254732672549,-153.23951215565015,-117.07860944121995,-0.25423208623407023,-3.933413814176488,25.309229728607217,-58.71218317923181
 2.5683401356077757,-2.905204758007004,-1.708134795926712,7.88788093236487,-153.07662143983947,-116.93029323300115,-0.2576322136347078,-3.881502184419696,24.898031657595443,-62.85209404747958
 2.5750835359383193,-2.916365031220219,-1.654991942665138,7.88072050547981,-152.91177211023657,-116.78197702478235,-0.26105231356022673,-3.830649827852579,24.44602448652681,-67.02956207735639
 2.5820487461830472,-2.927510464634933,-1.6001575003640855,7.872618395483325,-152.74495664055905,-116.63366081656356,-0.2644922263817319,-3.7808294545365455,23.949811106388783,-71.2416944648059
 2.589260273649895,-2.9386411006665023,-1.5434505495177435,7.8633758391722814,-152.57616759040025,-116.48534460834477,-0.26795177675654996,-3.732014812906276,23.40545063923542,-75.4847665291179
 2.5967474532817687,-2.9497569847420375,-1.4846557211228362,7.8527337776983535,-152.4053976113521,-116.33702840012597,-0.2714307735243061,-3.6841806366161793,22.808318678659948,-79.75392469995515
 2.6045458918358917,-2.9608581653405,-1.4235132483788444,7.840348079894288,-152.23263945331692,-116.18871219190717,-0.2749290091127778,-3.6373026012318443,22.152916489140015,-84.04274586140416
 2.6126995198947665,-2.9719446940329313,-1.3597049819269054,7.825751431288998,-152.05788597093337,-116.04039598368838,-0.27844625892345,-3.5913572833274032,21.43260412686463,-88.34255831566233
 2.6212635970385225,-2.9830166255228145,-1.2928341611163485,7.80829267276195,-151.88113013015015,-115.8920797754696,-0.28198228106129586,-3.5463221172490096,20.639216323742982,-92.64136576585106
 2.6303092744767653,-2.994074017686553,-1.2223951427884128,7.7870362732745,-151.70236501503234,-115.7437635672508,-0.2855368158482513,-3.502175357070069,19.76249057500747,-96.92206633733821
 2.6399308322208332,-3.0051169316140447,-1.1477262020591297,7.760587496896696,-151.52158383460323,-115.595447359032,-0.2891095852042377,-3.4588960421134534,18.789180009916617,-101.15935391968488
 2.6502577996577523,-3.016145431649374,-1.0679321013352006,7.726769858754847,-151.33877992997634,-115.44713115081319,-0.2927002924358381,-3.4164639593559913,17.70160560140584,-105.3140154797697
 2.661476714664329,-3.0271595854315474,-0.9817485715611927,7.681984374022134,-151.15394678148147,-115.2988149425944,-0.29630862131938884,-3.374859616123378,16.475135820755632,-109.32160373183943
 2.673873962314456,-3.0381594639353464,-0.8872839209343758,7.619808306874498,-150.96707801616498,-115.15049873437562,-0.2999342362268693,-3.334064202139309,15.073407468356555,-113.0677059907516
 2.6879317854085083,-3.0491451415121897,-0.7814636379576639,7.527501396818948,-150.7781674151792,-115.00218252615682,-0.30357678105878655,-3.2940595671127877,13.438111983759853,-116.32636672519962
 2.7045907818573283,-3.0601166959310735,-0.6585963597861817,7.375430960019535,-150.58720892159,-114.85386631793801,-0.3072358791760253,-3.254828188302408,11.462784938809998,-118.57419209005106
 2.7262801040508897,-3.071074208419519,-0.5052030852166615,7.072294523572391,-150.39419664814488,-114.70555010971923,-0.310911132780188,-3.21635314585854,8.898953675114075,-118.20707170171639
 2.7785858286061904,-3.0820177637045387,-0.20922289822120088,5.658657623268972,-150.1991248852597,-114.55723390150044,-0.310911132780188,-3.21635314585854,3.7294534115275697,-98.83239946558783