 0.0,0.0,0,0.0,1.8594076816269716,180.0,0.12911622547471593,7.744959987200246,0.0,0.0
 0.11406003975396022,0.019514539003012473,0.1710900596309403,1.4999999999999998,1.8594076816269716,180.0,0.12911622547471593,7.744959987200246,0.0,0.0
 0.16102405004487463,0.03889311703928144,0.4126261346982524,5.143003622798355,1.7155456056712342,180.0,0.13033647277100072,7.672449459001284,-3.063240874546198,-65.22528326629737
 0.19686946841672628,0.05813638139202658,0.5368402776924013,3.4652725128099107,1.5713368258152163,180.0,0.13156377074507938,7.6008767028851745,-4.023074256241929,-26.777017127786124
 0.2269287371947658,0.07724497764721662,0.6356973084172379,3.288737043299566,1.426787689055371,180.0,0.132797962805932,7.530235998133328,-4.808804160447476,-26.13935521876632
 0.2532713297017448,0.09621954967333489,0.7203001003447662,3.2116349939784494,1.2819047534758403,180.0,0.13403888265570763,7.460521754486725,-5.499949769224362,-26.23681054147494
 0.2769605743314568,0.11506073960101562,0.7953478560498022,3.16800965493463,1.1366947929423947,180.0,0.1352863541370935,7.391728503427936,-6.129784330536118,-26.587363639353537
 0.29862929952539863,0.13376918780254538,0.8633848107852835,3.139868825993661,0.9911648019133908,180.0,0.13654019060997977,7.323850915489418,-6.716130724187299,-27.059570344041916
 0.31869058439310943,0.15234553287123243,0.9259798258777628,3.120189733870324,0.8453220003657631,180.0,0.13780019470667854,7.25688379561872,-7.269863446401969,-27.602056691090493
 0.3374318811263084,0.1707904116006587,0.9841836982791264,3.105648089881598,0.699173838801701,180.0,0.13906615779191336,7.190822094159774,-7.798188334810918,-28.190412644876176
 0.35506286669996867,0.1891044589637996,1.038742121739416,3.094462486646055,0.5527280033794686,180.0,0.14033785978580873,7.125660898108709,-8.306162738912022,-28.81145821252277
 0.3717421221689718,0.20728830809203613,1.0902074833034106,3.0855910600828866,0.40599242114745276,180.0,0.14161506842676824,7.06139545112827,-8.79748994220459,-29.45738220783628
 0.38759307721203706,0.2253425902540442,1.1390027990715141,3.078383329933885,0.25897526538848714,180.0,0.14289753902636607,6.9980211472745495,-9.274971467620496,-30.1232023003435
 0.40271407130004083,0.2432679348345816,1.1854607227681173,3.0724120005747864,0.11168496108071202,180.0,0.14418501398376024,6.935533536880826,-9.740781819670692,-30.805537608122407
 0.4171849863974538,0.26106496931316564,1.2298485865462423,3.067384714741386,-0.035869809511544934,180.0,0.14547722217556092,6.873928337683042,-10.196644068393141,-31.50196415732847
 0.43107177997996887,0.278734319242648,1.27238514956613,3.0630946421962952,-0.18368010115241262,180.0,0.1467738785224418,6.813201436569651,-10.643946765866573,-32.21065358360591
 0.4444296781477024,0.2962766082277055,1.3132521871915082,3.0593913138291393,-0.3317366997834264,180.0,0.1480746835390087,6.75334889192291,-11.083824473871923,-32.930158808059254
 0.4573054835324153,0.31369245790322425,1.3526027425201783,3.0561626362720618,-0.48003011659382916,180.0,0.14937932268820597,6.6943669445286185,-11.517214836632098,-33.65928187099871
 0.4697392808162235,0.33098248791261436,1.3905671465229583,3.053323384338808,-0.6285505819113618,180.0,0.15068746584723552,6.636252022539045,-11.944900011434303,-34.396987906434205
 0.48176572168502374,0.34814731588603764,1.42725750375187,3.05080760211412,-0.7772880389871542,180.0,0.15199876671400492,6.579000748615033,-12.3675373868637,-35.14234843376083
 0.4934150095126558,0.36518755741856135,1.4627710967965177,3.0485634461198208,-0.926232137627135,180.0,0.15331286233419306,6.522609941364144,-12.785682768236336,-35.89450166908858
 0.5047136653907529,0.3821038260482533,1.4971930123551127,3.0465496011187745,-1.075372227692861,180.0,0.15462937208666916,6.467076639485439,-13.199808160795497,-36.65262461546079
 0.5156851321198535,0.3988967332342061,1.5305981962659139,3.044732735888246,-1.224697352437364,180.0,0.15594789759646097,6.412398085594286,-13.610315596950725,-37.4159122286182
 0.5263502562201461,0.4155668883345202,1.5630530825100017,3.0430856630348417,-1.3741962416974416,180.0,0.15726802162439604,6.358571753311075,-14.017548024216202,-38.18356199477326
 0.5367276768121367,0.43211489858423036,1.5946168995484282,3.0415859855181746,-1.5238573049351625,180.0,0.1585893074358964,6.305595352979339,-14.421797970993874,-38.95476175357818
 0.5468341424802708,0.44854136907319986,1.625342728938613,3.040215085978476,-1.6736686240993786,180.0,0.1599112981826854,6.253466836705828,-14.823314508114766,-39.72867966957866
 0.5566847717957825,0.46484690272398377,1.6552783714140848,3.038957361671565,-1.8236179463428666,180.0,0.16123351621968596,6.2021844058617885,-15.222308894251588,-40.50445645219141
 0.5662932692929032,0.4810321002696671,1.6844670616330246,3.0377996380481194,-1.9736926765468015,180.0,0.1625554619038188,6.15174653800118,-15.61895918158957,-41.28119796636662
 0.5756721058795484,0.4970975602316911,1.7129480627586726,3.03673071414881,-2.1238798696904295,180.0,0.1638766133523987,6.102151976070005,-16.013414004620177,-42.057969491896614
 0.5848326705977093,0.5130438788976732,1.740757164715893,3.0357410064565986,-2.2741662230093453,180.0,0.16519642503952234,6.053399761894093,-16.405795706128554,-42.833789573090655
 0.5937853991127515,0.5288716502992347,1.7679271045657015,3.034822267218073,-2.4245380679902158,180.0,0.16651432732322022,6.005489233721639,-16.79620293726292,-43.60762537123817
 0.6025398831556495,0.544581466189836,1.7944879234026125,3.0339673596707555,-2.574981362155888,180.0,0.1678297252331231,5.95842005110212,-17.184712820136767,-44.37838723220037
 0.6111049642642643,0.560173916022642,1.820467271129874,3.033170077178998,-2.725481680656159,180.0,0.1691419977780892,5.912192200259922,-17.57138275653894,-45.14492408171847
 0.6194888144959604,0.575649586928416,1.8458906681403324,3.0324249966134302,-2.8760242076499445,180.0,0.17045049667545892,5.8668060199555745,-17.95625194074234,-45.90601854364679
 0.6276990062620054,0.5910090636934638,1.8707817311369417,3.0317273586168367,-3.0265937274615085,180.0,0.17175454547960364,5.822262212668793,-18.339342624648143,-46.66038197672271
 0.6357425730265527,0.6062529287376328,1.8951623689328423,3.031072969190767,-3.1771746155338945,180.0,0.17305343844533186,5.7785618649577035,-18.720661179326985,-47.4066500398225
 0.6436260622920592,0.621381762092373,1.9190529529779328,3.0304581182879904,-3.327750829130256,180.0,0.17434643940154237,5.7357064671499876,-19.100198976003416,-48.14337711310977
 0.6513555820384063,0.6363961413788868,1.9424724664956803,3.029879512089414,-3.4783058978114814,180.0,0.17563278063876042,5.6936979324878365,-19.47793312157295,-48.869031707700344
 0.6589368415796107,0.6512966417863699,1.9654386354270383,3.0293342163707657,-3.628822913675146,180.0,0.17691166157489474,5.652538623501959,-19.8538270646979,-49.581991103450875
 0.6663751876384898,0.666083836050349,1.9879680438271417,3.0288196087906214,-3.779284521309235,180.0,0.1781822475422899,5.612231374299279,-20.227831085444674,-50.28053518702976
 0.6736756363073416,0.6807582944311528,2.0100762359187505,3.0283333387351825,-3.9296729075096883,180.0,0.1794436684653277,5.572779516560213,-20.59988269516943,-50.962841682889575
 0.6808429014550048,0.6953205846925045,2.031777806643524,3.027873293043856,-4.079969790721419,180.0,0.18069501746933392,5.534186907891424,-20.969906947105766,-51.62697965164294
 0.6878814200525509,0.7097712720802714,2.0530864822613277,3.0274375669381315,-4.230156410172879,180.0,0.1819353493392659,5.496457965050207,-21.33781666838523,-52.27090277316754
 0.6947953748173489,0.7241109193013707,2.074015192304839,3.0270244390473353,-4.380213514750369,180.0,0.18316367920413568,5.459597690683541,-21.703512632379123,-52.892443823296965
 0.701588714515306,0.7383400865028596,2.094576133998987,3.0266323499664085,-4.530121351535837,180.0,0.18437898081654844,5.423611713067066,-22.06688366114653,-53.489306427099145
 0.708265172211284,0.75245933125122,2.114780830089877,3.0262598837496535,-4.679859654046406,180.0,0.1855801849204763,5.388506323714,-22.427806679696754,-54.059058708280034
 0.7148282817161298,0.7664692085118521,2.134640180891113,3.025905751926458,-4.8294076301533515,180.0,0.18676617755802727,5.35428851773392,-22.786146718492173,-54.59912538878788
 0.7212813924439403,0.7803702706288043,2.1541645112400998,3.02556877954136,-4.978743949624102,180.0,0.1879357983400195,5.320966036448084,-23.141756862650105,-55.10677859987507
 0.7276276828638596,0.7941630673047443,2.173363612961699,3.0252478930586433,-5.127846731354217,180.0,0.1890878385105779,5.2885474173108085,-23.494478169817455,-55.579131087390884
 0.7338701727059574,0.8078481455812078,2.1922467833547117,3.024942109744292,-5.276693530208953,180.0,0.19022103890029096,5.257042048456977,-23.844139537232298,-56.013125573198835
 0.7400117340597243,0.8214260498191202,2.2108228601485047,3.024650528387146,-5.425261323482902,180.0,0.19133408811102637,5.226460218733868,-24.190557533521247,-56.40552562036624
 0.7460551014858711,0.83489732167964,2.2291002533183994,3.0243723211031703,-5.5735264969650355,180.0,0.19242562016163306,5.196813185063523,-24.53353619385477,-56.75290548273083
 0.7520028812468386,0.8482625001053201,2.247086974099059,3.0241067261262957,-5.721464830601334,180.0,0.1934942123819318,5.168113235480828,-24.872866780836187,-57.051639539225484
 0.7578575597483678,0.8615221213016263,2.264790661492831,3.0238530414859848,-5.869051483715579,180.0,0.19453838306763047,5.140373761883042,-25.20832750691546,-57.297890224313974
 0.7636215112732335,0.8746767187188257,2.282218606532393,3.0236106192735823,-6.016260979789006,180.0,0.19555658899750328,5.113609340019565,-25.53968322571132,-57.487596376616835
 0.7692970050785627,0.8877268230342693,2.2993777745277164,3.0233788607453436,-6.163067190782661,180.0,0.19654722280147335,5.087835817502601,-25.866685090168918,-57.616460465615084
 0.7748862119197905,0.9006729621351038,2.316274825497545,3.023157211715712,-6.309443320963183,180.0,0.1975086104297151,5.063070403990602,-26.189070173750835,-57.679934334135694
 0.7803912100570334,0.9135156611014215,2.332916132965243,3.022945158712146,-6.455361890245202,180.0,0.19843900831070255,5.03933177510274,-26.506561063997047,-57.673205754293384
 0.7858139907933622,0.9262554421898859,2.349307801275601,3.0227422253209446,-6.60079471699797,180.0,0.19933660029966863,5.016640187986904,-26.818865416864288,-57.59118209870013
 0.7911564635889492,0.9388928248178589,2.3654556815734846,3.022547969027039,-6.745712900304376,180.0,0.2001994948497235,4.995017598574031,-27.125675478612273,-57.4284743202478
 0.7964204607902594,0.9514283255480541,2.381365386568819,3.0223619783411646,-6.890086801674443,180.0,0.2010257214901615,4.974487804780452,-27.4266675776599,-57.17938052336088
 0.8016077420092469,0.9638624580737455,2.3970423041992723,3.0221838702458927,-7.033886026142803,180.0,0.20181322757186362,4.955076592508835,-27.721501572345428,-56.83786597231768
 0.8067199981838253,0.9761957332045673,2.412491610289625,3.0220132878272348,-7.177079402768894,180.0,0.2025598748511065,4.936811896902381,-28.009820270381642,-56.39754507411545
 0.8117830869845714,0.9884286588529346,2.4160993673594775,0.7125604965334,-7.319634964488073,180.0,0.20326343548487358,4.919723990763788,-28.15584859941124,-28.84174755301167
 0.8168291399109564,1.0005617400211069,2.404469660777872,-2.3047135555783336,-7.461519927304071,180.0,0.2039215885573776,4.903845674577163,-28.11800924126308,7.49880326270517
 0.8218655553057455,1.0125954787889466,2.389345958296155,-3.002870354451907,-7.602700668769711,180.0,0.20453191542162344,4.889212512084451,-28.03198910314539,17.079635291142765
 0.8268923594917258,1.0245303743023952,2.374251128924977,-3.0028679878315314,-7.743142705761149,180.0,0.20509189602318126,4.875863061341884,-27.938632935638793,18.571673781716033
 0.8319095785688803,1.0363669227627024,2.3591850940302708,-3.00286566383125,-7.882810671475687,180.0,0.20559890382512672,4.863839161567493,-27.837725155456315,20.11229301147301
 0.8369172383997169,1.0481056174164614,2.3441477756682656,-3.0028633872866153,-8.02166829165884,180.0,0.20605020144429143,4.85318622835884,-27.729044079248755,21.702967030290388
 0.8419153645944314,1.0597469485464615,2.329139096629999,-3.002861163077074,-8.15967835999645,180.0,0.20644293554019488,4.843953596103064,-27.61236170538407,23.345223653631784
 0.8469039824959336,1.0712914034634342,2.314158980485652,-3.0028589962434666,-8.296802712639579,180.0,0.2067741316473931,4.836194895526273,-27.48744348646894,25.040646804701748
 0.851883117164738,1.082739466498706,2.2992073516301845,-3.0028568918096488,-8.433002201867767,180.0,0.20704068855823937,4.829968480899375,-27.354048100268155,26.790877345925935
 0.856852793363743,1.0940916189978127,2.284284135328482,-3.002854854948125,-8.568236668764976,180.0,0.20723937271259082,4.825337902305111,-27.211927192416486,28.597619273489755
 0.8618130355429181,1.1053483393151267,2.2693892577611843,-3.0028528908995504,-8.702464914965626,180.0,0.20736681191051043,4.822372446134495,-27.060825127488226,30.46263861120346
 0.8667638678239157,1.1165101028095348,2.2545226460709475,-3.0028510049306623,-8.835644673363513,180.0,0.2074194891811998,4.821147732778423,-26.900478715278137,32.38776898695117
 0.8717053139846341,1.127577381841225,2.239684228408354,-3.002849202435936,-8.96773257772897,180.0,0.20739373591889537,4.821746402172272,-26.730616922527094,34.37491520222158
 0.8766373974437509,1.1385506457696208,2.224873933978601,-3.0028474887984604,-9.09868413128071,180.0,0.20728572469585274,4.824258889353259,-26.550960590433437,36.42605271846496
 0.8815601412452593,1.1494303609525334,2.2100916930876844,-3.002845869489898,-9.228453674030934,180.0,0.20709146204496426,4.828784297166617,-26.361222111632944,38.543236546731585
 0.8864735680430347,1.160216990746576,2.1953374371887264,-3.002844350024322,-9.356994348949392,180.0,0.20680678065116448,4.835431395679285,-26.161105112353457,40.72860093694617
 0.8913777000854585,1.1709109955088959,2.180611098928426,-3.002842935897371,-9.484258066869012,180.0,0.20642733071007283,4.844319773744011,-25.950304114716026,42.9843641675773
 0.8962725592001428,1.1815128326002975,2.16591261219278,-3.0028416326736234,-9.610195470048827,180.0,0.20594857165114067,4.855581138450015,-25.728504177374504,45.31283375983848
 0.9011581667787865,1.192022956389807,2.151241912152796,-3.002840445907621,-9.734755894367757,180.0,0.20536576276134025,4.869360825066642,-25.495380526142966,47.71640936750289
 0.9060345437622027,1.202441818260743,2.13659893530972,-3.0028393811377496,-9.857887330082763,180.0,0.20467395374635072,4.885819527575475,-25.25059816617045,50.197587431197675
 0.9109017106255726,1.2127698666183795,2.1219836195395363,-3.0028384438960236,-9.979536381062498,180.0,0.20386797433903905,4.905135312410411,-24.993811470747566,52.758966896215014
 0.9157596873639561,1.2230075468992412,2.1073959041368906,-3.0028376396672005,-10.099648222463735,180.0,0.20294242358534179,4.927505951359046,-24.72466375810679,55.403252657470524
 0.9206084934781298,1.2331553015821382,2.0928357298580624,-3.0028369738824625,-10.218166556747294,180.0,0.20189165867464937,4.953151638679194,-24.442786841303903,58.13326211970432
 0.9254481479607964,1.2432135702009943,2.0783030389628254,-3.002836451917427,-10.335033568000703,180.0,0.20070978308212192,4.982318174250841,-24.147800565509655,60.95192887235004
 0.9302786692832301,1.2531827893595553,2.063797775255109,-3.002836079069084,-10.450189874424474,180.0,0.19939063373114554,5.0152807144812055,-23.839312309619327,63.862311187337646
 0.9351000753824246,1.2630633927480648,2.049319884122663,-3.0028358604484318,-10.563574478997834,180.0,0.1979277679153334,5.05234819011229,-23.516916484654523,66.86759387861365
 0.9399123836488182,1.272855811161997,2.0348693125743162,-3.0028358011188168,-10.675124718125181,180.0,0.19631444941452442,5.093868551104291,-23.18019398431901,69.97109945906448
 0.9447156109146674,1.2825604725229272,2.0204460092759184,-3.0028359059641483,-10.784776208283276,180.0,0.1945436335510113,5.140235029782097,-22.82871163263783,73.17629007068112
 0.9495097734431542,1.2921778019016439,2.0060499245844663,-3.002836179606091,-10.892462790508645,180.0,0.19260795168525605,5.191893643280715,-22.462021590945117,76.48677730757899
 0.9542948869183234,1.3017082215436038,1.9916810105789424,-3.002836626568364,-10.99811647264163,180.0,0.19049969453871723,5.249352249206676,-22.079660739758573,79.90632890331277
 0.9590709664359396,1.3111521508968298,1.9773392210897862,-3.0028372509833106,-11.101667369266595,180.0,0.18821079522773598,5.313191513749225,-21.681150040116822,83.43887453545939
 0.9638380264953743,1.3205100066423616,1.963024511724209,-3.002838056811589,-11.203043639169726,180.0,0.18573281070471634,5.384078323080085,-21.26599384928937,87.08851695832892
 0.9685960809926345,1.329782202727373,1.9487368398891725,-3.002839047611553,-11.302171420305944,180.0,0.18305690246317205,5.462782263570657,-20.83367922609913,90.85953585423917
 0.9733451432146599,1.3389691504010819,1.9344761648102482,-3.002840226599986,-11.398974762045349,180.0,0.1801738158761306,5.55019604340011,-20.38367517916371,94.75640155826423
 0.9780852258350152,1.3480712582535663,1.9202424475466584,-3.0028415965717663,-11.493375554702359,180.0,0.17707385900160952,5.647360969249055,-19.915431906529836,98.78377870948903
 0.9828163409111289,1.3570889322576318,1.9060356510019554,-3.0028431598355962,-11.585293456116508,180.0,0.17374687937869873,5.755499054578125,-19.42837997710547,102.94654042201925
 0.9875384998832214,1.3660225758138453,1.8918557399296565,-3.002844918203896,-11.674645815256067,180.0,0.17018224000448398,5.87605381133573,-18.921929496152934,107.24977366192327
 0.9922517135751109,1.3748725897989196,1.8777026809336848,-3.0028468728940476,-11.761347592605263,180.0,0.16636879401404897,6.01074261508174,-18.39546920997701,111.69879419680458
 0.996955992197047,1.3836393726175418,1.8635764424629448,-3.002849024475091,-11.84531127732888,180.0,0.16229485777873032,6.1616246730588395,-17.848365598945442,116.29915126209005
 1.0016513453507978,1.3923233202578627,1.8494769947993908,-3.0028513728069597,-11.926446800933757,180.0,0.15794818216794584,6.3311903073167555,-17.279961900216403,121.05664475418219
 1.0063377820371795,1.4009248263507734,1.8354043100391981,-3.0028539169400132,-12.004661447399467,180.0,0.15331592321608767,6.5224797204565155,-16.689577113672172,125.97733119063092
 1.011015310666263,1.4094442822331577,1.8213583620659992,-3.002856655086089,-12.079859759541433,180.0,0.1483846090375426,6.739243419423582,-16.076504946310052,131.06753928778238
 1.0156839390705006,1.4178820770153007,1.8073391265160754,-3.0028595844549804,-12.15194344150397,180.0,0.14314010765501062,6.986162134306562,-15.440012723460475,136.33387961908542
 1.0203436745210435,1.426238597652656,1.7933465807338242,-3.002862701276525,-12.220811257185636,180.0,0.13756759156535556,7.269153938229125,-14.779340246373877,141.78325874908333
 1.0249945237475173,1.4345142290221469,1.7793807037183407,-3.0028660004685044,-12.286358924467454,180.0,0.13165149930501518,7.595811709543559,-14.093698610719098,147.42289037277916
 1.0296364929615867,1.442709354003247,1.765441476057508,-3.0028694758647645,-12.348479005013278,180.0,0.12537549616127192,7.9760402201215514,-13.382268964116546,153.26031125891168
 1.0342695878846215,1.4508243535640375,1.7515288798518434,-3.0028731197571052,-12.407060789556335,180.0,0.11872243287964152,8.423007983788375,-12.644201233995444,159.30339058057461
 1.0388938137798325,1.4588596068524864,1.7376428986245174,-3.002876922969298,-12.461990178383745,180.0,0.11167430159313085,8.954611631629945,-11.878612782368254,165.56034868886215
 1.04350917548926,1.4668154912931948,1.7237835172175815,-3.00288087467252,-12.51314955694148,180.0,0.10421218923727346,9.595806472534319,-11.084587033175314,172.0397661511611
 1.0481156774760318,1.4746923826898644,1.7099507216732188,-3.002884962187228,-12.56041766630252,180.0,0.09631622786363638,10.382466404475378,-10.261172033959161,178.7506011243885
 1.0527133238723432,1.4824906553337684,1.6961444990986285,-3.0028891707868124,-12.603669468320502,180.0,0.08796554279508155,11.36808764233435,-9.40737896952763,185.70220300467813
 1.0573021185336426,1.4902106821185024,1.6823648375122016,-3.002893483694213,-12.642776005320343,180.0,0.07913819907080356,12.636122779409188,-8.522180634852155,192.90432455846715
 1.0618820650995484,1.4978528346613211,1.6686117256713828,-3.0028978816478404,-12.677604254066084,180.0,0.06981114261058706,14.324360877146667,-7.604509844069183,200.36713913090944
 1.0664531670620652,1.505417483431385,1.654885152878729,-3.002902342851331,-12.708016973887538,180.0,0.059960139954466654,16.677746262090007,-6.653257807601014,208.10125091684233
 1.0710154278417015,1.5129049978852291,1.6411851087655576,-3.0029068426604906,-12.733872548715313,180.0,0.049559713232952746,20.17767930374323,-5.667272450356503,216.11771112371963
 1.0755688508721701,1.5203157466098454,1.6275115830503968,-3.0029113534292833,-12.755024822863122,180.0,0.038583074653581184,25.91810033229642,-4.645356692376329,224.42802944996495
 1.080113439694359,1.5276500974737046,1.6138645652714256,-3.0029158440780788,-12.771322930392705,180.0,0.027002052626239503,37.03422157722337,-3.5862666937014036,233.04418509853602
 1.0846491980603605,1.53490841778614,1.600244044489084,-3.002920279977087,-12.782611117840048,180.0,0.014787019649004494,67.62687977271491,-2.4887100538587648,241.97863979473598
 1.0891761300483853,1.542091074465492,1.5866500089580544,-3.0029246224573787,-12.788728560187613,180.0,0.0019068078856282163,524.4366816065166,-1.3513439927410835,251.24434476294013
 1.0936942401894596,1.5491984342164462,1.573082445764409,-3.0029288286494467,-12.789509169889847,180.0,0.011671343482666968,85.67993920195161,-0.17277349995074112,260.85475032490257
 1.09820353360688,1.5562308637170272,1.5595413404266631,-3.0029328509503115,-12.784781398810381,180.0,0.02598194126032655,38.4882711411161,1.0484505313412082,270.82381168057833
 1.1027040161694697,1.563188729815719,1.5460266764567008,-3.0029366366850057,-12.774368033010127,180.0,0.041061256492715935,24.35385775828353,2.3138331624291975,281.16598908892956
 1.1071956946597783,1.5700723997392287,1.5325384348773299,-3.00294012772141,-12.758085980185943,180.0,0.056947458212475016,17.560046249455574,3.6249372833149334,291.8962529741636
 1.1116785769584434,1.5768822413114154,1.5190765936938528,-3.002943259849947,-12.735746049804021,180.0,0.07368070444504433,13.572074365085127,4.983385441231479,303.03007471801266
 1.1161526722460469,1.5836186231839549,1.5056411273144306,-3.0029459624269608,-12.707152725770833,180.0,0.09130324456032754,10.95251329583651,6.390861659207959,314.58342469285975
 1.1206179912238912,1.5902819150793195,1.4922320059162792,-3.0029481577203616,-12.672103931772623,180.0,0.10985952721945005,9.10253325596831,7.849113170215135,326.57275286326114
 1.1250745463552567,1.5968724880467093,1.4788491947524494,-3.0029497603744857,-12.630390789204665,180.0,0.1293963129945572,7.7281954706241365,9.35995210165333,339.0149761201874
 1.129522352128798,1.6033907147315622,1.4654926533950567,-3.002950676678992,-12.581797367912609,180.0,0.14996278974129937,6.668320866296892,10.925257029235228,351.9274463137392
 1.1339614253459154,1.609836969659364,1.4521623349091322,-3.002950803902503,-12.526100429800652,180.0,0.17161069290621558,5.827142720917135,12.546974421865016,365.327921687875
 1.138391785434039,1.616211629534442,1.4388581849512256,-3.002950029630879,-12.463069165661441,180.0,0.19439442841563723,5.144180356146253,14.227119892167723,379.2345174846198
 1.1428134547879685,1.6225150735545355,1.4255801407881958,-3.0029482306789874,-12.392464925459343,180.0,0.21837120098586926,4.579358429524366,15.967779259512778,393.66565611654875
 1.1472264591415429,1.6287476837419024,1.4123281302268962,-3.0029452725479313,-12.314040942593147,180.0,0.24360114389193638,4.105071035477604,17.771109335678716,408.63999481561774
 1.1516308279721488,1.6349098452918314,1.3991020704506398,-3.0029410081073613,-12.227542052555643,180.0,0.2701474510551474,3.7016821594806077,19.63933843061143,424.17635007095964
 1.1560265949407391,1.6410019469394068,1.385901866751845,-3.0029352768506588,-12.132704406830667,180.0,0.29807651167702487,3.354843339966119,21.57476645205069,440.2935904629906
 1.1604137983702787,1.6470243813454475,1.3727274111546504,-3.002927903568236,-12.029255182729681,180.0,0.32745804584089244,3.0538263227952163,23.579764595470763,457.01052518334916
 1.1647924817657764,1.6529775455025835,1.3595785809170762,-3.0029186972262263,-11.916912290219635,180.0,0.35836523890845556,2.7904492161290513,25.6567745056789,474.3457616377944
 1.1691626943793119,1.6588618411624603,1.3464552369035672,-3.0029074495971586,-11.79538407695807,180.0,0.3908748760293374,2.5583634593207885,27.808306828177354,492.3175398457108
 1.1735244918237608,1.6646776752851173,1.3333572218165624,-3.0028939339386196,-11.664369032947835,180.0,0.4250674724615884,2.352567685805142,30.036939055244726,510.9435400086325
 1.1778779367392194,1.6704254605116164,1.3202843582766952,-3.0028779033006883,-11.523555496472811,180.0,0.46102739911565127,2.1690684803510876,32.34531255351639,530.2406583978888
 1.182223099516481,1.6761056156610608,1.3072364467376523,-3.0028590890363915,-11.372621363361644,180.0,0.49884300287589867,2.004638722473528,34.73612862123588,550.2247419200604
 1.1865600590822571,1.6817185662531504,1.2942132632230952,-3.0028371989736806,-11.211233801771659,180.0,0.538606715107783,1.85664228081502,37.21214347109205,570.9102914850686
 1.1908889037512587,1.6872647450575082,1.2812145568709177,-3.0028119154424937,-11.039048975236257,180.0,0.5804151492648788,1.7229047196072393,39.77616193262865,592.3101098769663
 1.1952097321506594,1.6927445926710025,1.2682400472683217,-3.002782893297824,-10.855711777041058,180.0,0.624369182099882,1.6016165253973527,42.431029711947566,614.4349031975277
 1.1995226542229362,1.6981585581243477,1.255289421560788,-3.002749757705916,-10.660855579438842,180.0,0.6705740147266989,1.491259693991517,45.17962400821916,637.2928261188291
 1.2038277923136087,1.7035070995193144,1.2423623313163765,-3.002712101713843,-10.454102001750982,180.0,0.7191392094844244,1.3905513519655455,48.02484225437815,660.8889624988942
 1.2081252823509199,1.708790684697865,1.2294583891243782,-3.0026694838068733,-10.235060702039798,180.0,0.7701786956928961,1.2983999759956275,50.96958871561072,685.2247324987449
 1.2124152751251247,1.7140097919445791,1.2165771649070953,-3.0026214250839787,-10.003329197547862,180.0,0.8238107405618404,1.2138710395035615,54.01675869603025,710.297229109981
 1.2166979376757159,1.7191649107237532,1.2037181819199048,-3.0025674064410057,-9.75849271988379,180.0,0.8801578746971379,1.136159805812224,57.16922002885193,736.0984657515247
 1.2209734547956106,1.724256542452536,1.1908809124142117,-3.002506865417302,-9.500124111736195,180.0,0.939346768149241,1.0645695859158186,60.42979150881231,762.614530249075
 1.2252420306621128,1.729285201311461,1.178064772934595,-3.00243919293828,-9.22778377263403,180.0,1.0015080443168765,0.9984942264563584,63.801217928294314,789.824645249811
 1.229503890605333,1.7342514150937365,1.1652691192200455,-3.0023637296914796,-8.941019662371465,180.0,1.066776023771475,0.9374038952099849,67.28614128175356,817.7001121313326
 1.2337592830256574,1.7391557260945787,1.152493240674709,-3.002279762570676,-8.639367371514576,180.0,1.13528838520501,0.88083346313758,70.88706776281238,846.2031524661011
 1.2380084814729078,1.7439986920418566,1.1397363543733343,-3.0021865205259277,-8.322350269686327,180.0,1.2071857310901402,0.8283729456418918,74.60633005582247,875.2856189658115
 1.2422517869009304,1.7487808870691965,1.1269975985604148,-3.0020831705380386,-7.989479743455281,180.0,1.28261104408072,0.77965958940945,78.44604445222826,904.8875838746976
 1.2464895301126035,1.7535029027326168,1.1142760256008746,-3.001968813140409,-7.6402555367522895,180.0,1.3617090177931013,0.7343712841240363,82.40806232454808,934.9358076738079
 1.2507220744116143,1.7581653490716267,1.1015705943348615,-3.001842477817094,-7.2741662082953304,180.0,1.444625245530565,0.6922210470112141,86.49391538383236,965.342066293129
 1.254949818478838,1.7627688557155328,1.0888801617854906,-3.0017031181607936,-6.890689721695114,180.0,1.531505248044088,0.6529523821593934,90.70475423836378,996.0013632747459
 1.2591731994928204,1.7673140730354977,1.076203474163702,-3.0015496067770124,-6.489294185472403,180.0,1.6224933208242314,0.6163353569258436,95.04127969837452,1026.7900162579938
 1.2633926965157207,1.7718016733426545,1.0635391571083819,-3.001380730117243,-6.06943876146392,180.0,1.7177311794164714,0.5821632697729274,99.50366636824555,1057.563649328922
 1.267608834168097,1.7762323521322516,1.0508857050954736,-3.0011951829362706,-5.6305747618146365,180.0,1.8173563815002687,0.5502498080065493,104.09147799098129,1088.1550843459454
 1.2718221866182196,1.7806068293734494,1.0382414699417435,-3.0009915627549018,-5.172146955903976,180.0,1.9215005027135965,0.5204266137780199,108.8035741935945,1118.372188986058
 1.2760333819141743,1.7849258508439747,1.0256046483225776,-3.0007683641043426,-4.693595109964808,180.0,2.0302870440153504,0.49254119162494114,113.6380082868318,1147.995700384944
 1.2802431066898978,1.7891901895083253,1.0129732682150592,-3.000523972579022,-4.194355783309386,180.0,2.1438290482320217,0.466455103229748,118.59191592153721,1176.7770813126222
 1.2844521112795797,1.7934006469376602,1.0003451741669724,-3.0002566590313915,-3.673864406024865,180.0,2.2622264059892694,0.44204240448811355,123.6613945635686,1204.4364728085382
 1.2886612152785937,1.7975580547688534,0.987718011283908,-2.9999645734632514,-3.131557663539513,180.0,2.385562831809248,0.4191882882588276,128.8413739865759,1230.6608304809643
 1.2928713135933783,1.8016632761994325,0.9750892078132052,-2.999645738997192,-2.5668762138695107,180.0,2.513902497268634,0.3977879019120687,134.12547818349356,1255.1023282191568
 1.2970833830276214,1.8057172075143042,0.96245595618967,-2.9992980459509746,-1.9792677629051036,180.0,2.647286311533322,0.3777453143784794,139.50587950599518,1277.3771673278331
 1.3012984894577744,1.8097207796392174,0.9498151923931104,-2.9989192458185987,-1.3681905221612642,180.0,2.785727847226909,0.3589726114112201,144.97314619921934,1297.064922041769
 1.3055177956575412,1.8136749597148631,0.9371635734482231,-2.998506945427762,-0.7331170718325372,180.0,2.9292089207921888,0.3413891009623019,150.51608493449,1313.7085750204503
 1.3097425698387677,1.8175807526843863,0.9244974528767214,-2.9980586010456833,-0.07353864903329144,180.0,3.0776748439187913,0.32492061400700273,156.12158058771513,1326.8154492455812
 1.3139741949853214,1.8214392028858373,0.911812853885056,-2.9975715126836904,0.6110301225314688,180.0,3.2310293828244427,0.3094988876658986,161.77443602779385,1335.859213494477
 1.3182141790673652,1.825251395639695,0.899105440042161,-2.9970428183234628,1.3210460506145665,180.0,3.3891294735152626,0.29506102018663305,167.45721548578538,1340.28320579269
 1.3224641662364836,1.8290184588202334,0.8863704831654491,-2.9964694880134397,2.0569317357773844,180.0,3.551779765791991,0.28154898837794795,173.1500957249872,1339.5052767612733
 1.3267259491176515,1.8327415643979272,0.8736028280899907,-2.995848317819364,2.8190694802902048,180.0,3.7187270888777113,0.2689092197679378,178.8307301811566,1332.9244155705583
 1.331001482332905,1.8364219299385562,0.86079685394533,-2.9951759230810437,3.60779475872858,180.0,3.8896549582382303,0.2570922127377944,184.4741319338821,1319.9293441556879
 1.3352928974144713,1.8400608200430562,0.847946431500119,-2.994448731004817,4.423389276703113,180.0,4.064178269874558,0.2460521988940375,190.05258230039556,1299.9092980950893
 1.339602519293108,1.843659547710567,0.8350448760598265,-2.993662971743991,5.266073658083833,180.0,4.24183835812882,0.2357468426593051,195.5355725192514,1272.2671207039416
 1.3439328845818113,1.8472194756055795,0.8220848953088034,-2.992814667352025,6.13599981735139,180.0,4.422098619425984,0.2261369738809231,200.88978672006334,1236.434767935084
 1.3482867619175383,1.8507420172085973,0.8090585313721523,-2.9918996177865185,7.033243091151638,180.0,4.604340933676868,0.21718634966534384,206.07913466869093,1191.8911692906286
 1.3526671746764103,1.8542286378284392,0.7959570962302793,-2.9909133826116183,7.957794222823701,180.0,4.787863136673318,0.20886144224557254,211.06484310171243,1138.1823374802912
 1.3570774264437604,1.857680855453179,0.7827710994408958,-2.989851256792597,8.9095513139689,180.0,4.9718778146415135,0.20113125005910928,215.80561413550805,1074.9434009397046
 1.3615211297031666,1.861100241415917,0.7694901669007812,-2.988708238337503,9.888311878162046,180.0,5.155512700785431,0.19396712956359358,220.25785860506087,1001.9220928239234
 1.366001337833635,1.8644884208510941,0.7562549186354064,-2.9541592443811133,10.893765152745184,180.0,5.3378129495913065,0.18734264565725664,224.42110841801562,929.2536622666832
 1.3705185524708077,1.8678470729170629,0.7435227979494453,-2.8185777539077423,11.925484844026215,180.0,5.517745549648092,0.18123343873002218,228.39731430756314,880.2339957076478
 1.3750713751329207,1.8711779307610923,0.7316028080222995,-2.618153794203286,12.982922498779963,180.0,5.694206096749989,0.17561710675887857,232.25979424882453,848.3703908354717
 1.3796583199912953,1.8744827812041038,0.7204905541817664,-2.4225828266160234,14.06540170807424,180.0,5.866028101393137,0.17047310082993086,235.99132815340872,813.5118297250391
 1.3842778133023723,1.8777634641241219,0.7101824159267275,-2.2314434854405345,15.172113358743065,180.0,6.031994924752248,0.16578263285608996,239.57425114461202,775.6095203367569
 1.3889281936310651,1.8810218715199094,0.7006754642589528,-2.0443385262742715,16.30211214958091,180.0,6.190854348785151,0.16152859422322427,242.9906181792839,734.6425008709311
 1.3936077129340243,1.8842599462393845,0.6919673816555197,-1.8608925489261938,17.454314584315064,180.0,6.3413356723764585,0.15769548430563418,246.22239169000449,690.6208312201833
 1.398314538560361,1.8874796803613367,0.684056384824709,-1.680749927625383,18.62749863938484,180.0,6.482169099953179,0.1542693478957874,249.25165030658926,643.5884515531636
 1.4030467562134432,1.8906831132235415,0.6769411504389189,-1.5035729350182796,19.820305280683442,180.0,6.612107057602352,0.1512377206370604,252.06081561394478,593.6255500686597
 1.4078023739003858,1.8938723290956332,0.6706207441460743,-1.3290400341050246,21.031241970215927,180.0,6.729946935640321,0.14858958169554348,254.63289297988428,540.8503238184225
 1.4125793268762328,1.89704945450085,0.6650945532185226,-1.1568443222055842,22.258688260215497,180.0,6.834554635277005,0.14631531290106806,256.95172135997996,485.4199720658688
 1.4173754835678016,1.9002166551969697,0.660362223295843,-0.9866921009896371,23.500903520654354,180.0,6.924888186487688,0.14440666377130362,259.00222622470716,427.5308328295092
 1.4221886524388492,1.9033761328331549,0.6564235996767651,-0.8183015648525794,24.756036786324042,180.0,7.000020634452303,0.1428567217471127,260.77066882478147,367.4175262604877
 1.427016589734264,1.9065301213058932,0.6532786736343352,-0.651401592439223,26.022138646029628,180.0,7.059161347015456,0.1416598871794863,262.2448847684998,305.35109582272923
 1.4318570080169901,1.9096808828434764,0.650927534264384,-0.48573061926107863,27.297175029322485,180.0,7.101674907717327,0.1408118525551358,263.4145044536807,241.63607706277983
 1.4367075853893767,1.9128307038543344,0.6493703262604085,-0.3210355972961913,28.579042681044395,180.0,7.127096813398722,0.14030958554120254,264.27114821821846,176.60655603897916
 1.4415659752701186,1.9159818905797483,0.6486072140700027,-0.15707100688454317,29.865586052810542,180.0,7.135145296892489,0.14015131555001714,264.8085895423598,110.62128345682406
 1.4464298165815856,1.9191367645958728,0.6486383527123982,0.006402067913308518,31.154615286875398,180.0,7.125728752290497,0.14033652342976985,265.02288037766317,44.05794136378744
 1.4512967441899174,1.9222976582133176,0.6494638654648563,0.1696168134995312,32.443924926439585,180.0,7.098948417310941,0.14086593410954756,264.91243415188865,-22.69321318555281
 1.4561643994322735,1.9254669098247592,0.6510838285884102,0.33280153233895016,33.73131295716395,180.0,7.055096182332578,0.1417415119731758,264.47806317959817,-89.23618265130631
 1.4610304405635013,1.9286468592519652,0.6534982630538609,0.49618044737767086,35.01459977180658,180.0,6.994647613721168,0.14296645881607148,263.7229690491407,-155.17627370875036
 1.4658925529573663,1.9318398431432566,0.6567071331630041,0.6599744821185326,36.29164665298045,180.0,6.918250491983661,0.1445452143079704,262.65268626558975,-220.12711695054048
 1.4707484589055544,1.9350481904708068,0.6607103518442959,0.8244020217866007,37.56037338803177,180.0,6.826709359481774,0.1464834589173006,261.2749811442979,-283.7174228643989
 1.4755959268705936,1.9382742181743604,0.665507792278423,0.9896796572410778,38.81877466404243,180.0,6.7209667322959925,0.14878811930354305,259.59970959817974,-345.59723925985423
 1.4804327800658954,1.9415202269940735,0.6710993054050096,1.156022914240562,40.06493493756304,180.0,6.602081748416138,0.15146737621658554,257.63863884292493,-405.443513803491
 1.4852569042563248,1.9447884975304028,0.6774847427877788,1.3236469731515719,41.29704153041697,180.0,6.47120709202765,0.15453067500064596,255.40523921384445,-462.96478716517385
 1.4900662546949113,1.9480812865635262,0.6846639842887333,1.4927673898233598,42.51339576600183,180.0,6.3295650517639235,0.15798873885043965,252.9144530258805,-517.9049062384411
 1.4948588621351848,1.9514008236588423,0.6926369698926572,1.663600806718447,43.71242202662873,180.0,6.178423545205763,0.16185358492879054,250.18244777387227,-570.0456976823326
 1.4996328378824213,1.9547493080789229,0.701403735035513,1.8363656639710884,44.89267467897931,180.0,6.019072867875424,0.16613854358486507,247.22636117994324,-619.2085486903036
 1.5043863778699613,1.9581289060160851,0.7109644488151671,2.011282918564817,46.05284287694954,180.0,5.852803826329498,0.17085828086384636,244.06404511401098,-665.2549624535194
 1.5091177657683283,1.9615417481536934,0.7213194544429941,2.1885767665341667,47.1917533081198,180.0,5.680887789145723,0.1760288245634187,240.7138149808733,-708.0861271792978
 1.5138253751541644,1.9649899275586107,0.7324693113434463,2.3684753739337925,48.30837099879583,180.0,5.504559054891401,0.18166759408483243,237.19421030038072,-747.6416142516346
 1.5185076707825995,1.9684754979019539,0.7444148383488732,2.5512116178403788,49.40179833220328,180.0,5.324999797564516,0.18779343436921217,233.52377128158287,-783.8973251726392
 1.523163209020284,1.9720004720006539,0.7571571575047799,2.737023842434212,50.47127246421135,180.0,5.143327719437773,0.19442665421080965,229.7208351445079,-816.862829369952
 1.5277908096027548,1.9755668206683055,0.7706690765751927,2.919854215939795,51.51616134089748,180.0,4.960586420588914,0.20158906935871532,225.79495746546027,-848.3613935737501
 1.5323919505958992,1.9791764718604523,0.7845121889386106,3.0086259873461922,52.535958532551355,180.0,4.7777384028458245,0.20930405051150508,221.64006562140787,-903.0133721707645
 1.536970333474561,1.9828313100967838,0.798281474746323,3.0074561635912858,53.53027710219403,180.0,4.595660530096635,0.21759657691230136,217.17680587109172,-974.855067521273
 1.5415293515587447,1.9865331761407692,0.8119875761905879,3.0063713701453803,54.4988427200792,180.0,4.415141725437721,0.22649329561461792,212.4504882411767,-1036.6963987951058
 1.546072117929502,1.9902838669158642,0.8256402528729977,3.0053662390156486,55.44148622657247,180.0,4.236882633037742,0.23602258703187734,207.50428914003678,-1088.8077214314978
 1.5506014902168368,1.9940851356366724,0.8392484608601313,3.0044357416115983,56.35813582957994,180.0,4.061496960075846,0.24621463707345123,202.37894897062236,-1131.5784714244285
 1.5551200927178266,1.9979386921331281,0.8528204230426506,3.003575149517229,57.24880910517331,180.0,3.8895142029275602,0.25710151649461,197.11255313966413,-1165.492169272394
 1.5596303362203112,2.0018462033459756,0.8663636920478672,3.002780004617449,58.11360494915828,180.0,3.721383475140144,0.26871726783339384,191.74038907401862,-1191.1028889429144
 1.5641344358414957,2.0058092939723093,0.8798852067333951,3.002046096389852,58.95269560707564,180.0,3.557478168581539,0.28109800049699996,186.29487100392,-1209.0136826650757
 1.5686344271380912,2.0098295472407584,0.8933913431100543,3.0013694441758916,59.766318889029655,180.0,3.3981012016649057,0.2942819947534371,180.80552346169236,-1219.8573686977245
 1.5731321807022838,2.013908505796976,0.906887960401184,3.000746283339914,60.55477065520847,180.0,3.24349064220454,0.30830981504553334,175.29901425809976,-1224.2798821684971
 1.5776294154235646,2.0180476726812566,0.9203804428294682,3.0001730539964897,61.31839763988127,180.0,3.093825515412189,0.3232244336399722,169.79922819223356,-1222.9261772442815
 1.5821277105687739,2.022248512381472,0.933873737629132,2.9996463913743523,62.0575906636697,180.0,2.9492316458506505,0.3390713650475457,164.32737291053013,-1216.4286924416256
 1.5866285168100294,2.026512451945867,0.9473723897088326,2.9991631179251317,62.77277826948728,180.0,2.809787403242403,0.3558988124318703,158.90210941808652,-1205.3981446066891
 1.5911331663117263,2.030840882141678,0.9608805733233037,2.9987202354772347,63.464420803419195,180.0,2.6755292551814436,0.3737578268162813,153.53970018563433,-1190.416530838223
 1.5956428819724977,2.035235158646943,0.9744021210670419,2.9983149184676843,64.1330049507484,180.0,2.546457052761501,0.3927024800656079,148.25416891468493,-1172.0320455958233
 1.6001587859053927,2.0396966032642205,0.9879405504575461,2.997944507164277,64.77903872812558,180.0,2.4225389944821196,0.4127900530301994,143.05746689412507,-1150.755662162275
 1.604681907228983,2.0442265051462574,1.0014990883421877,2.9976065010520516,65.40304692465499,180.0,2.3037162350101257,0.43408124004283216,137.95964155878224,-1127.059163492947
 1.609213189233281,2.048826122024872,1.015080693333997,2.997298552358265,66.00556697893346,180.0,2.1899071198393347,0.4566403711557257,132.9690038507809,-1101.3743358430702
 1.6137534959769095,2.053496681435495,1.0286880764559376,2.997018459388473,66.58714527430786,180.0,2.081011037943075,0.48053565395233355,128.0922916035431,-1074.0931224705025
 1.6183036183656236,2.0582393819308575,1.0423237201544207,2.9967641600815367,67.14833383118822,180.0,1.9769118964209886,0.5058394366539071,123.33482683285726,-1045.5685285490365
 1.6228642797569126,2.063055394278335,1.0559898958244085,2.996533725588738,67.68968737277234,180.0,1.8774812291518357,0.5326284942149629,118.70066535045326,-1016.1161035229273
 1.6274361411307339,2.0679458626363134,1.0696886799720873,2.996325353633597,68.21176073973943,180.0,1.782580952498559,0.5609843404858262,114.1927377668344,-986.0158073539842
 1.6320198058624429,2.072911905705775,1.0834219691304119,2.9961373621678855,68.71510662758509,180.0,1.692065792937916,0.590993567846857,109.81298094592239,-955.5142178295864
 1.6366158241304662,2.0779546178540187,1.097191493630035,2.995968183030125,69.20027362172347,180.0,1.6057854051265275,0.6227482182908527,105.56245990445781,-924.8268378386198
 1.6412246969882114,2.083075070208061,1.1109988303187013,2.9958163557198523,69.66780450434446,180.0,1.5235862081869131,0.6563461881097051,101.44147973952447,-894.1405615058571
 1.6458468801270028,2.0882743117158475,1.1248454143134434,2.9956805212964404,70.1182348090669,180.0,1.445312962507317,0.6918916704830547,97.44968799315669,-863.6160936305057
 1.650482787354444,2.0935533701738795,1.1387325498628746,2.9955594165536916,70.55209159959703,180.0,1.3708101127214607,0.729495639636555,93.58616754925495,-833.3903709358957
 1.6551327938104816,2.098913253220309,1.1526614203880137,2.9954518680407225,70.96989245016923,180.0,1.2999229204210143,0.7692763811535254,89.84952053770219,-803.5788867994197
 1.6597972389415372,2.1043549492929245,1.1666330977686703,2.995356786948594,71.37214460686532,180.0,1.2108046624063582,0.8258970509847525,86.23794371980615,-774.2779079660314
 1.6691705918694826,2.1154875849090398,1.1876897948571596,2.2464423616987297,71.94706168999953,180.0,0.6110137095417896,1.6366244887531547,61.33526471836674,-2656.7525188553855
 1.6793921416425066,2.1279280506719687,1.2170821489086587,2.8755281443787766,72.35969212969489,180.0,0.13233446702272952,7.556610326078102,40.36867685019264,-2051.2141831474114
 1.689303227517784,2.1402899607882784,1.247281102381105,3.0469873687378617,72.45372050736138,180.0,0.13480268472779494,7.418249881441792,9.4871923066507,-3115.8527866834575
 1.6989257006578085,2.1525738314144314,1.2765814409040481,3.044990419465954,72.54889790121086,180.0,0.13731124757840568,7.282724595659894,9.891157134395225,41.981393126912614
 1.7082789017580888,2.164780179297867,1.3050449522645116,3.0431839383428,72.64523453367786,180.0,0.1398605457209432,7.149979251441292,10.29985685479481,43.69624003779125
 1.7173800509353425,2.176909521783716,1.3327264776808034,3.0415417742493154,72.74274058710519,180.0,0.14245095910888023,7.019959754961461,10.713597978486748,45.46031667363417
 1.7262445629025625,2.1889623768214697,1.359674969397514,3.040042341458102,72.84142619765427,180.0,0.14508285730724638,6.892613080277773,11.132661438555502,47.27428442969099
 1.7348863042345284,2.2009392629716067,1.3859343493462766,3.0386676643084223,72.94130144898398,180.0,0.14775659817564238,6.767887271005469,11.557306275792333,49.138804428924914
 1.743317805233416,2.2128406994121628,1.4115442128425688,3.037402652228963,73.04237636561403,180.0,0.15047252702561736,6.645731415341711,11.987772597475189,51.05453011743109
 1.7515504358289968,2.224667205945246,1.4365404102342927,3.0362345427160737,73.14466090620108,180.0,0.1532309760332163,6.52609560995831,12.424284000056629,53.02210484407641
 1.7595945527136017,2.2364193030034762,1.460955531454546,3.035152468629583,73.24816495648561,180.0,0.15603226302254938,6.408930952026777,12.867049518215724,55.042153726840695
 1.767459623267099,2.2480975116563626,1.4848193126117037,3.034147118559103,73.35289832204236,180.0,0.15887669028090912,6.294189526682012,13.316265231744516,57.11528084500721
 1.7751543306012745,2.259702353616587,1.5081589794432109,3.0332104676477436,73.4588707207702,180.0,0.1617645441254425,6.181824363344643,13.772115575748835,59.24206395475095
 1.7826866631291944,2.2712343512462074,1.5309995392363496,3.032335562520111,73.56609177517048,180.0,0.16469609306245173,6.071789448100668,14.2347744211848,61.42305105636764
 1.7900639913616332,2.2826940275627616,1.5533640303768799,3.0315163479092186,73.6745710043387,180.0,0.16767158763918852,5.964039668735611,14.704405951633106,63.65875499253137
 1.7972931340917608,2.2940819062452604,1.5752737368207583,3.03074752592298,73.78431781575547,180.0,0.17069125833095802,5.8585308338466415,15.181165390385194,65.94965081615871
 1.8043804157096668,2.305398511640074,1.5967483733428092,3.030024440935912,73.8953414967867,180.0,0.17375531517712287,5.7552196258319865,15.66519958099666,68.29617005602779
 1.8113317160599833,2.3166443687666898,1.6178062462951297,3.029342984922469,74.00765120596287,180.0,0.17686394611513448,5.6540636006675005,16.156647463960017,70.69869782579268
 1.8181525139970285,2.3278200033233394,1.6384643937262005,3.028699518992069,74.12125596395462,180.0,0.18001731589834244,5.555021165656696,16.655640445637616,73.1575669420531
 1.824847925586255,2.3389259416924855,1.658738708015553,3.028090808035654,74.23616464436479,180.0,0.1832155649878385,5.458051558372664,17.162302702204943,75.67305606463168
 1.8314227377363277,2.3499627109461554,1.6786440436245833,3.0275139661306656,74.3523859641509,180.0,0.18645880797099548,5.363114839581912,17.676751385942676,78.2453813120806
 1.837881437913747,2.3609308388511097,1.6981943121157423,3.026966410286434,74.46992847394095,180.0,0.189747132509638,5.270171869128014,18.199096809137792,80.87469751596899
 1.844228240484686,2.371830853873848,1.7174025662383055,3.0264458217929513,74.5888005478958,180.0,0.1930805978140302,5.179184295685535,18.729442522625423,83.56108568998188
 1.8504671101413153,2.3826632851854233,1.7362810745796995,3.0259501128275668,74.70901037350951,180.0,0.19645923331165058,5.090114540015856,19.26788540709027,86.30455741172712
 1.8566017827983137,2.3934286626660635,1.754841388050122,3.025477398414876,74.83056594095898,180.0,0.19988303717532058,5.00292578165542,19.81451566300024,89.10504055768541
 1.8626357842863053,2.4041275169095937,1.7730943992675927,3.0250259722004573,74.95347503233172,180.0,0.2033519749908885,4.91758194158088,20.369416815249576,91.96238240140646
 1.8685724471201772,2.4147603792276366,1.791050395750382,3.02459428558759,75.07774521053146,180.0,0.20686597817157923,4.8340476710509535,20.93266565362483,94.87633947503427
 1.8744149255796676,2.4253277816535865,1.8087191076904132,3.024180929812511,75.20338380788,180.0,0.21042494256799696,4.752288335195144,21.504332145968156,97.84657253031457
 1.8801662093057327,2.435830256946342,1.8261097509687771,3.023784620388059,75.33039791456982,180.0,0.21402872676763762,4.6722700036694595,22.0844793509608,100.87264559099799
 1.8858291355877883,2.4462683385937867,1.8432310659809017,3.0234041835186605,75.45879436674278,180.0,0.21767715059012158,4.593959436206352,22.673163268931482,103.95401399380354
 1.8914064004929847,2.4566425608160047,1.8600913527618723,3.0230385444416923,75.5885797343536,180.0,0.2213699937240678,4.517324065367573,23.2704326971985,107.09002323173397
 1.8969005689684453,2.466953458568213,1.8766985028328236,3.02268671685738,75.7197603088747,180.0,0.2251069939399479,4.4423319884355585,23.87632907636714,110.27990529865346
 1.9023140840302328,2.4772015675434096,1.8930600281386731,3.022347794197684,75.85234209051518,180.0,0.22888784538659027,4.368951956845964,24.4908862591583,113.52276215672615
 1.9076492751381773,2.4873874241747083,1.909183087393302,3.0220209414093113,75.9863307754904,180.0,0.23271219714359626,4.297153360564701,25.11413035902598,116.81757733844407
 1.9129083658432209,2.4975115656373585,1.9250745101127416,3.021705388005435,76.12173174281939,180.0,0.23657965151988267,4.226906217739347,25.74607948844085,120.16319262354834
 1.9180934807832128,2.5075745298504315,1.9407408185803017,3.021400421951765,76.25855004098636,180.0,0.2404897622106935,4.158181166663961,26.38674354385536,123.55831313847487
 1.923206652093886,2.5175768554781577,1.9561882479563202,3.021105384005787,76.39679037436,180.0,0.24444203305616383,4.090949447185446,27.03612395795819,127.00149763168058
 1.9282498252937976,2.5275190819309006,1.9714227647222315,3.0208196629412294,76.5364570894222,180.0,0.24843591597624623,4.025182897047838,27.6942134497095,130.49115421275684
 1.933224864695153,2.537401749365756,1.9864500836240597,3.020542691126013,76.67755416070072,180.0,0.2524708095090792,3.9608539377065632,28.360995742077677,134.02552996595514
 1.9381335583864616,2.547225398686759,2.0012756832630823,3.020273940758036,76.82008517660067,180.0,0.25654605698300925,3.897935566658227,29.036445307705876,137.60271227030663
 1.9429776228278,2.5569905715446817,2.015904820462077,3.020012920173461,76.9640533249275,180.0,0.26066094495325165,3.8364013457380253,29.720527063643356,141.22061426343893
 1.9477587070949287,2.56669781033641,2.0303425435247373,3.019759170931935,77.10946137836203,180.0,0.26481470150333225,3.776225392031026,30.413196109980344,144.87697928674348
 1.9524783968045678,2.576347658203884,2.044593704489935,3.0195122649890482,77.25631167960574,180.0,0.26900649481649913,3.7173823653668396,31.114397402819428,148.56936281362024
 1.9571382177496628,2.585940659032581,2.058662970471994,3.019271802035288,77.40460612653858,180.0,0.2732354311518507,3.659847464819632,31.82406549095834,152.29514105813925
 1.9617396392704423,2.59547735744953,2.0725548341707754,3.01903740747234,77.55434615704687,180.0,0.2775005536138,3.6035964144118755,32.54212417446928,156.0514897990266
 1.9662840773843906,2.6049582988208466,2.0862736236228607,3.0188087301657873,77.70553273387597,180.0,0.28180084038800235,3.548605457042402,33.26848623266704,159.83539438425257
 1.9707728976958898,2.614384029248759,2.099823511261041,3.018585440693343,77.85816632926772,180.0,0.28613520319671537,3.4948513458950696,34.00305309632109,163.64363299913748
 1.9752074181042123,2.62375509556812,2.113208522340817,3.0183672296683706,78.01224690951072,180.0,0.29050248597876743,3.442311333862696,34.74571454307395,167.47277684393325
 1.979588911326686,2.633072045342389,2.12643254278697,3.018153806178166,78.16777391948294,180.0,0.29490146309550874,3.390963169538882,35.49634840799816,171.3191888724224
 1.983918607252221,2.64233542685906,2.139499326509112,3.01794489656395,78.3247462669581,180.0,0.2993308384689807,3.3407850828695316,36.25482024023929,175.17900686002685
 1.988197695138923,2.651545789124527,2.152412502227297,3.0177402428014615,78.48316230710515,180.0,0.3037892436056092,3.291755784804014,37.02098305560617,179.04816064840688
 1.9924273256682274,2.6607036818583705,2.16517557985131,3.0175396020021137,78.64301982672568,180.0,0.3082752368537064,3.2438544535919216,37.79467698490133,182.92234367392876
 1.9966086128668188,2.6698096554870414,2.1777919564431496,3.017342744619372,78.80431602860591,180.0,0.312787301784385,3.1970607319901183,38.57572900865676,186.79702844104176
 2.0007426359065783,2.6788642611369426,2.1902649218007166,3.0171494540805974,78.96704751591363,180.0,0.3173238464060964,3.1513547164061735,39.36395267821191,190.66745927013665
 2.004830440791856,2.6878680506268693,2.2025976636883806,3.0169595256565507,79.13121027657243,180.0,0.3218832016809755,3.1067169544036,40.15914782284007,194.52864482159208
 2.0088730419425556,2.696821576459819,2.214793272742297,3.0167727656748937,79.29679966766348,180.0,0.32646362118408084,3.0631284318081393,40.96110027138787,198.37535751183984
 2.012871423680749,2.705725391814135,2.2268547470756497,3.016588991025903,79.46381040006362,180.0,0.33106327959375664,3.0205705725717653,41.769581629697626,202.20214357899138
 2.0168265416278857,2.7145800505339825,2.2387849966035507,3.016408028118947,79.63223652303803,180.0,0.33568027233519854,2.9790252285110013,42.58434899427658,206.00330393908214
 2.020739324019044,2.7233861071191314,2.250586847111169,3.016229712719808,79.8020714091251,180.0,0.3403126147156619,2.9384746752203714,43.40514475603093,209.77291341555502
 2.0246106729401308,2.732144116714043,2.2622630440793663,3.016053888761664,79.97330773904586,180.0,0.3449582417513355,2.898901603055056,44.23169634440983,213.50480290649088
 2.028441465493441,2.740854635096239,2.273816256291145,3.0158804088190596,80.14593748695758,180.0,0.34961500712783933,2.8602891169209523,45.06371606119038,217.1925796560203
 2.0322325548965443,2.7495182186639426,2.2852490792256495,3.0157091323528724,80.31995190587322,180.0,0.35428068370820603,2.8226207241477033,45.90090087910032,220.82961621128257
 2.035984771519055,2.758135424422977,2.296564038264043,3.015539926589553,80.49534151333103,180.0,0.3589529627592165,2.7858803346075014,46.74293227251139,224.40905686507816
 2.0396989238614887,2.766706809972915,2.3077635917113475,3.0153726650764283,80.67209607742014,180.0,0.3636294544382891,2.7500522518032384,47.58947608844958,227.9238269972178
 2.0433757994800565,2.7752329334924566,2.318850133652977,3.0152072280181232,80.85020460309518,180.0,0.36830768760791366,2.7151211708199856,48.440182413463134,231.36663114671833
 2.0470161658609674,2.7837143537240414,2.3298259966522377,3.0150435013397057,81.02965531887378,180.0,0.37298511062553696,2.6810721702077873,49.29468547990121,234.72996314845548
 2.0506207712475057,2.792151629957659,2.340693454303501,3.0148813769874594,81.21043566401107,180.0,0.3776590914051256,2.647890710850839,50.152603614371216,238.00611786076516
 2.054190345422937,2.800545322013883,2.351454723646382,3.014720752113378,81.3925322758562,180.0,0.3823269185300702,2.6155626285606397,51.01353912140664,241.18717379822533
 2.0577256004520224,2.8088959902260844,2.3621119674531514,3.0145615292504515,81.57593097814014,180.0,0.3869858017673572,2.584074132521188,51.87707839323426,244.26505718063117
 2.0612272313837527,2.8172041954218434,2.372667296394194,3.014403615582181,81.76061676925066,180.0,0.3916328734024324,2.5534117994543943,52.7427917765337,247.23147589732898
 2.0646959169176933,2.8254704989035373,2.3831227710928053,3.0142469233103646,81.94657381147022,180.0,0.39626518972830993,2.523562568505265,53.610233732632985,250.07800436548766
 2.068132320036171,2.8336954624281043,2.393480404071477,3.014091368669028,82.13378542061949,180.0,0.4008797316903604,2.4945137430205633,54.47894286401323,252.79604907500533
 2.07153708860437,2.841879648185979,2.4037421616015817,3.0139368725240616,82.32223405626524,180.0,0.4054734076870511,2.4662529799532775,55.34844200745841,255.37687100571674
 2.074910855940248,2.850023618779191,2.413909965457662,3.013783359614386,82.5119013128262,180.0,0.4100430549179725,2.4387682903202594,56.21823844932648,257.81162578054864
 2.0782542413560714,2.8581279371986317,2.423985694585166,3.0136307587566846,82.70276791111118,180.0,0.41458544120827573,2.4120480378799143,57.087824030592,260.0913365087978
 2.0815678506732103,2.866193166800477,2.4339711866845004,3.0134790023938285,82.89481369077717,180.0,0.4190972682110642,2.386080931208513,57.95667542117701,262.20694941044337
 2.084852276711754,2.874219871281777,2.4438682397179843,3.0133280266745643,83.08801760349814,180.0,0.42357517308727044,2.360856026361033,58.824254360936216,264.1493306830095
 2.0881080997563797,2.8822086146552035,2.4536786133428214,3.0131777711418537,83.28235770698032,180.0,0.4280157320180615,2.336362720325901,59.690007969864816,265.9092945354366
 2.091335887999819,2.890159961222966,2.4634040302749156,3.013028178617915,83.47781115981317,180.0,0.4324154627680429,2.312590751493135,60.55336908489312,267.4776193212637
 2.0945361979651764,2.898074475549891,2.473046177588295,3.012879195375745,83.6743542171515,180.0,0.4367708285962115,2.2895301941615838,61.41375662540506,268.8450649547728
 2.097709574908273,2.9059527224356794,2.4826067079509553,3.0127307704363755,83.87196222753407,180.0,0.4410782407635219,2.2671714620720462,62.27057608534355,270.002421805715
 2.1008565532011074,2.913795266886342,2.4920872408048647,3.0125828562263575,84.07060963033068,180.0,0.4453340634349105,2.2455053006430505,63.123219899204635,270.9404814779114
 2.1039776566974604,2.9216026740848156,2.5014893634884987,3.012435407739758,84.27026995453916,180.0,0.4495346166964363,2.2245227905891936,63.9710680667194,271.6501290346443
 2.1070733990816053,2.9293755093607867,2.5108146323093283,3.01228838309989,84.47091581835132,180.0,0.4536761815994465,2.2042153424816693,64.8134886287033,272.1223078181267
 2.110144284201022,2.9371143381597156,2.520064573564758,3.012141742764731,84.67251892991399,180.0,0.4577550038631682,2.1845746994803346,65.64983831142335,272.3480853881458
 2.113190806383957,2.9448197260110818,2.5292406845181397,3.011995450018838,84.8750500891429,180.0,0.4617672989368496,2.165592934584911,66.47946316077756,272.318663557198
 2.1162185589249725,2.9524922384958656,2.5340619422650077,1.592355280544431,85.07847919065979,180.0,0.4657092569972826,2.14726244963998,67.18815317999956,234.0647095896038
 2.119238660617293,2.9601324412132777,2.529783264199119,-1.4167331109307448,85.28277522790215,180.0,0.46957704770892883,2.1295759766773315,67.64541663012247,151.40664014248762
 2.122257021132754,2.967740899746758,2.520725570887707,-3.0008652926036365,85.48790629838123,180.0,0.47336682570617894,2.112526577054018,67.96108994546252,104.58436416825172
 2.1252738471737476,2.975318179629261,2.5116727910527827,-3.000762958126333,85.69383961013388,180.0,0.4770747361088972,2.0961076416583495,68.26157987048535,99.6046576566533
 2.128289348413062,2.9828648463078484,2.502624300132298,-3.000658995763384,85.90054148942393,180.0,0.4806969202358042,2.0803128913525253,68.54644149874014,94.4657639469377
 2.1313037375297834,2.990381465107613,2.4935794645981755,-3.0005534069736624,86.10797738968431,180.0,0.48422952138100117,2.065136378195291,68.81523659626576,89.17067011507416
 2.1343170797331634,2.9978686011949556,2.4846617416848136,-2.959412609480284,86.31611190168032,180.0,0.4876686909226848,2.0505724862261876,69.07098429197258,84.87177308304145
 2.1373292378634283,3.005326819540242,2.476038117105953,-2.8629388650662553,86.52490876497761,180.0,0.49101059446015866,2.036615933103133,69.31802855879394,82.01570307321091
 2.1403400206518324,3.012756684879873,2.467752030550549,-2.7521369483435936,86.73433088063955,180.0,0.4942514182839101,2.0232617712501444,69.55736443974459,79.49290857926748
 2.1433492347440626,3.0201587616777856,2.459803979060512,-2.6412382922700135,86.94434032535544,180.0,0.4973873755954122,2.0105053908996395,69.78880142098724,76.90944351225461
 2.146356684727389,3.0275336140864257,2.4521945334177184,-2.530198568548563,87.15489836662049,180.0,0.5004147133994105,1.9983425211597268,70.0121506367232,74.26531346297972
 2.1493621731592323,3.0348818059072236,2.4449243400650844,-2.418972329291258,87.36596547948983,180.0,0.5033297188976961,1.9867692338732224,70.2272251768047,71.56059487794496
 2.1523655005969418,3.042203900550602,2.437994123265684,-2.307512897989477,87.57750136440883,180.0,0.5061287264483733,1.975781945864326,70.43384023432678,68.79538172489892
 2.15536646562894,3.049500460995557,2.4314046872102666,-2.195772354944576,87.78946496649075,180.0,0.5088081242209671,1.9653774230336705,70.63181337396756,65.96982554939743
 2.1583648649068983,3.056772049748848,2.425156918475254,-2.0837013872506627,88.00181449597859,180.0,0.5113643610615504,1.9555527841715097,70.82096472236718,63.084109508066796
 2.161360493179836,3.064019228803837,2.4192517878334696,-1.9712494688113344,88.21450745000398,180.0,0.5137939538539826,1.9463055034006773,71.00111717693815,60.13845449332565
 2.164353143328641,3.0712425595990083,2.413690353366226,-1.8583643896576996,88.42750063574822,180.0,0.516093493416391,1.937633418666619,71.1720966880373,57.13314373462785
 2.1673426064016676,3.0784426029762315,2.408473763127637,-1.7449923652369403,88.64075019457255,180.0,0.5182596523315071,1.9295347332196828,71.33373238440036,54.0684706298865
 2.170328671652306,3.0856199191387823,2.4036032571682466,-1.6310782084716424,88.85421162763525,180.0,0.5202891914431154,1.9220080225505372,71.48585685362985,50.944790706424826
 2.1733111265766123,3.0927750676091947,2.399080171203668,-1.5165647358880368,89.06783982260237,180.0,0.5221789663094148,1.9150522417010847,71.6283063412201,47.762494725170264
 2.176289756952271,3.099908607186964,2.3949059393420624,-1.4013930347710808,89.28158908147722,180.0,0.5239259344847883,1.9086667297418047,71.76092093252667,44.52200326375074
 2.17926434687875,3.107021095906167,2.391082097027575,-1.285502341162552,89.49541314965958,180.0,0.5255271617398282,1.9028512183639867,71.88354478005458,41.22378228888702
 2.182234678817767,3.1141130909930355,2.387610284800443,-1.1688297127764333,89.70926524614677,180.0,0.5269798285437023,1.8976058396077113,71.99602632894899,37.86834306863039
 2.1852005336347533,3.1211851488235367,2.3844922516091493,-1.0513101226114276,89.92309809462533,180.0,0.5282812365529443,1.8929311336610004,72.0982184474716,34.45621071447494
 2.1881616906408583,3.1282378248810083,2.3817298586097135,-0.9328762351137097,90.1368639558047,180.0,0.5294288145024425,1.8888280588577342,72.1899786936773,30.9879705859974
 2.191117927635726,3.1352716737138975,2.3793250829010204,-0.8134583637468411,90.35051466053991,180.0,0.530420124563522,1.8852980000012083,72.27116943131658,27.464218119262533
 2.1940690209509404,3.142287248893658,2.3772800214728593,-0.6929843314740034,90.56400164407668,180.0,0.5312528678189913,1.882342779824241,72.34165806826292,23.88560083238749
 2.1970147454935294,3.1492851029728537,2.375596895779352,-0.5713791867409889,90.77727598102892,180.0,0.5319248898078616,1.8799646701270425,72.40131718657204,20.252782446755816
 2.1999548747897837,3.1562657874435174,2.3742780562599726,-0.448565143396742,90.99028842126663,180.0,0.5324341857554756,1.8781664039492338,72.4500247349917,16.566464774767258
 2.202889181029868,3.163229852695827,2.373325986625711,-0.32446157843240087,91.20298942651105,180.0,0.5327789060160948,1.8769511868958844,72.48766414998342,12.827364259919415
 2.205817435111977,3.1701778479771385,2.3727433093194588,-0.19898454502705132,91.41532920780654,180.0,0.5329573599062976,1.8763227140269083,72.51412457437935,9.036246054467492
 2.208739406686823,3.1771103213514396,2.3725327905238784,-0.07204683214326134,91.62725776334398,180.0,0.5329680211883329,1.8762851808075627,72.52930088774103,5.193860711145541
 2.2116548642022695,3.1840278196592657,2.3726973455027123,0.056442248930738195,91.83872491724144,180.0,0.5328095312160693,1.8768433021789763,72.53309395766101,1.3010204744469533
 2.214563574947322,3.1909308884781398,2.3732400447917232,0.1865772627732386,92.04968035854567,180.0,0.5324807032513106,1.878002327397089,72.52541066968753,-2.641475432558521
 2.2174653050963187,3.1978200720835805,2.374164119920796,0.318456604034018,92.2600736808447,180.0,0.531980525608856,1.8797680589068406,72.50616407998871,-6.6327979207395895
 2.220359819752692,3.2046959134107365,2.375472969886644,0.4521828773491478,92.46985442224245,180.0,0.5313081648669106,1.8821468709228173,72.47527350943959,-10.67210714622119
 2.2232508662405097,3.2115589540166907,2.3738949321202623,-0.5458361783636094,92.67897210562933,180.0,0.5304629679741498,1.8851457318859086,72.33286779305116,-49.257497929729645
 2.2261448795037384,3.2184097340434894,2.367224820233096,-2.304796585391216,92.88737627914107,180.0,0.5294444654104706,1.8887722232108226,72.01216945330978,-110.81439875075068
 2.229044586458482,3.225248792181946,2.358534239906232,-2.997054689491213,93.09501655696677,180.0,0.5282523722512902,1.89303456553963,71.60733172917084,-139.61332315898164
 2.2319502794960773,3.2320766656362645,2.349826139917655,-2.996909816662215,93.30184266004588,180.0,0.5268865898137179,1.8979416431030298,71.17961202476694,-147.20058136555383
 2.234862254853545,3.2388938900895323,2.3410996373252217,-2.9967638874601183,93.50780445684585,180.0,0.5253472070038412,1.9035030293645174,70.72923755064777,-154.6628727348913
 2.2377808126945844,3.245700999670126,2.3323538375273776,-2.996616916363625,93.71285200427444,180.0,0.5236345002642884,1.9097290180369721,70.25646178578855,-161.98951352317812
 2.2407062571944425,3.252498526919085,2.3235878340158562,-2.996468916756599,93.91693558808198,180.0,0.5217489346457254,1.9166306504852064,69.76156403494947,-169.17010418863794
 2.243638896628842,3.2592870027584775,2.3148007081144666,-2.9963199015594864,94.12000576351767,180.0,0.5196911628242018,1.9242197511414572,69.24484921456826,-176.19445961211323
 2.2465790434671753,3.2660669564608242,2.3059915287055315,-2.9961698831100168,94.32201339532087,180.0,0.5174620245922159,1.9325089619630473,68.70664729034748,-183.05273641567786
 2.2495270144701647,3.272838915619599,2.2971593519432947,-2.9960188730759425,94.52290969756855,180.0,0.5150625462541759,1.9415117780793063,68.14731286161461,-189.7353902618674
 2.2524831307922137,3.2796034061208643,2.2883032209559664,-2.9958668815811595,94.72264627311091,180.0,0.5124939386200946,1.9512425897026806,67.56722462257893,-196.23322489339014
 2.255447718088675,3.2863609521160613,2.279422165528186,-2.9957139188923505,94.92117515242852,180.0,0.5097575951646762,1.9617167247443401,66.96678473749041,-202.53742765654235
 2.2584211066282758,3.2931120759960053,2.2705152017739176,-2.9955599934693398,95.11844883195833,180.0,0.5068550899302448,1.9729504938731572,66.34641820348762,-208.63957930169542
 2.261403631410952,3.299857298366109,2.261581331790686,-2.9954051128504293,95.31442031181865,180.0,0.5037881749489225,1.9849612391187763,65.70657216281307,-214.5316761124772
 2.264395632291358,3.30659713802287,2.252619543295998,-2.9952492839749265,95.50904313287299,180.0,0.5005587766714512,1.9977673883767781,65.0477151691032,-220.20614967884075
 2.2673974541083255,3.3133321119316532,2.2436288092498198,-2.9950925119401646,95.70227141293861,180.0,0.49716899272937676,2.0113885109973633,64.37033636487615,-225.65590015976562
 2.2704094468205676,3.3200627352057883,2.2346080874561496,-2.994934800806794,95.89405988224591,180.0,0.4936210885129106,2.025845376688855,63.67494467293705,-230.87429432107265
 2.273431965648935,3.326789521087019,2.2255563201451016,-2.9947761536152435,96.08436391805107,180.0,0.4899174924057199,2.0411600228633207,62.962067934557865,-235.85518531384605
 2.2764653712255454,3.3335129809273156,2.216472433537749,-2.9946165713532755,96.27313957825014,180.0,0.486060791579705,2.0573558232294045,62.23225197931078,-240.59293649173128
 2.279510029750131,3.3402336241720767,2.207355337385776,-2.9944560542183782,96.4603436340792,180.0,0.48205372731103996,2.0744575621853056,61.486059706657855,-245.08241782368316
 2.2825663131539615,3.3469519583447407,2.1982039244932605,-2.994294600116454,96.64593360170907,180.0,0.4778991894193431,2.092491517332389,60.72407009025315,-249.31903090193597
 2.2856345992717237,3.3536684890328137,2.1890170702110154,-2.994132205944761,96.8298677727862,180.0,0.47360021162352456,2.111485542989838,59.94687718734352,-253.29870588355078
 2.288715272021762,3.360383719875343,2.179793631909233,-2.993968866595244,97.01210524395539,180.0,0.46915996491389433,2.131469167842426,59.155089149583006,-257.01789901271377
 2.291808721595096,3.3670981525518293,2.170532448424232,-2.993804574942058,97.19260594500066,180.0,0.4645817525668781,2.15247369160511,58.34932710757504,-260.4736307821734
 2.294915344653679,3.373812286772601,2.1612323394761757,-2.9936393224027267,97.3713306660068,180.0,0.45986900334447345,2.174532296648251,57.53022418100391,-263.6634413396789
 2.298035544538354,3.380526620270647,2.151892105061546,-2.9934730978309023,97.54824108312226,180.0,0.4550252657839083,2.1976801623910274,56.69842434914416,-266.5854312555922
 2.3011697314870334,3.387241648794919,2.142510524811384,-2.993305888825481,97.72329978316915,180.0,0.4500542011767316,2.2219545943252075,55.8545813997051,-269.23823092129845
 2.3043183228636206,3.393957866105104,2.1330863573236147,-2.993137679867533,97.89647028692215,180.0,0.44495957710805867,2.2473951600262994,54.99935782098463,-271.62101283763946
 2.30748174339825,3.4006757639678575,2.123618339456778,-2.9929684539856964,98.06771707100681,180.0,0.43974526082954324,2.274043836455639,54.13342368174793,-273.73348872128213
 2.3106604254394503,3.40739583215451,2.1141051855929804,-2.9927981913553534,98.23700558858464,180.0,0.43441521214935025,2.3019451714232417,53.25745556920142,-275.57588371305053
 2.3138548092188675,3.414118558440226,2.104545586861913,-2.992626869903259,98.40430228863487,180.0,0.4289734763436065,2.3311464581064283,52.37213547357987,-277.1489453853436
 2.3170653431292414,3.4208444286046196,2.094938210327315,-2.99245446483366,98.56957463378508,180.0,0.4234241773689802,2.3616979224324743,51.478149667307285,-278.453936706274
 2.320292484016356,3.4275739264338108,2.0852816981311855,-2.992280948961962,98.73279111696243,180.0,0.4177715104839707,2.3936529296637343,50.57618768026075,-279.49259688285025
 2.323536697485748,3.434307533723911,2.0755746665961863,-2.992106292197379,98.89392127646747,180.0,0.4120197353389388,2.4270682062774793,49.66694116316521,-280.26716665656267
 2.3267984582249968,3.441045730285927,2.065815705283298,-2.9919304611950346,99.05293570978162,180.0,0.4061731686327005,2.4620040840371042,48.75110286317013,-280.78034325903656
 2.3300782503424893,3.4477889939520643,2.056003375998256,-2.991753420196588,99.2098060860236,180.0,0.4002361766981463,2.4985247666759243,47.829365588545215,-281.03527345800194
 2.333376567723606,3.4545378005834118,2.0461362117501602,-2.991575129969967,99.36450515686695,180.0,0.39421316915783783,2.5366986144484,46.902421134192195,-281.0355545709323
 2.336693914405338,3.4612926240789945,2.036212715656111,-2.9913955477415786,99.51700676632603,180.0,0.3881085909103896,2.576598466048617,45.970959350993624,-280.78517941097016
 2.3400308049704304,3.4680539363861578,2.026231359785738,-2.991214628010058,99.66728585891232,180.0,0.38192691593413647,2.6183019794615645,45.03566708431867,-280.2885645873962
 2.343387764962208,3.474822207512279,2.016190583950602,-2.9910323208287135,99.81531848674403,180.0,0.3756726396873252,2.661892015432123,44.09722731110402,-279.5504788597945
 2.3467653313213432,3.4815979055377637,2.0060887944240924,-2.990848573319045,99.96108181502731,180.0,0.3693502725627746,2.7074570517070367,43.15631812504508,-278.5760769774685
 2.3501640528459,3.488381496630315,1.9959243625986587,-2.990663327958067,100.10455412648082,180.0,0.36296433357885677,2.7550916370760774,42.213611917562645,-277.3708291988931
 2.3535844906761048,3.4951734450604333,1.985695623566316,-2.990476523799446,100.24571482428003,180.0,0.3565193429629432,2.804896900373623,41.269774457720516,-275.9405393974465
 2.35702721880539,3.501974213218127,1.9754008746272798,-2.9902880949167785,100.38454443383641,180.0,0.3500198162769911,2.8569811007747106,40.32546409210851,-274.29129752633537
 2.360492824619393,3.508784261630803,1.965038373712151,-2.990097971690157,100.52102460331513,180.0,0.3434702583228027,2.911460237876471,39.381330942848905,-272.42946830384255
 2.3639819094647008,3.515604048982296,1.9546063377233536,-2.989906078904014,100.65513810292973,180.0,0.33687515608323865,2.9684587359505654,38.438016144821425,-270.3616678442458
 2.367495089249298,3.5224340321330145,1.944102940778261,-2.9897123372797823,100.78686882297131,180.0,0.3302389741394472,3.0281101817429295,37.4961510991071,-268.09474705612945
 2.3710329950768085,3.529274666141159,1.9335263123603845,-2.9895166614197515,100.91620177089791,180.0,0.32356614767905756,3.090558166152447,36.55635684842604,-265.6357451273285
 2.3745962739168127,3.5361264042849867,1.9228745353589893,-2.989318961460421,101.04312306700781,180.0,0.31686107783956347,3.1559571999762333,35.619243345477784,-262.9919085836004
 2.378185589313687,3.5429896980860756,1.912145644003803,-2.9891191408059807,101.1676199392725,180.0,0.3101281256374388,3.2244737491789737,34.685408914777064,-260.1706251598714
 2.3818016221366385,3.549864997333561,1.9013376216738997,-2.988917097572501,101.28968071696578,180.0,0.30337160753232884,3.2962873755199222,33.755439640521594,-257.17943386819013
 2.385445071373816,3.5567527501093044,1.8904483985837373,-2.9887127228368007,101.40929482332446,180.0,0.29659579023736965,3.3715920215849535,32.829908850694444,-254.02598734822215
 2.389116654973629,3.5636534028139426,1.8794758493281962,-2.988505901404374,101.52645276723537,180.0,0.2898048857568133,3.450597450724621,31.90937662889742,-250.71803399597982
 2.392817110736691,3.570567400193806,1.8684177902839907,-2.9882965105509207,101.6411461339326,180.0,0.2830030474761386,3.533530853883526,30.994389351200578,-247.2634011275896
 2.396547197262078,3.5774951853686385,1.857271976851274,-2.988084420256011,101.75336757486549,180.0,0.2761943653130882,3.620638671851327,30.08547929628722,-243.6699654893339
 2.400307694951949,3.5844371998600932,1.8460361005282548,-2.987869492190809,101.86311079659163,180.0,0.2693828625500235,3.712188631948713,29.183164244913172,-239.9456470361608
 2.404099407078919,3.591393883620969,1.8347077858030691,-2.9876515795091403,101.97037054896667,180.0,0.2625724911911387,3.808472073611297,28.287947181463068,-236.09837283862953
 2.407923160920992,3.598365675065127,1.8232845868495526,-2.9874305264702596,102.07514261240466,180.0,0.2557671290512308,3.9098065639220496,27.40031596311972,-232.13607753111955
 2.411779808969304,3.605353011098077,1.8117639840140123,-2.987206167433956,102.17742378453839,180.0,0.24897057643909576,4.01653887902141,26.520743104497456,-228.066665042767
 2.4156702302144155,3.612356327148163,1.8001433800737945,-2.9869783265295284,102.27721186608457,180.0,0.24218655285488527,4.129048405917011,25.64968553766541,-223.89800794106696
 2.419595331517446,3.619376057198326,1.788420096251563,-2.9867468167458067,102.37450564604296,180.0,0.23541869427478856,4.247751025382745,24.787584433368185,-219.63792466492302
 2.423556049072965,3.6264126338184033,1.7765913679638,-2.986511439393441,102.46930488623721,180.0,0.22867055065703226,4.373103563737131,23.93486505044166,-215.29416601251228
 2.427553349971211,3.6334664881979113,1.7646543402831139,-2.9862719831581694,102.56161030543755,180.0,0.22194558385849641,4.505608909243087,23.09193667177912,-210.87438752292573
 2.4315882338679997,3.6405380501792894,1.7526060630905902,-2.986028223045829,102.65142356268544,180.0,0.21524716473426006,4.645821937931589,22.259192468799068,-206.38616234852663
 2.4356617347714993,3.647627748291553,1.7404434858902054,-2.985779919659748,102.73874724032582,180.0,0.2085785721425211,4.794356341248243,21.437009518119226,-201.83693833810133
 2.4397749229560293,3.654736009784318,1.7281634522581755,-2.98552681791123,102.82358482638863,180.0,0.20194299082266895,4.951892590707069,20.6257487517563,-197.23405056304992
 2.443928907014088,3.6618632606621664,1.7157626938942185,-2.985268645867728,102.90594069670986,180.0,0.19534350987851043,5.119187223685741,19.825755027022176,-192.58468823012154
 2.4481248360590087,3.6690099257193016,1.703237824239773,-2.9850051133746462,102.98582009654535,180.0,0.18878312145038276,5.297083723996092,19.037357157454608,-187.89590127172107
 2.4523639020920083,3.676176428574472,1.690585331622935,-2.9847359107744382,103.06322912178688,180.0,0.18226472051439294,5.486525297807333,18.260867992836328,-183.17458576337015
 2.4566473425488833,3.6833631917061056,1.6778015718880597,-2.9844607071301823,103.13817470002611,180.0,0.175791102722584,5.688570038599169,17.496584578162537,-178.42746324326757
 2.460976443043348,3.690570636487643,1.6648827604610776,-2.984179148416812,103.2106645711399,180.0,0.1693649646584358,5.9044088723824,16.744788254853724,-173.66109293838392
 2.46535254032593,3.6977991832230104,1.651824963795585,-2.983890855778168,103.2807072677742,180.0,0.16298890317083914,6.13538701436524,16.005744870684502,-168.88184527130625
 2.4697770254795537,3.70504925118221,1.6386240901411304,-2.9835954232195796,103.34831209541915,180.0,0.1566654148371981,6.383029726370491,15.279704936869848,-164.0959136725815
 2.4742513473754286,3.7123212586369934,1.6252758795668623,-2.9832924150080578,103.41348911256546,180.0,0.15039689603778003,6.649073394099821,14.566903915969405,-159.30928473376153
 2.4787770164157283,3.7196156228965815,1.6117758931627717,-2.9829813633911915,103.47624911038986,180.0,0.14418564301914646,6.935503279388293,13.867562401389412,-154.5277633765458
 2.483355608592779,3.7269327603433937,1.598119501336732,-2.982661765441873,103.53660359263091,180.0,0.13803385204855806,7.244599677245957,13.18188646361301,-149.75693646908567
 2.4879887698982164,3.7342730864687668,1.5843018711129948,-2.982333079472227,103.59456475504051,180.0,0.13194361965920176,7.578994744747098,12.510067875589696,-145.0022012475278
 2.492678221119837,3.741637015908617,1.5703179523222703,-2.98199472173895,103.65014546504155,180.0,0.12591694339898526,7.941742969660259,11.852284494355423,-140.2687329812917
 2.497425763068786,3.749024962479032,1.5561624625665467,-2.981646061886067,103.70335924119294,180.0,0.11995572191417109,8.336409335400482,11.208700570444881,-135.56150336975355
 2.5022332822854025,3.756437339211743,1.5418298708181137,-2.981286418761419,103.75422023267947,180.0,0.11406175653266787,8.767180432764903,10.57946712115727,-130.885269706832
 2.507102757278592,3.7638745583894737,1.5273143795034132,-2.9809150544981082,103.80274319876202,180.0,0.10823675121058511,9.23900605677274,9.964722305875048,-126.24457793540711
 2.5120362653612203,3.7713370315811106,1.512609904889686,-2.98053116919059,103.84894348837179,180.0,0.10248231403245929,9.757781227337132,9.364591855534094,-121.64375537441927
 2.517035990152874,3.778825169676694,1.497710055578239,-2.9801338938336075,103.89283701957214,180.0,0.09679995906143406,10.330582881397195,8.779189461312829,-117.08692350397445
 2.5221042298316703,3.786339382922187,1.4826081088725653,-2.979722282838041,103.93444025936577,180.0,0.09119110561275898,10.965981750966789,8.208617277451353,-112.57797973693518
 2.527243406228914,3.793880080954005,1.4672969847585082,-2.9792953054246047,103.9737702032744,180.0,0.08565708148914906,11.674457997108842,7.652966325441534,-108.12062265615775
 2.5324560748746237,3.8014476728332793,1.4517692171941352,-2.978851835739307,104.01084435529752,180.0,0.08019912278446381,12.468964313830627,7.11231703815311,-103.71833009823263
 2.537744936118735,3.809042567079834,1.4360169223594073,-2.97839064170321,104.0456807079101,180.0,0.07481837680011631,13.365700283388739,6.586739754490975,-99.37437557986975
 2.543112847472659,3.816665171705856,1.4200317634623278,-2.9779103720470492,104.07829772212708,180.0,0.06951590272932806,14.385197641662936,6.076295241562966,-95.09182981475045
 2.548562837339474,3.824315894249232,1.4038049116312472,-2.9774095416003097,104.10871430792709,180.0,0.0642926733334063,15.553871820109908,5.581035294251391,-90.8735537890069
 2.5540981203292206,3.831995141806536,1.3873270023464235,-2.976886514266321,104.13694980466356,180.0,0.05914957630488147,16.906291853141685,5.101003289040122,-86.72221566638706
 2.559722114389517,3.83970332106565,1.370588086771246,-2.976339483241858,104.16302396182074,180.0,0.054087417075109494,18.488588549372427,4.636234831977876,-82.64028234726938
 2.5654384600223814,3.8474408383380014,1.3535775772315948,-2.9757664480352517,104.18695691990555,180.0,0.049106919399838383,20.363729026815946,4.186758398097124,-78.63003092335892
 2.5712510419073005,3.855208099590387,1.336284185954915,-2.975165188046296,104.20876919154074,180.0,0.04420872785666882,22.619967786500137,3.752596017922722,-74.69355077832977
 2.5771640133103633,3.8630055104763876,1.3186958560229023,-2.974533230940771,104.22848164293984,180.0,0.03939340999925148,25.38495651985957,3.3337640342527717,-70.83274298485604
 2.583181823732325,3.8708334763673475,1.3007996832854434,-2.973867816132436,104.24611547543907,180.0,0.03466145621099215,28.85049012115282,2.9302738475891594,-67.04933495263991
 2.589309250338217,3.8786924023828973,1.2825818277436578,-2.9731658514307644,104.26169220740535,180.0,0.030013284923136,33.31857884136972,2.542132769291117,-63.34487595899271
 2.59555143382207,3.886582693421023,1.264027412609008,-2.9724238614011513,104.2752336564092,180.0,0.025449242263889112,39.29390076257546,2.169344915749411,-59.72074587458032
 2.6019139194983216,3.894504754187659,1.2451204088687815,-2.971637926164419,104.28676192161545,180.0,0.02096960431386615,47.68807198420764,1.811912166542141,-56.178161711455324
 2.608402704584222,3.902458989225793,1.2258435027256582,-2.9708036077524893,104.29629936656416,180.0,0.016574579034369836,60.33335736167732,1.4698352345528978,-52.718178743899486
 2.6150242928554124,3.9104458029440776,1.2061779426899837,-2.969915861612325,104.30386860207054,180.0,0.012264309326034143,81.53740854181193,1.1431147930660248,-49.34170294284029
 2.621785758133495,3.9184655996449327,1.1861033623660235,-2.968968928825501,104.30949246958797,180.0,0.008038874594760131,124.39552181244575,0.8317527763779777,-46.04948837012081
 2.6286948184187016,3.926518783552135,1.1655975740211102,-2.967956205103608,104.31319402485829,180.0,0.0038982869265874187,256.5229340046053,0.5357537953821125,-42.84214766943825
 2.6357599229381945,3.934605758837885,1.1446363268140833,-2.9668700794438134,104.3149965217585,180.0,0.00015755222530372312,6347.101718634812,0.2551267140100646,-39.72015992088798
 2.642990354976634,3.9427269296493406,1.1231930219772028,-2.965701734402633,104.31492339652046,180.0,0.004128549947187554,242.21579314577963,-0.010113536457752125,-36.68387297712026
 2.6503963541400593,3.950882700134614,1.1012383751743897,-2.964440896947019,104.31299825237646,180.0,0.00801506535541091,124.76504627936782,-0.25994387813444875,-33.73350930290304
 2.657989262747295,3.9590734744682274,1.0787400135183898,-2.9630755247810194,104.30924484433878,180.0,0.011817239523213579,84.62213176229673,-0.4943307277680072,-30.86917830279045
 2.665781702446236,3.9672996568760195,1.055661991059155,-2.961591407935094,104.30368706440964,180.0,0.015535331762543401,64.36940100700384,-0.7132271976243033,-28.09087760872314
 2.6737877890631814,3.9755616516594983,1.0319642015852728,-2.959971657529124,104.29634892716061,180.0,0.01916965526867654,52.165778986856,-0.9165698049658686,-25.398502048575534
 2.682023396330732,3.9838598632196374,1.007601660758559,-2.958196042531794,104.28725455549288,180.0,0.022720571189802443,44.012978003335796,-1.1042745692309444,-22.79185470689706
 2.6905064828336345,3.992194696080115,0.9825236201028514,-2.95624011933942,104.276428166911,180.0,0.026188480360769407,38.184728026373364,-1.276232250865353,-20.270650496793873
 2.699257501769473,4.000566554909989,0.9566724619448164,-2.954074073839078,104.26389405993662,180.0,0.029573837070759102,33.81367110420521,-1.4323025771369366,-17.834531888900674
 2.7082999207378844,4.008975844545807,0.9299823050883417,-2.9516611594434186,104.24967660103859,180.0,0.03287712881914242,30.416281345643505,-1.572307028428865,-15.48307502461621
 2.7176608900252437,4.0174229700131585,0.9023772227047225,-2.948955555371387,104.23380021175106,180.0,0.03609889044523755,27.701682452456872,-1.6960198030940556,-13.215808199717946
 2.7273721148447083,4.0259083365476505,0.8737689315444906,-2.945899378510017,104.21628935618021,180.0,0.03923968972381805,25.484401304860757,-1.8031562337793894,-11.032226385140977
 2.737471013287485,4.034432349615326,0.8440537466511653,-2.942418429267312,104.19716852886707,180.0,0.0423001354906781,23.64058621562513,-1.8933577183192745,-8.93181420240952
 2.748002283573098,4.042995414932519,0.8131084935585977,-2.9384159985755,104.17646224290068,180.0,0.0452808678860949,22.08438236023929,-1.9661717347310865,-6.914077261058063
 2.759020072859667,4.0515979384851315,0.7807849042002563,-2.933763617874236,104.15419501844099,180.0,0.04818256183890566,20.754396649630543,-2.0210247156246797,-4.978583222721385
 2.7705910567633283,4.0602403265473725,0.7469017444148883,-2.9282868308759182,104.13039137156004,180.0,0.05100592369715922,19.605565932642744,-2.057184339648934,-3.1250258686137826
 2.782798946231265,4.068922985699911,0.7112334343575657,-2.9217425461627324,104.10507580330354,180.0,0.053751687989209124,18.60406691229407,-2.073705559261409,-1.3533231649800657
 2.7957513254571036,4.077646322847486,0.6734930313168521,-2.913781505518738,104.07827278921413,180.0,0.05642061943088067,17.72401668196983,-2.0693506283324763,0.33622632977309536
 2.8095904906259914,4.086410745235963,0.6333057147247526,-2.903883008958199,104.05000676909037,180.0,0.05901350733923108,16.945273126229164,-2.0424656963635752,1.9426700701095634
 2.8245115897837723,4.095216660468827,0.5901653182347734,-2.891234488411199,104.02030213708345,180.0,0.06153116714716193,16.251926403546598,-1.9907804172345371,3.463905613286264
 2.840795165381992,4.104064476523139,0.543358306100761,-2.8744922668661026,103.98918323210357,180.0,0.06397443589734657,15.631243729989285,-1.9110609209983995,4.895699703992087
 2.8588711783655008,4.112954601764947,0.491818923228194,-2.8512583454984215,103.95667432854583,180.0,0.06634417384642578,15.072913596223398,-1.798455421967192,6.229554002530378
 2.8794623978755394,4.121887444964149,0.4338180744878564,-2.816775796696307,103.92279962734602,180.0,0.06864126144743563,14.56849683285299,-1.6451041757532248,7.447409617444246
 2.903976149213469,4.130863415308837,0.36616061821592366,-2.7599797085013376,103.88758324722592,180.0,0.07086659613145417,14.111020630157649,-1.4365969383727062,8.505725399029451
 2.9360405633524884,4.139882922419093,0.2812933700004948,-2.646773705188418,103.85104921641134,180.0,0.0730210946202036,13.694672822986115,-1.139394927229032,9.26890508135014
 3.0137728129498083,4.148946376360283,0.1165983743959765,-2.118747321191601,103.81322146453948,180.0,0.0730210946202036,13.694672822986115,-0.4866416714789736,8.397457414799495