 0.0,0.0,0,0.0,-139.68666621541266,0.0,0.6491081627815022,1.5405752959797738,0.0,0.0
 0.09248910046947084,0.012831350558477807,0.13873365070420626,1.5,-139.68666621541266,0.0,0.6491081627815022,1.5405752959797738,0.0,0.0
 0.13077282527501494,0.025652297745614377,0.3348928886167286,5.123828439079036,-140.16368692462356,0.0,0.6456682105888637,1.5487830802262634,-12.460143615436172,-325.46842499588087
 0.16013197617680322,0.03846337469143241,0.43635720217772733,3.455968937944267,-140.63780464066,0.0,0.6421523261490238,1.5572629098721518,-16.148890600496046,-125.6421548906304
 0.18486949683002143,0.05126509628727796,0.5175022095102371,3.280240104497021,-141.1089869259154,0.0,0.6385644129268894,1.5660127306757574,-19.04727203104285,-117.16539709769744
 0.20665262197615447,0.06405795925442911,0.5872831782092642,3.203441573736483,-141.57720334765415,0.0,0.6349083477971723,1.5750304803355015,-21.494455850467627,-112.34310058853984
 0.22633668463910575,0.07684244222013303,0.6494839599228908,3.159956497735545,-142.04242545514,0.0,0.6311879753512059,1.5843140855837434,-23.634455724502885,-108.71738780140637
 0.24442995697584324,0.08961900580081889,0.7061499624224233,3.131882472385886,-142.50462675456345,0.0,0.6274071022439403,1.5938614600049477,-25.545478497273756,-105.6206272256585
 0.2612637143988294,0.10238809269220965,0.7585405070620086,3.112231174725557,-142.96378268193138,0.0,0.6235694921567068,1.6036705011679662,-27.27590257068586,-102.79487995052422
 0.2770681357428782,0.11515012776605099,0.8074977752125623,3.0976944416246326,-143.41987057403725,0.0,0.6196788608746553,1.6137390883215454,-28.858246827086777,-100.12035378927395
 0.2920108652923639,0.12790551817319268,0.8536185015528628,3.086499436904272,-143.8728696377389,0.0,0.6157388718475661,1.6240650797300362,-30.31568377126018,-97.5348539466513
 0.3062184987365881,0.1406546534527347,0.8973440460434277,3.077609276887747,-144.32276091753235,0.0,0.6117531319027708,1.634646310497247,-31.66546220097901,-95.00374816240486
 0.3197894157587249,0.1533979056469599,0.939011871742969,3.070376573047567,-144.76952726168875,0.0,0.6077251875283538,1.6454805897827698,-32.92086624858463,-92.50694301334323
 0.33280187241239134,0.1661356294217904,0.9788869322566722,3.064376049427058,-145.21315328706297,0.0,0.6036585212934558,1.6565656985298667,-34.09241138561045,-90.03258709766533
 0.34531933259180114,0.1788681621924704,1.0171818075062853,3.059316722461398,-145.65362534262775,0.0,0.5995565486718946,1.6678993869971837,-35.18861248620717,-87.57376375759314
 0.35739410949652956,0.19159582425422597,1.054070163132496,3.0549927271753954,-146.09093147201133,0.0,0.5954226150891486,1.6794793725634298,-36.21649764910569,-85.12663803303958
 0.36906992916211984,0.20431891891759818,1.0896960579879753,3.0512542909918428,-146.5250613749537,0.0,0.5912599935353968,1.691303336829153,-37.18196369731418,-82.68935936496288
 0.3803837822061863,0.21703773264822496,1.1241805670524552,3.047989834247073,-146.9560063680957,0.0,0.5870718820301106,1.7033689239927021,-38.09002922907995,-80.26138648159326
 0.3913672914375611,0.22975253521075922,1.1576266104656197,3.0451145174644725,-147.3837593448835,0.0,0.5828614018797593,1.7156737378302052,-38.94501909880538,-77.84305104265947
 0.40204774162338436,0.2424635798166953,1.190122549591416,3.0425626785779163,-147.80831473498478,0.0,0.5786315958143635,1.728215339835711,-39.750701769556144,-75.43527255248019
 0.4124488681649627,0.255171103275838,1.2217449146825168,3.0402827005989086,-148.22966846319758,0.0,0.574385426609214,1.740991246771926,-40.51039342022037,-73.03936238323499
 0.4225914702965923,0.2678753261511533,1.2525605076923332,3.038233444425302,-148.6478179079266,0.0,0.5701257759336493,1.7539989283283677,-41.22703812121456,-70.65688781770756
 0.43249389430508084,0.2805764529167615,1.2826280469025084,3.036381716678737,-149.06276185943278,0.0,0.5658554433793046,1.7672358050105021,-41.9032704669577,-68.28957689182556
 0.4421724189490135,0.2932746721188327,1.3119994698811417,3.0347004382579996,-149.47450047789488,0.0,0.5615771457991043,1.7806992458303046,-42.541465110615306,-65.93924871159726
 0.4516415662441062,0.3059701565391439,1.3407209777896845,3.033167297273693,-149.88303525132727,0.0,0.5572935168413111,1.7943865661095593,-43.143776382494536,-63.60776246361432
 0.4609143545613524,0.318663063361062,1.3688338812081908,3.031763743190378,-150.28836895357094,0.0,0.553007106713946,1.8082950252523065,-43.71217031772694,-61.29698163984467
 0.47000250661583104,0.33135353433774634,1.3963752917657737,3.0304742253966133,-150.69050560231676,0.0,0.5487203821074411,1.8224218246811852,-44.24845076702136,-59.00874524102454
 0.4789166218054599,0.3440416959623308,1.4233786926319416,3.0292856095897265,-151.08945041727628,0.0,0.5444357263481648,1.836764105668744,-44.754280876208725,-56.74484774168754
 0.48766632010004946,0.3567276596398858,1.4498744128582646,3.0281867253304977,-151.48520977861816,0.0,0.5401554397590445,1.8513189470906477,-45.231200895989375,-54.50702455369973
 0.4962603630225822,0.3694115218609575,1.4758900246839424,3.0271680116313364,-151.87779118569995,0.0,0.5358817401022935,1.866083363484473,-45.68064304781189,-52.296940552172856
 0.5047067560319709,0.38209336437647307,1.5014506785818384,3.0262212366253585,-152.26720321611873,0.0,0.5316167632513683,1.8810543028854088,-46.10394401325331,-50.11618154292543
 0.5130128356898666,0.394773254373837,1.5265793875827545,3.025339273868991,-152.65345548525715,0.0,0.5273625639793004,1.896228644775876,-46.50235550910704,-47.96625029655242
 0.5211853442899932,0.4074512446540181,1.5512972699697956,3.0245159224008735,-153.03655860624426,0.0,0.5231211168997129,1.9116031979869574,-46.877053268704934,-45.84856106386881
 0.5292304940883213,0.4201273738094531,1.5756237575674696,3.023745760797309,-153.41652415046778,0.0,0.5188943174934969,1.9271746987526657,-47.22914473295346,-43.764438584063214
 0.5371540228541554,0.4328016664026036,1.5995767754137036,3.0230240280717493,-153.79336460867967,0.0,0.5146839832573137,1.9429398087565026,-47.55967566329795,-41.71511710410321
 0.544961242135615,0.44547413314498846,1.6231728974846444,3.0223465257311495,-154.16709335268266,0.0,0.5104918549989764,1.958895113031735,-47.86963584979465,-39.70173954672622
 0.5526570793759575,0.45814477107654494,1.6464274822673577,3.0217095367882667,-154.5377245977231,0.0,0.5063195981991802,1.9750371179719017,-48.159964077407565,-37.725359638713165
 0.5602461148133363,0.47081356374515676,1.669354791283935,3.021109758382732,-154.90527336550133,0.0,0.5021688044084586,1.9913622495486816,-48.431552443134706,-35.786941300796514
 0.5677326139338315,0.48348048138621114,1.6919680931207535,3.02054424542867,-155.26975544798523,0.0,0.49804099279683756,2.0078668512491764,-48.685250157326344,-33.8873631197137
 0.5751205561167442,0.4961454811020493,1.7142797550758522,3.0200103631972737,-155.63118737190618,0.0,0.4939376117482629,2.0245471821037464,-48.92186687070813,-32.02741812585509
 0.5824136600053076,0.5088085070411666,1.7363013241830678,3.0195057473058196,-155.98958636408074,0.0,0.4898600404116693,2.041399415146454,-49.14217562930791,-30.207818504443274
 0.5896154060498808,0.5214694905770484,1.7580435990827832,3.019028269692861,-156.34497031746972,0.0,0.48580959053719275,2.0584196349319326,-49.34691548263631,-28.42919648391151
 0.5967290566002397,0.5341283504865176,1.7795166939751743,3.0185760096562437,-156.69735775810588,0.0,0.4817875080273831,2.0756038364181983,-49.536793822179476,-26.692109515217293
 0.603757673865644,0.5467849931274796,1.800730095698819,3.0181472290516367,-157.0467678128026,0.0,0.477794974896018,2.0929479223125544,-49.712488460082014,-24.997041561407652
 0.6107041360134835,0.5594393126159626,1.8216927148186943,3.017740350949047,-157.39322017774137,0.0,0.47383311085991553,2.110447702114344,-49.8746495072321,-23.344408088443004
 0.6175711516375237,0.5720911910023454,1.8424129314764874,3.0173539412456263,-157.73673508785717,0.0,0.46990297536717096,2.1280988893901425,-50.023901054370384,-21.7345576753566
 0.624361272793609,0.5847404984466824,1.8628986366466862,3.0169866927690507,-158.07733328713766,0.0,0.46600556921645786,2.145897100932508,-50.160842708268866,-20.167777680337323
 0.631076906772876,0.5973870933930311,1.883157269349726,3.016637411387189,-158.41503599973396,0.0,0.4621418365986166,2.16383785410999,-50.28605097283249,-18.644295527449273
 0.6377203267591544,0.6100308227427031,1.903195850298039,3.016305004004205,-158.7498649019595,0.0,0.4583126668044009,2.1819165657640025,-50.4000805183342,-17.1642837179076
 0.6442936814974765,0.6226715220263567,1.923021012384942,3.015988468007664,-159.081842095148,0.0,0.45451889616339236,2.2001285500801617,-50.50346533910699,-15.727862695445552
 0.6507990040838795,0.6353090155748532,1.9426390283720218,3.0156868820132052,-159.41099007937845,0.0,0.4507613098746979,2.218469016957065,-50.59671981807807,-14.335104482904992
 0.6572382199724408,0.6479431166888129,1.9620558360844813,3.0153993977669873,-159.73733172803236,0.0,0.44704064384252873,2.2369330703457306,-50.6803397031002,-12.986035329344888
 0.6636131542833318,0.6605736278068088,1.9812770613836619,3.0151252329522698,-160.0608902632795,0.0,0.44335758646821233,2.2555157067819738,-50.7548030250931,-11.680641456286454
 0.66992553848525,0.6732003406721275,2.000308039152872,3.014863664893344,-160.38168923230864,0.0,0.43971278061291186,2.27421181300691,-50.82057092336514,-10.418868080311789
 0.6761770165166581,0.6858230364980524,2.019153832502854,3.014614024923206,-160.6997524844957,0.0,0.4361068252649665,2.293016165001379,-50.87808844389618,-9.200627474346886
 0.6823691504025351,0.6984414861316154,2.0378192503787784,3.014375693409409,-161.01510414935868,0.0,0.43254027740233214,2.311923425965344,-50.92778526352903,-8.02579862592965
 0.6885034254166872,0.7110554502157667,2.056308863728836,3.014148095317069,-161.32776861534825,0.0,0.4290136536742593,2.330928145143087,-50.97007637711916,-6.8942317539675315
 0.6945812548338854,0.7236646793499215,2.0746270203758743,3.0139306962455934,-161.63777050945512,0.0,0.425527432328102,2.350024755228829,-51.00536274178372,-5.80575107368279
 0.700603984311087,0.7362689142488539,2.092777858717472,3.0137229989004415,-161.94513467764108,0.0,0.422082054690267,2.3692075720533103,-51.03403188694847,-4.760158209540415
 0.7065728959326066,0.7488678858998844,2.1107653203655263,3.013524539918482,-162.24988616601811,0.0,0.4186779270496649,2.3884707919683974,-51.056458480351885,-3.7572332822908217
 0.7124892119503017,0.761461315718342,2.1285931618243543,3.0133348870322156,-162.55205020285416,0.0,0.4153154222660015,2.4078084905778416,-51.073004878764785,-2.7967401273706654
 0.7183540982464839,0.7740489157012775,2.1462649652951624,3.013153636467208,-162.85165218132698,0.0,0.41199488133807144,2.4272146215802812,-51.08402164043223,-1.8784271529042016
 0.7241686675443256,0.786630388579385,2.1637841486862177,3.0129804107000804,-163.14871764302927,0.0,0.4087166150993583,2.4466830147262346,-51.08984801548634,-1.0020303750231931
 0.7299339823879617,0.7992054279671228,2.1811539748984305,3.012814856310263,-163.44327226221714,0.0,0.4054809057558732,2.4662073745146147,-51.09081241469916,-0.16727607059939995
 0.7356510579122038,0.811773718511016,2.198377560450269,3.012656642160065,-163.73534183078954,0.0,0.4022880084472529,2.4857812785913995,-51.08723285776576,0.6261167826487063
 0.7413208644197713,0.8243349360361146,2.215457883497977,3.0125054576219514,-164.02495224397003,0.0,0.3991381527094782,2.505398176575399,-51.079417400569426,1.3784345525535975
 0.7469443297821697,0.8368887476906013,2.232397791302904,3.012361011094071,-164.31212948669753,0.0,0.3960315440096178,2.5250513882695023,-51.06766454857715,2.0899661036176584
 0.7525223416787648,0.8494348120885366,2.2492000071914076,3.0122230285597458,-164.59689962068276,0.0,0.3929683651790919,2.5447341023093775,-51.052263649534,2.761001469458965
 0.7580557496871961,0.8619727794507247,2.2658671370489496,3.012091252288995,-164.8792887721391,0.0,0.3899487778104288,2.564439374871291,-51.03349527561782,3.3918290297002542
 0.7635453672370374,0.8745022917437127,2.28240167538637,3.0119654397233333,-165.15932312017026,0.0,0.386972923670492,2.5841601280907742,-51.01163159157911,3.9827335584315278
 0.7689919734374748,0.8870229828168924,2.2988060110117767,3.01184536236328,-165.4370288857874,0.0,0.38404092598407563,2.6038891491514247,-50.986936708372696,4.533994619334993
 0.774396314788808,0.8995344785377293,2.315082432339417,3.0117308048325184,-165.7124323215459,0.0,0.38115289089562665,2.623619087999613,-50.95966702594489,5.045884531531727
 0.7797591067866603,0.9120363969250948,2.3312331323632005,3.011621563963625,-165.98555970179018,0.0,0.37830890853941546,2.6433424575192404,-50.93007156601618,5.518666385076049
 0.7850810354270122,0.9245283482807238,2.347260213320508,3.0115174479767832,-166.2564373134999,0.0,0.37550905454534267,2.663051630567939,-50.89839229634004,5.95259196749528
 0.7903627586194353,0.9370099353187848,2.3631656910696552,3.0114182757560664,-166.52509144769925,0.0,0.37275339107238437,2.682738840076204,-50.86486444135079,6.347900820956699
 0.7956049075152729,0.9494807532935782,2.378951499202055,3.0113238761558403,-166.79154839143374,0.0,0.3700419681305936,2.702396176984672,-50.829716787719,6.70481787720673
 0.800808087756928,0.9619403901253607,2.3946194929082756,3.0112340873351298,-167.0558344202982,0.0,0.3673748246652074,2.7220155896945597,-50.79317198137103,7.023551876101628
 0.8059728806538987,0.9743884265243146,2.4101714526162343,3.0111487562415995,-167.31797579150603,0.0,0.36475198972239203,2.7415888827942703,-50.75544681793241,7.304293548873968
 0.8110998442907263,0.9868244361126599,2.4256090874169476,3.011067737992671,-167.57799873745546,0.0,0.36217348366350577,2.7611077152437167,-50.71675252027249,7.5472151551792335
 0.8161895145715943,0.9992479855449212,2.440934038293489,3.010990895451147,-167.83592945983753,0.0,0.35963931912901015,2.780563600281089,-50.677295020786765,7.752466723444347
 0.8212424062059372,1.0116586346263756,2.456147881166297,3.0109180987385162,-168.09179412421815,0.0,0.3571495021832563,2.799947903852577,-50.637275227041115,7.920176532908662
 0.8262590136390526,1.0240559364296695,2.471252129767508,3.0108492248179024,-168.3456188550968,0.0,0.3547040333039392,2.819251844094817,-50.5968892848028,8.050448989035651
 0.8312398119314093,1.0364394374096464,2.4862482383557154,3.0107841570737386,-168.59742973146533,0.0,0.3523029084967739,2.838466489722883,-50.5563288428928,8.143361672011912
 0.8361852575900335,1.0488086775163654,2.5011376042821754,3.01072278501228,-168.8472527827918,0.0,0.3499461202088648,2.857582759892156,-50.515781300883766,8.198966242469378
 0.8410957893551217,1.0611631903063723,2.515921570417701,3.0106650038664506,-169.09511398547687,0.0,0.3476336583663468,2.8765914229921026,-50.47543006385896,8.217284594652654
 0.8459718289447512,1.0735025030521905,2.5306014274498403,3.0106107143512157,-169.34103925974358,0.0,0.3453655112892533,2.8954830963491083,-50.43545478788927,8.198308326846995
 0.8508137817603735,1.085826136850082,2.545178416057647,3.010559822221906,-169.58505446692624,0.0,0.3431416667774444,2.9142482444388844,-50.39603161669873,8.14199821678165
 0.8556220375555585,1.0981336067260876,2.55965372897388,3.0105122382898912,-169.82718540723204,0.0,0.3409621128345846,2.9328771800670506,-50.35733343227158,8.048279059092781
 0.8603969710702778,1.110424421740362,2.5740285129388,3.010467877847592,-170.06745781785182,0.0,0.33882683877752834,2.951360062290089,-50.31953007913374,7.917042828198389
 0.8651389426328477,1.122698085089822,2.588303870554678,3.0104266606232453,-170.30589737150612,0.0,0.33673583606776114,2.9696868966413503,-50.28278860556686,7.748142957436003
 0.869848298731501,1.1349540942091294,2.602480862046533,3.0103885106308534,-170.5425296753717,0.0,0.33468909922812223,2.9878475346411135,-50.247273493128276,7.541394554711121
 0.8745253725574187,1.1471919408700375,2.616560506933421,3.010353355738444,-170.7773802703893,0.0,0.3326866266925364,3.0058316739139137,-50.213146886030856,7.296572251715692
 0.8791704845209113,1.1594111112791003,2.6305437856174745,3.010321127661226,-171.01047463094042,0.0,0.3307284217453142,3.023628857546677,-50.18056881794925,7.0134085760789695
 0.8837839427423376,1.1716110861737867,2.644431640894872,3.0102917618063185,-171.24183816490822,0.0,0.3288144933937423,3.041228474082314,-50.149697442427524,6.691591001811735
 0.8883660435192285,1.1837913409170113,2.6582249793923634,3.0102651969280116,-171.4714962140857,0.0,0.32694485724039235,3.058619757596405,-50.12068925583928,6.330761369226991
 0.8929170717709853,1.195951345590106,2.671924672935336,3.010241375162714,-171.69947405495935,0.0,0.32511953630781476,3.0757917883262045,-50.093699327315576,5.9305121899165325
 0.897437301462427,1.2080905650842442,2.685531559850137,3.010220241808413,-171.92579689980576,0.0,0.323338561980253,3.0927334923357277,-50.068881516114196,5.4903871916885185
 0.9019429580189661,1.22020845919036,2.6894846409296087,0.8773596100516181,-172.15048989818305,0.0,0.321601974901557,3.10943364171225,-49.86909134279222,44.34207774492243
 0.9064565900548649,1.232304482687568,2.6798869294180965,-2.12638323974519,-172.37357813873925,0.0,0.31990982567891457,3.1258808568251815,-49.42543804675647,98.29186174397687
 0.9109847726023528,1.2443780854301085,2.666324207542974,-2.995180016019207,-172.59508665135172,0.0,0.3182621759983054,3.1420636048354185,-48.917752385087425,112.1168716907607
 0.9155275200237132,1.2564287124328475,2.6527178125897626,-2.9951907273630862,-172.81504040962722,0.0,0.3166590994050325,3.1579702016423643,-48.41866339326805,109.865010207835
 0.9200848458969502,1.2684558039553486,2.639067702647852,-2.99520164271575,-173.03346433371757,0.0,0.3151006821804861,3.173588813201018,-47.928089885579034,107.64503600015234
 0.9246567630292167,1.2804587955845432,2.6253738381395415,-2.995212754768768,-173.2503832934787,0.0,0.31358702424549134,3.188907456888748,-47.44595177157143,105.45644202622954
 0.9292432834699441,1.2924371183160208,2.611636181780088,-2.9952240564471726,-173.4658221119604,0.0,0.3121182402481219,3.203914001325391,-46.97217013765204,103.2987076024574
 0.9338444185236714,1.3043901986339559,2.5978546985383844,-2.9952355409649907,-173.67980556921626,0.0,0.3106944603512648,3.218596169591889,-46.50666732386969,101.171299765535
 0.9384601787625824,1.3163174585897104,2.584029355599411,-2.9952472016257343,-173.89235840646893,0.0,0.30931583120035916,3.232941541075699,-46.04936700586195,99.07367244786306
 0.9430905740387467,1.3282183158791185,2.5701601223268162,-2.995259031985577,-174.1035053305871,0.0,0.3079825170585364,3.2469375520102526,-45.60019426528785,97.0052692663824
 0.947735613496071,1.340092183918487,2.5562469702266295,-2.9952710257925683,-174.31327101891307,0.0,0.30669470055208325,3.2605715005831306,-45.15907566623359,94.96552249059805
 0.9523953055819593,1.3519384719193277,2.542289872911765,-2.99528317700076,-174.5216801244224,0.0,0.3054525840646612,3.2738305457854966,-44.72593932558281,92.95385460393992
 0.9570696580586879,1.3637565849618563,2.528288806067846,-2.9952954796676856,-174.728757281223,0.0,0.3042563905554484,3.2867017129020915,-44.30071498278147,90.96967867064699
 0.961758678014494,1.3755459240672647,2.5142437474190347,-2.9953079281354955,-174.9345271104084,0.0,0.3031063646800637,3.299171896490939,-43.88333407082205,89.01239830353119
 0.9664623718743812,1.387305886268806,2.5001546766955487,-2.995320516846683,-175.13901422625327,0.0,0.30200277409605386,3.3112278620392535,-43.47372978260895,87.08140887020345
 0.9711807454106443,1.3990358646817018,2.4860215756012605,-2.9953332405050936,-175.34224324277767,0.0,0.30094591042179053,3.3228562521366407,-43.07183714101331,85.17609691282144
 0.9759138037531142,1.4107352485719087,2.4718444277831404,-2.995346093858143,-175.54423878066,0.0,0.29993609069029126,3.3340435880808434,-42.67759306279372,83.29584165105722
 0.9806615513991258,1.4224034234237521,2.457623218800485,-2.995359071917376,-175.74502547453162,0.0,0.2989736584565623,3.3447762761524,-42.29093642756154,81.44001409952642
 0.985423992223212,1.4340397710064674,2.4433579360953166,-2.9953721698801057,-175.9446279806589,0.0,0.2980589852415546,3.3550406111380084,-41.91180814631571,79.6079773481666
 0.9902011294865202,1.445643669439652,2.429048568964246,-2.9953853829943045,-176.14307098499262,0.0,0.29719247179840186,3.364822782854143,-41.540151223604,77.79908807860555
 0.9949929658459619,1.4572144932576725,2.4146951085301023,-2.995398706773846,-176.34037921164324,0.0,0.2963745497619128,3.374108879467998,-41.175910830476425,76.01269446730878
 0.9997995033630879,1.4687516134730314,2.400297547715251,-2.99541213681403,-176.53657743175518,0.0,0.295605682912613,3.3828848963489655,-40.81903436993171,74.24813793154472
 1.004620743512699,1.4802543976387317,2.3858558812151243,-2.9954256689104213,-176.73169047280547,0.0,0.29488636895400727,3.3911367403895416,-40.469471545829954,72.50475256453338
 1.0094566871911865,1.4917222099096479,2.3713701054729617,-2.9954392989732246,-176.92574322835043,0.0,0.2942171411208302,3.398850237584615,-40.12717443509085,70.78186461554557
 1.014307334724608,1.503154411102936,2.3568402186551047,-2.995453023074589,-177.1187606682229,0.0,0.2935985698560941,3.4060111413013527,-39.79209755863792,69.07879291253519
 1.0191726858765038,1.5145503587575109,2.342266220627193,-2.99546683742105,-177.31076784920012,0.0,0.2930312648506039,3.412605137918747,-39.46419795463777,67.3948485449794
 1.024052739855445,1.5259094071925947,2.327648112930934,-2.9954807383975535,-177.50178992617276,0.0,0.29251587672398704,3.418617858283237,-39.1434352564434,65.72933405625187
 1.0289474953223254,1.537230907565378,2.3129858987621854,-2.995494722455132,-177.6918521637902,0.0,0.2920530991375554,3.424034885960945,-38.82977176356752,64.08154503288861
 1.033856950397393,1.548514207927812,2.298279582949219,-2.9955087862300593,-177.88097994870225,0.0,0.29164367117308543,3.428841764258678,-38.523172535485536,62.45076559291485
 1.0387811026670226,1.5597586532825476,2.283529171932188,-2.995522926454927,-178.06919880227238,0.0,0.2912883792551451,3.4330240106285896,-38.223605458140156,60.83627413250357
 1.0437199491902334,1.5709635856380504,2.2687346737429,-2.9955371400507342,-178.25653439394438,0.0,0.2909880598367757,3.4365671243037643,-37.93104134570685,59.23733630076536
 1.0486734865049485,1.582128344062915,2.253896097986023,-2.9955514239888696,-178.44301255515765,0.0,0.2907436017710721,3.4394565999336675,-37.64545401915229,57.65320990036562
 1.053641710634007,1.5932522647394087,2.239013455820424,-2.9955657754150646,-178.62865929394178,0.0,0.29055594896713255,3.4416779403581206,-37.366820409389554,56.08314007676156
 1.0586246170909153,1.604334681016245,2.2240867599414473,-2.9955801916133633,-178.81350081014244,0.0,0.2904261034207684,3.443216667584467,-37.095120648798336,54.526361861467365
 1.0636222008853529,1.6153749234606407,2.2091160245644303,-2.9955946699042215,-178.99756351134954,0.0,0.2903551281471097,3.444058337737867,-36.83033817500543,52.982097886505215
 1.068634456528425,1.6263723199096545,2.1941012654081926,-2.9956092078007095,-179.18087402959392,0.0,0.2903441502553916,3.4441885573392237,-36.572459846049284,51.44955631155424
 1.0736613780376711,1.6373261955208558,2.179042499679657,-2.9956238029253672,-179.36345923874745,0.0,0.29039436457600787,3.4435929962348144,-36.32147604009744,49.92793412234564
 1.0787029589418182,1.6482358728223145,2.1639397460595586,-2.9956384529454527,-179.54534627280262,0.0,0.29050703717764353,3.4422574052431822,-36.077380788547956,48.416410683541386
 1.0837591922852974,1.659100671761978,2.1487930246881244,-2.9956531557168806,-179.72656254497264,0.0,0.2906835090219504,3.440167635806567,-35.840171894698834,46.914150857978036
 1.088830070632508,1.6699199097564186,2.1336023571521636,-2.995667909153595,-179.90713576768394,0.0,0.29092520048238435,3.437309653278216,-35.6098510646853,45.4203028041929
 1.0939155860718455,1.6806929017390084,2.1183677664723395,-2.9956827113298377,179.91290602644585,0.0,0.2912336152592912,3.4336695614950896,70753.89822059187,13919829.546497116
 1.099015730219483,1.6914189602075274,2.1030892770918066,-2.995697560354302,179.73353446266418,0.0,0.29161034541923603,3.429233618451848,-35.169900808543325,-13879817.133049399
 1.1041304942229184,1.7020973952712433,2.0877669148651727,-2.9957124544440727,179.5547208010368,0.0,0.29205707603650916,3.4239882613732426,-34.96029562796127,40.980420688278784
 1.1092598687642798,1.7127275146974748,2.072400707048014,-2.9957273919561276,179.3764359123076,0.0,0.2925755906672735,3.417920126963813,-34.757627326989194,39.51130870593127
 1.1144038440634003,1.7233086239576816,2.0569906822872985,-2.995742371342692,179.19865025255754,0.0,0.2931677768342583,3.411016076863548,-34.561919412885324,38.04604468791609
 1.119562409880658,1.7338400262730955,2.041536870612698,-2.995757391114493,179.02133383659478,0.0,0.293835632451025,3.403263217801452,-34.37320027391569,36.58364469021195
 1.1247355555195866,1.7443210226599242,2.026039303428428,-2.9957724498705316,178.84445621000665,0.0,0.29458127177239,3.3946489333261347,-34.19150337796047,35.12309697757772
 1.1299232698292623,1.7547509119741613,2.0104980135055275,-2.995787546340844,178.66798641981254,0.0,0.2954069325727576,3.385160907669978,-34.0168674795736,33.66336077165111
 1.1351255412064665,1.7651289909560244,1.9949130349752036,-2.995802679309592,178.49189298357484,0.0,0.2963149836764392,3.3747871524848327,-33.8493368510798,32.20336202142558
 1.140342357597629,1.7754545542740507,1.9792844033227186,-2.9958178476360255,178.3161438569355,0.0,0.2973079325159147,3.3635160405498787,-33.68896151626678,30.741993351481476
 1.1455737065005624,1.7857268945688924,1.9636121553814925,-2.9958330503320263,178.1407063994311,0.0,0.298388434049307,3.351336331738501,-33.53579750836965,29.278109860201262
 1.1508195749659853,1.7959453024968324,1.9478963293290001,-2.9958482863381377,177.96554733850823,0.0,0.29955929960920247,3.338237208140675,-33.38990713881288,27.810527564381875
 1.1560799495988419,1.8061090667730477,1.9321369646815607,-2.9958635548513355,177.79063273159923,0.0,0.3008235067693714,3.324208306522593,-33.25135928845669,26.33801963282566
 1.1613548165594332,1.816217474214679,1.9163341022914,-2.9958788549975472,177.61592792612774,0.0,0.30218421003371665,3.3092397511055376,-33.12022971891378,24.859313139570865
 1.166644161564357,1.8262698097837131,1.9004877843431214,-2.9958941860527752,177.44139751736049,0.0,0.30364475181204903,3.2933221932285632,-32.99660139483664,23.373087586846832
 1.1719479698872737,1.8362653566297342,1.8845980543513268,-2.99590954732251,177.26700530387788,0.0,0.3052086750219312,3.276446843878679,-32.880564844148985,21.87796836214435
 1.1772662263595035,1.8462033961325723,1.868664957158658,-2.995924938157104,177.09271424055876,0.0,0.306879735858035,3.258605515949114,-32.77221853236927,20.37252478241051
 1.1825989153704726,1.856083207944893,1.8526885389338135,-2.995940358041107,176.91848638891852,0.0,0.3086619181347687,3.2397906617147947,-32.67166926139727,18.8552662203221
 1.187946020868017,1.8659040700347702,1.836668847171091,-2.9959558063851754,176.74428286455012,0.0,0.3105594485553056,3.219995413605702,-32.57903260902531,17.324635246956227
 1.1933075263585635,1.8756652587282805,1.8206059306889482,-2.995971282779685,176.5700637815702,0.0,0.3125768130119245,3.1992136280494066,-32.49443338015318,15.779006292411008
 1.1986834149072036,1.8853660487521715,1.8044998396302139,-2.9959867867440146,176.3957881937278,0.0,0.31471877442152907,3.1774399281963923,-32.41800611482419,14.21667592947599
 1.2040736691376845,1.8950057132766487,1.7883506254615316,-2.996002317916932,176.22141403209534,0.0,0.3169903921043676,3.1546697468065683,-32.34989560351521,12.635862502333168
 1.2094782712323353,1.9045835239583286,1.7721583409738233,-2.9960178759014764,176.0468980389314,0.0,0.3193970423611109,3.130899374044291,-32.2902574708796,11.034694430998998
 1.2148972029319614,1.9140987509834184,1.7559230402823538,-2.9960334603571215,175.87219569757286,0.0,0.32194444092882074,3.106126004583169,-32.239258776889564,9.411208115716388
 1.2203304455357313,1.9235506631111687,1.739644778827267,-2.996049070916077,175.69726115798358,0.0,0.32463866765071725,3.0803477824641408,-32.19707867782215,7.763338054912426
 1.2257779799010995,1.9329385277176718,1.7233236133735965,-2.9960647072609246,175.5220471576751,0.0,0.32748619279128266,3.053563850972281,-32.16390912967515,6.088910307362274
 1.231239786443795,1.942261610840055,1.706959602011486,-2.99608036904848,175.34650493762229,0.0,0.3304939055736228,3.025774403507825,-32.13995565031422,4.385633063654688
 1.236715845137926,1.9515191772211427,1.6905528041562559,-2.996096055875715,175.17058415283893,0.0,0.3336691454624801,2.9969807325575637,-32.12543813160682,2.651088952526694
 1.2422061355162561,1.9607104903546637,1.674103280547566,-2.9961117673512336,174.99423277715556,0.0,0.3370197362269602,2.9671852788068382,-32.12059172305679,0.8827235384777626
 1.247710636670698,1.969834812531065,1.6576110932483508,-2.996127503017545,174.81739700178312,0.0,0.3405540226510734,2.936391683808079,-32.125667778220574,-0.9221644289589328
 1.2532293272531059,1.9788914048840305,1.641076305643154,-2.9961432622994497,174.6400211271615,0.0,0.3442809107861315,2.904604840612855,-32.14093487811073,-2.766435200918971
 1.2587621854764333,1.98787952743778,1.624498982434481,-2.996159044665277,174.46204744757833,0.0,0.348209911776547,2.8718309450126145,-32.16667993277691,-4.653120254849804
 1.26430918911634,1.9967984391552418,1.6078791896396885,-2.9961748492870863,174.2834161279395,0.0,0.35235118967937884,2.8380775467508643,-32.2032093784279,-6.58543747622447
 1.2698703155133546,2.0056473979872025,1.591216994584257,-2.9961906753956336,174.10406507211593,0.0,0.3567156136191029,2.8033536010783906,-32.25085046077079,-8.566804446031753
 1.275445541575696,2.014425660922543,1.5745124658952399,-2.996206521893347,173.9239297821226,0.0,0.361314815162873,2.7676695170919614,-32.30995263314403,-10.600856667041406
 1.2810348437828858,2.0231324840396705,1.5577656734909504,-2.9962223876081087,173.7429432074124,0.0,0.366161250540368,2.7310372097654647,-32.38088906292879,-12.691464364462524
 1.2866381981902857,2.0317671225592644,1.5409766885690521,-2.9962382710839126,173.56103558341343,0.0,0.3712682696419226,2.6934701448213465,-32.464058271728064,-14.842753599422368
 1.292255580434737,2.040328830898489,1.524145583591234,-2.996254170604649,173.37813425844817,0.0,0.3766501907503559,2.654983389249897,-32.55988590520652,-17.05912635251228
 1.297886965741478,2.048816862726799,1.5072724322645206,-2.996270084115176,173.1941635080029,0.0,0.38232238334600654,2.615593654884149,-32.66882666064978,-19.34528530890208
 1.3035323289325536,2.0572304710235008,1.4903573095177487,-2.996286009288481,173.00904433527398,0.0,0.3883013588564262,2.5753193420313227,-32.79136637684768,-21.70625911041672
 1.309191644436966,2.0655689081372484,1.4734002914745232,-2.9963019432304887,172.82269425674377,0.0,0.3946048706790961,2.5341805798774044,-32.92802431405356,-24.147432158418283
 1.3148648863028223,2.0738314258476263,1.4564014554191438,-2.996317882670384,172.6350270715299,0.0,0.4012520242331351,2.49219926531506,-33.07935562264323,-26.67457375657387
 1.3205520282118206,2.082017275429064,1.4393608797568271,-2.996333823735725,172.4459526129828,0.0,0.4082633985498349,2.4493990976218614,-33.24595404378596,-29.293874464278293
 1.3262530434964135,2.090125707717267,1.4222786439664936,-2.9963497618570925,172.25537648093234,0.0,0.4156611804697457,2.4058056104009595,-33.42845485180686,-32.01198363984686
 1.3319679051600608,2.098155973178403,1.4051548285441604,-2.9963656917995296,172.0631997528264,0.0,0.4234693131136612,2.361446199365089,-33.62753806070312,-34.83605039167142
 1.3376965859010503,2.1061073219813187,1.3879895149371233,-2.996381607412125,171.8693186717551,0.0,0.43171366050455695,2.316350144749345,-33.84393193427832,-37.77377084864871
 1.3434390581404134,2.1139790040730575,1.3707827854666137,-2.996397501508525,171.67362430920184,0.0,0.4404221898532011,2.2705486304704903,-34.07841682051817,-40.833438363449325
 1.349195294054546,2.121770269257976,1.3535347232363566,-2.9964133658785856,171.47600220006305,0.0,0.44962517404293434,2.2240747576658393,-34.33182935633836,-44.02400103130288
 1.354965265613256,2.1294803672808293,1.3362454120271168,-2.9964291909100895,171.27633194731334,0.0,0.45935541727287166,2.176963550221872,-34.605067064549424,-47.3551221926899
 1.360748944624024,2.137108547914161,1.3189149361729506,-2.9964449655488545,171.074486793235,0.0,0.46964850538262326,2.1292519587287915,-34.89909341485716,-50.837252510094196
 1.3665463027834122,2.144654061050423,1.3015433804176286,-2.996460677039703,170.8703331539659,0.0,0.4805430862103779,2.0809788522526116,-35.21494336838441,-54.48170439767734
 1.3723573117366994,2.1521161567992846,1.284130829748653,-2.9964763105597383,170.66373011360483,0.0,0.49208118172931337,2.032185007534154,-35.55372948517016,-58.30073908148024
 1.3781819431469493,2.159494085590599,1.2666773692033384,-2.996491849183917,170.45452887375149,0.0,0.5043085378832987,1.9829130876848424,-35.91664864581884,-62.30766122127995
 1.3840201687749398,2.1667870982835935,1.2491830836460207,-2.9965072732790397,170.2425721538231,0.0,0.5172750163431528,1.9332076137553384,-36.30498946669505,-66.5169257958047
 1.3898719605715915,2.173994446282887,1.2316480575090833,-2.9965225603157704,170.02769353703005,0.0,0.5310350340763936,1.883114928074862,-36.72014047321399,-70.94425450278112
 1.395737290784765,2.181115381661988,1.214072374494329,-2.9965376843199034,169.80971675607282,0.0,0.5456480576235265,1.832683148099753,-37.16359915553221,-75.60677169074337
 1.4016161320826297,2.188149157295029,1.1964561172277128,-2.996552615396244,169.58845491217903,0.0,0.5611791597843214,1.7819621106106844,-37.63698196346098,-80.5231480054937
 1.4075084576961359,2.195095026997567,1.178799366860668,-2.996567319119755,169.36370962000524,0.0,0.5776996473161364,1.7310033070744923,-38.142035405958616,-85.71377001636901
 1.4134142415835143,2.201952245677337,1.1611022026093671,-2.9965817559160164,169.13527007017626,0.0,0.5952877705262936,1.6798598081662262,-38.68064835850328,-91.20092485872487
 1.4193334586202477,2.208720069496017,1.1433647012231756,-2.996595880184181,168.90291200016262,0.0,0.6140295265443451,1.6285861783029099,-39.254865731676205,-97.00900805113947
 1.4252660848184806,2.2153977560431186,1.1255869363707283,-2.9966096393773647,168.6663965628247,0.0,0.6340195707605943,1.5772383789357818,-39.86690370082114,-103.16476189368669
 1.4312120975805316,2.2219845645232965,1.1077689779303277,-2.9966229729810676,168.4254690807889,0.0,0.6553622522165925,1.5258736624176321,-40.51916665458303,-109.69753679723114
 1.4371714759919336,2.228479755958488,1.0899108911701576,-2.9966358112118425,168.17985767296886,0.0,0.6781727937100365,1.4745504527384004,-41.21426613052306,-116.63959358749517
 1.4431442011603872,2.2348825934065055,1.072012735800362,-2.9966480735341943,167.9292717378581,0.0,0.7025786373158277,1.423328218205521,-41.9550419688316,-124.02643976004914
 1.449130256608103,2.241192342197881,1.0540745648761385,-2.996659666937837,167.67340027607523,0.0,0.7287209845603498,1.3722673302777435,-42.744585982833236,-131.8972102577021
 1.4551296287263316,2.2474082701929863,1.0360964235271821,-2.9966704839547185,167.41191003195203,0.0,0.756756560954585,1.3214289133332175,-43.58626852444321,-140.29510505817842
 1.4611423073024685,2.253529648061742,1.0180783474856117,-2.996680400159814,167.14444343144544,0.0,0.7868596432220338,1.2708746834507851,-44.48376827727718,-149.2678747864468
 1.4671682861320015,2.2595557495885026,1.0000203613771608,-2.9966892714507845,166.8706162899294,0.0,0.8192243937776789,1.220666776521037,-45.44110579579615,-158.86838397558347
 1.4732075637298476,2.2654858520050762,0.9819224767360504,-2.996696930699918,166.5900152598838,0.0,0.8540675553914157,1.1708675662567514,-46.462681256057145,-169.1552414522766
 1.47926014415833,2.271319236355205,0.9637846896966047,-2.996703183668999,166.3021949835668,0.0,0.8916315687623892,1.121539473291675,-47.55331708812691,-180.19352984347498
 1.4853260379924054,2.27705518789435,0.9456069783027452,-2.996707804502849,166.0066749109584,0.0,0.9321881895744355,1.0727447646129502,-48.71830610491489,-192.0556225767757
 1.491405263446698,2.28269299652912,0.9273892993701834,-2.9967105299076673,165.7029357364946,0.0,0.9760426951608708,1.0245453451553987,-49.963466028276315,-204.82213280676714
 1.4974978476937943,2.2882319573013206,0.9091315848181177,-2.9967110525828877,165.3904154011724,0.0,1.0235387905282693,0.9770025418224546,-51.295201288543666,-218.58298650561315
 1.5036038284091995,2.2936713709223606,0.8908337373743489,-2.996709013116292,165.0685045978421,0.0,1.0750643462961238,0.9301768805237194,-52.72057321080897,-233.4386544440193
 1.509723255585611,2.2990105443645694,0.8724956255365875,-2.9967039902768864,164.73654170735293,0.0,1.1310581280711023,0.8841278579602201,-54.247379847707606,-249.5015616468127
 1.5158561936681556,2.3042487915170295,0.8541170776481699,-2.996695489348944,164.39380708103863,0.0,1.1920177124761153,0.8389137086920906,-55.88424694679021,-266.8977049909295
 1.5220027240732399,2.3093854339146693,0.8356978749166936,-2.9966829280207192,164.03951657100797,0.0,1.2585088277262602,0.7945911685074896,-57.6407317106254,-285.7684983356248
 1.528162948167423,2.3144198015508075,0.817237743167806,-2.9966656190833634,163.67281419226495,0.0,1.3311764084979278,0.7512152360996087,-59.52744139442476,-306.2728976987868
 1.5343369907997384,2.319351233784951,0.7987363430780599,-2.996642749583315,163.29276378079314,0.0,1.410757723735209,0.7088389332736301,-61.55616896498349,-328.5898221596689
 1.5405250045022878,2.3241790803596545,0.7801932585757431,-2.996613355054017,162.8983394870009,0.0,1.4980980159345552,0.6675130661435208,-63.74004854412763,-352.9209345875254
 1.5467271745007634,2.328902702542567,0.7616079830242614,-2.996576287984658,162.48841491522737,0.0,1.5941691970867422,0.6272859881043027,-66.09373362456881,-379.4938031398188
 1.552943724710515,2.333521474412612,0.7429799027119264,-2.9965301789269243,162.06175068455542,0.0,1.700092276729208,0.5882033661866231,-68.63360164013035,-408.5655113952757
 1.5591749249369184,2.3380347843125997,0.7243082770576602,-2.996473388087999,161.61698014435603,0.0,1.817164362868757,0.550307952562585,-71.37798883668475,-440.4267391257254
 1.5654210995540054,2.3424420364946505,0.7055922147924591,-2.9964039452245776,161.15259292679974,0.0,1.9468912887190177,0.5136393622974003,-74.34746000951003,-475.40636547399936
 1.571682638006199,2.3467426529896436,0.6868306451885501,-2.996319474383556,160.6669159569508,0.0,2.091027182879322,0.4782338595058391,-77.56511815060533,-513.8766080671558
 1.5779600075700206,2.350936075737935,0.6680222831644851,-2.9962170990319317,160.15809146659117,0.0,2.2516226450427785,0.44412415295325874,-81.0569594774393,-556.2586830889342
 1.58425376893238,2.355021769025754,0.6491655867752024,-2.9960933221996355,159.62405146696858,0.0,2.4310836248327083,0.4113392027264441,-84.85227972203133,-603.0289402598697
 1.59056459529956,2.3589992222805547,0.63025870518095,-2.995943873940056,159.06248802545744,0.0,2.63224365944261,0.37990403981512666,-88.98413754997016,-654.7253224121132
 1.5968932959596238,2.362867953289484,0.6112994146400524,-2.995763515967306,158.4708185574974,0.0,2.85845284873563,0.34983959957300914,-93.48988042579512,-711.953861913183
 1.6032408454995957,2.3666275119184785,0.5922850393399777,-2.9955457898102655,157.8461451818467,0.0,3.1136878671939847,0.32116257076891497,-98.41173695723448,-775.3947409855386
 1.60960842025465,2.3702774844260737,0.5732123528974651,-2.9952826902226386,157.18520698988831,0.0,3.402688501107126,0.2938852615144266,-103.79747665054819,-845.8070616350143
 1.6159974440786158,2.373817498486576,0.5540774550289257,-2.9949642380049375,156.48432384023297,0.0,3.7311277241124428,0.2680154832378136,-109.70113259341028,-924.0309796180254
 1.6224096462304813,2.377247229062889,0.5348756160651471,-2.994577917072068,155.73933000182575,0.0,4.105824269867304,0.24355645402045398,-116.183772869746,-1010.9850130738081
 1.6288471351551248,2.3805664053013853,0.5156010794503886,-2.994107926302341,154.945495624223,0.0,4.535009133789004,0.22050672236783325,-123.31429022950769,-1107.6550877571594
 1.6353124933260457,2.3837748186614993,0.4962468088070423,-2.9935341757855976,154.09743360726472,0.0,5.028660535749254,0.1988601125271629,-131.17015245537655,-1215.0699185084668
 1.6418089003100569,2.3868723325435104,0.4768041610746664,-2.9928309264225046,153.1889889715618,0.0,5.598925693501044,0.17860569236715368,-139.83801167919034,-1334.2543416917856
 1.648340294116755,2.3898588937420624,0.45726245988860287,-2.99196492577476,152.21310730285984,0.0,6.260652303951954,0.15972776500761163,-149.41399915300394,-1466.147618291372
 1.6549115852028469,2.392734546134073,0.4376084325494196,-2.9908928217745903,151.16167828133194,0.0,7.0320577734321335,0.1422058851362267,-160.0034160339134,-1611.4667182103829
 1.6615289440241834,2.3954994471122855,0.4178254576882744,-2.98955752518036,150.0253497647914,0.0,7.935569431651934,0.12601490146521618,-171.71934411001712,-1770.4840242798614
 1.6682001931371937,2.3981538874054387,0.3978925457867399,-2.9878830131918197,148.79330748741862,0.0,8.998872977782744,0.11112502670822148,-184.67939909035337,-1942.6729178890162
 1.674935350936603,2.4006983150894037,0.37778293541811087,-2.985766773035793,147.45301537222792,0.0,10.256206493287744,0.09750193706166681,-198.9993635053724,-2126.151285761268
 1.681747400500698,2.4031333647979185,0.35746212437288627,-2.983068583694899,145.9899121227473,0.0,11.749928104989703,0.08510690372440168,-214.7816506198559,-2316.8191842978777
 1.688653401849602,2.4054598933938554,0.3368850480033704,-2.9795934477744717,144.38706183115465,0.0,13.532356414259961,0.07389695995194394,-232.0952763565603,-2507.04059585106
 1.6956761453343032,2.407679023666769,0.31599193075296417,-2.9750648440913543,142.6247609702272,0.0,15.667815117931882,0.06382510850893917,-250.94193811387032,-2683.6608511142053
 1.7028466916461504,2.4097921979776977,0.2947019960581575,-2.969081262278625,140.68011324411017,0.0,18.234673406567087,0.05484057639550907,-271.1993816850535,-2825.090682102379
 1.7102084357694194,2.411801244159732,0.2729035604054977,-2.9610422866721846,138.52660044696026,0.0,21.326906111062474,0.046889126570557285,-292.5275262343204,-2897.1591775178804
 1.7178239522241332,2.4137084563529827,0.25043766953850033,-2.950015406124103,136.1337064637855,0.0,25.054217128330123,0.039913440315372986,-314.2129621023431,-2847.533190555962
 1.7257873230292906,2.4155166936951242,0.22706933864870865,-2.934477303839396,133.46669960325912,0.0,29.538965247447486,0.03385358937332484,-334.9092897694953,-2598.9405960787826
 1.734248440138545,2.4172294996877968,0.20243260677708358,-2.911758761107165,130.48675395592753,0.0,34.906908640556125,0.028647624179419982,-352.1929325469643,-2042.7140476007648
 1.7434674884859043,2.418851244226556,0.1759123585921657,-2.87667958618682,127.15170066111361,0.0,41.26721118748669,0.02423231352990547,-361.75678542451686,-1037.4013148864788
 1.7539639591074445,2.420387288082016,0.14633908013877853,-2.8174497428400946,123.41784260495015,0.0,48.67581982897678,0.020544081301835593,-355.7250994921151,574.6394335657857
 1.7671023838797224,2.4218441651349654,0.11088673704807563,-2.698370901016036,119.24341038788117,0.0,57.076990071528854,0.017520195068920077,-317.72699463005944,2892.1355124878987
 1.7974954171762743,2.423229769844413,0.045589549944822984,-2.148426136546915,114.5942903338745,0.0,57.076990071528854,0.017520195068920077,-152.96663576300998,5420.9909639306015
 1.7974954171762743,-0.0,0,-0.0,110.35429376339572,0.0,93.92124818826673,0.010647217954295955,0.0,0.0
 1.826976866287545,-0.0013037337625506724,-0.04422217366690616,-1.5,110.35429376339572,0.2648718783071141,93.92124818826673,0.010647217954295955,0.0,0.0
 1.8394188069716295,-0.0026363559178999426,-0.107107258359939,-5.05428263080168,117.45233287025313,0.5297437566142282,85.66909141259495,0.011672821358450656,570.4929228554436,45852.40657715154
 1.8492425984157492,-0.0040166561493466015,-0.1405058565522453,-3.399766615800653,124.11424746646738,0.7946156349213424,75.4366213776308,0.013256161022828226,678.1408821745605,10957.883209496726
 1.8578344664109323,-0.005461201293813722,-0.1681293457111994,-3.2150737388471224,130.2219167393242,1.0594875132284565,64.70068821096127,0.015455786138463127,710.8662838257103,3808.8808707835087
 1.8657308945899647,-0.006984120566811367,-0.19286178997252262,-3.132105263364029,135.72434402400458,1.3243593915355707,54.51598683886552,0.0183432431106077,696.8248377527398,-1778.2022142942071
 1.8732017088428015,-0.008597163896845937,-0.21591265362032644,-3.085455328922239,140.62348603479586,1.5892312698426847,45.456203683887416,0.02199919744627649,655.7708229636354,-5495.253047352219
 1.8804006927493335,-0.010309927076767327,-0.23791735085937954,-3.0566393153188294,144.95546665761142,1.854103148149799,37.721421955512064,0.026510135306653634,601.7488966581711,-7504.1043301191185
 1.8874218642212681,-0.0121301488172041,-0.2592475839270795,-3.0379877706964393,148.77405708723293,2.118975026456913,31.28350243474877,0.03196573024666286,543.8679919562453,-8243.767430163285
 1.8943252193023696,-0.014064015869668198,-0.28013437375663364,-3.0255998111313835,152.1389801127077,2.3838469047640274,26.003194402417478,0.03845681359468018,487.43299250047556,-8175.0103815843995
 1.901150106976243,-0.016116442076291617,-0.30072673788909593,-3.0172458678394007,155.10884938906395,2.648718783071142,21.704293683846057,0.046073832881476075,435.1528432805346,-7660.221196031873
 1.9079227924481683,-0.018291307814159607,-0.3211230976077942,-3.011561632862861,157.73753544944535,2.913590661378256,18.213051617282254,0.05490568088277453,388.1305386582655,-6942.933466671265
 1.914660992405504,-0.02059165802819445,-0.3413894257516862,-3.0076768680378585,160.07271071569315,3.1784625396853703,15.37543812342863,0.06503879707182003,346.55772773640655,-6169.720575982652
 1.9213767114071059,-0.023019862590458826,-0.3615703041900919,-3.005021269292534,162.15563042192085,3.4433344179924847,13.062253834046839,0.0765564666484657,310.15587545143944,-5420.395385257212
 1.928078072180985,-0.025577744682118958,-0.381695923853313,-3.0032138758545592,164.02153662375244,3.708206296299599,11.16840964936616,0.08953826295731845,278.436912261849,-4733.2122922296985
 1.9347705254972942,-0.02826668304682164,-0.401786644988596,-3.0019964556678755,165.70032417268527,3.9730781746067136,9.609877862420742,0.10405959517034886,250.84785348322518,-4122.413332550334
 1.9414576653405728,-0.03108769334477864,-0.42185603472797717,-3.0011918712232735,167.2172724165575,4.237950052913828,8.320067341873182,0.12019133486663099,226.84559907879296,-3589.3154572739
 1.9481417867102215,-0.034041492980637904,-0.44191292654736786,-3.000677383038719,168.59374521567162,4.502821931220942,7.24640288633959,0.13799950343433565,205.9317482420969,-3128.885560286469
 1.9548242721953393,-0.03712855293241499,-0.46196283682951833,-3.000367202712619,169.84781740248727,4.7676938095280565,6.347392487179234,0.15754500797293497,187.66553097773726,-2733.4466053146525
 1.961505862717681,-0.04034913937003607,-0.4820089508407084,-3.0002009168566737,170.9948152171107,5.032565687835171,5.590233095041491,0.1788834173814675,171.66538577725976,-2394.661143477294
 1.9681868487992522,-0.04370334724425265,-0.5020528157465771,-3.0001357076850135,172.04777272015716,5.2974375661422854,4.948908140799881,0.2020647729861424,157.60510352669382,-2104.522009011436
 1.9748672066334443,-0.04719112754285795,-0.5220948316202226,-3.000141065956784,173.01781249338993,5.5623094444494,4.402698450816974,0.22713342991147573,145.20775642703077,-1855.7908733885276
 1.9815466954163012,-0.05081230953268167,-0.5421346015457947,-3.000195161193298,173.91446098942797,5.8271813227565135,3.935026004421728,0.25412792669637135,134.239090024275,-1642.1416008523306
 1.988224927238555,-0.05456661901289642,-0.5621711824534605,-3.0002823263634126,174.74590885527346,6.092053201063628,3.5325592989012558,0.283080881419608,124.50119851707996,-1458.1541591212185
 1.9949014173879085,-0.058453693379333545,-0.5822032654108712,-3.000391299813478,175.5192255979254,6.356925079370742,3.1845215615588867,0.31401891325567916,115.82683795719413,-1299.2396252881117
 2.0015756205697484,-0.06247309412568263,-0.6022293054076628,-3.000513986640552,176.24053668736826,6.621796957677857,2.8821551168179673,0.3469625885729725,108.07448766400432,-1161.5394500250475
 2.0082469569468806,-0.06662431727352222,-0.6222476147461194,-3.0006445795589705,176.91516989996592,6.886668835984971,2.6183055768314385,0.38192639119310023,101.12414881524323,-1041.8210768962513
 2.01491483078309,-0.07090680211969738,-0.6422564300661322,-3.0007789306625154,177.54777652401958,7.151540714292086,2.3870979300268518,0.4189187160782931,94.87381429119911,-937.3804420386928
 2.0215786436932444,-0.07531993860938348,-0.6622539601856775,-3.00091409965506,178.14243202796504,7.4164125925992,2.1836831914739654,0.4579418863983697,89.23652448874992,-845.9555930598145
 2.028237803949699,-0.07986307358084509,-0.6822384199355914,-3.00104802712065,178.70271993356127,7.681284470906315,2.0040393691541936,0.4989921931633763,84.13792190286195,-765.652483125906
 2.0348917329004594,-0.08453551607912563,-0.7022080537464158,-3.0011792970139335,179.2318019303849,7.946156349213429,1.8448143724105044,0.5420599573350906,79.51422396284993,-694.8823731403818
 2.0415398692714377,-0.08933654189764259,-0.7221611517290208,-3.0013069632129366,179.73247669199498,8.211028227520544,1.7032014341972368,0.5871296136333551,75.3105432367012,-632.309641616212
 2.0481816719203967,-0.09426539747645243,-0.7420960602589243,-3.001430422360951,-179.79277061123003,8.475900105827657,1.5768398416326697,0.6341798156016871,-54130.67299727266,-8161336.071767265
 2.0548166214612964,-0.09932130326204106,-0.7620111885437166,-3.001549320312036,-179.34172648346456,8.740771984134772,1.4637354542558547,0.6831835609996807,67.9800388812473,8168660.922296024
 2.061444221068676,-0.10450345661434447,-0.7819050122661348,-3.0016634831510056,-178.91241364182372,9.005643862441886,1.3621967621328908,0.7341083372083685,64.77652047097172,-483.3602812560398
 2.0680639966917047,-0.10981103433149668,-0.8017760751117516,-3.0017728662117484,-178.50306084818666,9.270515740749001,1.27078320652456,0.7869162850639807,61.83786535196427,-443.9206532597043
 2.0746754968482772,-0.11524319485046684,-0.8216229887811507,-3.001877516355973,-178.1120771564688,9.535387619056115,1.1882632189558548,0.8415643807259433,59.13691030153908,-408.523782267501
 2.081278292125683,-0.12079908017182761,-0.841444431932119,-3.001977544085873,-177.73802985564544,9.800259497363228,1.1135799991553446,0.8980046343850504,56.64984072781045,-376.6691937639185
 2.087871974481702,-0.12647781754882823,-0.8612391483822497,-3.0020731029091894,-177.37962551660493,10.065131375670344,1.0458234838002296,0.9561843040340614,54.355718047801496,-347.9273880876107
 2.0944561564155895,-0.13227852097434067,-0.8810059448171113,-3.0021643741533404,-177.03569365419625,10.330003253977457,0.9842072876300327,1.0160461241940162,52.23608124170173,-321.928650724299
 2.101030470060239,-0.13820029249390678,-0.9007436881849233,-3.0022515557765446,-176.70517260039065,10.594875132284573,0.9280496583197612,1.0775285471366967,50.274609894002595,-298.35378318092074
 2.1075945662330735,-0.14424222336862622,-0.920451302911141,-3.0023348542298818,-176.38709725247926,10.859747010591686,0.8767576831699314,1.1405659958227956,48.456838464333906,-276.92638587343845
 2.1141481134729982,-0.150403395107978,-0.9401277680302853,-3.002414478570128,-176.08058841684013,11.124618888898802,0.8298141419418257,1.205089127138671,46.76991321156032,-257.40643822579136
 2.120690797083081,-0.15668288038965777,-0.9597721143052926,-3.002490636217497,-175.7848435141842,11.389490767205915,0.7867665217913176,1.2710251037667317,45.20238487463342,-239.5849211646445
 2.1272223181928056,-0.16307974388094812,-0.979383421385003,-3.0025635300346756,-175.4991284504494,11.65436264551303,0.7472178056997394,1.3382978729522381,43.744031280768745,-223.2793202939205
 2.1337423928494395,-0.16959304297402522,-0.9989608150345479,-3.002633356295352,-175.2227704881968,11.919234523820144,0.7108187203702375,1.4068284519562728,42.385705196092864,-208.3298361152726
 2.140250751144868,-0.17622182844588344,-1.0185034644626412,-3.0027003033652497,-174.95515197963636,12.184106402127258,0.6772611916669246,1.4765352161087617,41.119203401638345,-194.59620029587057
 2.1467471363817694,-0.18296514505199063,-1.0380105797611308,-3.0027645509205274,-174.69570484330833,12.448978280434373,0.6462727997444638,1.547334191374602,39.93715379658839,-181.9549737191758
 2.1532313042813054,-0.18982203206160514,-1.0574814094657918,-3.0028262695130747,-174.44390568472068,12.713850158741486,0.6176120677228885,1.6191393469479327,38.83291772960596,-170.29726621690287
 2.1597030222331526,-0.19679152374155892,-1.076915238242863,-3.0028856204286987,-174.19927147574649,12.978722037048602,0.5910644456618176,1.6918628879466695,37.80050533636108,-159.52679040196088
 2.1661620685877705,-0.2038726497944485,-1.0963113847025634,-3.0029427557571258,-173.96135572032725,13.243593915355715,0.5664388770672205,1.7654155470005424,36.83450193063586,-149.5582091672892
 2.1726082319901434,-0.21106443575637615,-1.1156691993380436,-3.00299781857131,-173.72974504427302,13.50846579366283,0.5435648554065533,1.8397068722407763,35.93000387935473,-140.3157187961087
 2.1790413107537376,-0.21836590335873732,-1.134988062586996,-3.003050943240609,-173.50405615596378,13.773337671969944,0.5222898933290832,1.9146455115682708,35.08256258052545,-131.7318394460059
 2.1854611122731336,-0.2257760708579837,-1.1542673830114818,-3.0031022557687526,-173.28393313204162,14.03820955027706,0.5024773408190819,1.9901394923996227,34.2881354286551,-123.74637276092619
 2.1918674524735744,-0.23329395333680206,-1.1735065955912365,-3.0031518742060324,-173.06904498859066,14.303081428584173,0.48400450015244784,2.0660964922537457,33.54304278692176,-116.30550648591876
 2.1982601552955616,-0.24091856297973127,-1.192705160124885,-3.003199909061339,-172.85908350357766,14.567953306891287,0.46676099161071777,2.142424105641646,32.84393015906703,-109.36103981717531
 2.2046390522125896,-0.24864890932587638,-1.2118625597334043,-3.0032464637231993,-172.65376126105318,14.832825185198402,0.45064733494196146,2.219030098400092,32.18773483803512,-102.86971706350062
 2.211003981780102,-0.25648399950107653,-1.2309782994602225,-3.0032916348970833,-172.45280989118987,15.097697063505516,0.43557371341085643,2.295822656902958,31.57165648603933,-96.79264247327723
 2.2173547892137817,-0.264422838431595,-1.250051904962001,-3.003335512997329,-172.25597848399636,15.362568941812631,0.4214588959405957,2.372710624053239,30.993131070176172,-91.09478155408878
 2.22369132599535,-0.27246442904117646,-1.2690829212848733,-3.0033781825792283,-172.06303215695604,15.627440820119745,0.40822929430317084,2.4496037250510287,30.449807787999937,-85.74451642996405
 2.2300134495040966,-0.28060777243309665,-1.2880709117203377,-3.0034197226918793,-171.87375075966358,15.89231269842686,0.39581813670209265,2.5264127822233595,29.939528550900032,-80.71326610337695
 2.236321022672482,-0.2888518680586695,-1.3070154567360468,-3.0034602072732492,-171.68792770040693,16.157184576733975,0.38416474157941805,2.603049920429178,29.460309741321105,-75.9751487277037
 2.242613913664192,-0.2971957138734961,-1.3259161529761903,-3.0034997054680708,-171.50536888159996,16.422056455041087,0.37321387943837975,2.6794287541096313,29.01032594517094,-71.50668853837746
 2.248891995573158,-0.3056383064826209,-1.3447726123272057,-3.003538281984613,-171.32589173248797,16.6869283333482,0.3629152089467475,2.755464569540086,28.587895429604053,-67.28655689623476
 2.2551551461421075,-0.31417864127561973,-1.3635844610440757,-3.003575997379458,-171.1493243289646,16.951800211655314,0.353222779730867,2.831074487217205,28.191467150529945,-63.29534548306475
 2.261403247499322,-0.3228157125525563,-1.3823513389333144,-3.0036129083547927,-170.97550459149335,17.21667208996243,0.3440945914707481,2.9061776173980087,27.81960911542602,-59.5153653636803
 2.267636185912363,-0.33154851364164006,-1.4010728985886995,-3.003649068024724,-170.80427955321016,17.481543968269545,0.33549220346275027,2.9806951985131005,27.470997936530935,-55.93047063736506
 2.2738538515575835,-0.34037603700931796,-1.4197488046761004,-3.0036845261623353,-170.6355046911021,17.746415846576657,0.3273803878396969,3.05455072186442,27.144409451765583,-52.525900136876274
 2.280056138304368,-0.3492972743634988,-1.4383787332641036,-3.0037193294330056,-170.46904331410374,18.011287724883772,0.31972682003016945,3.1276700525330967,26.83871026837956,-49.28814094970715
 2.2862429435130665,-0.3583112167505002,-1.4569623711973363,-3.0037535216244544,-170.30476600245456,18.276159603190887,0.3125018042772863,3.199981524307261,26.552850155720208,-46.20480248148723
 2.2924141678456955,-0.3674168546462707,-1.475499415509321,-3.0037871438209063,-170.14255009345447,18.541031481498003,0.3056780276164936,3.2714160314283665,26.28585516530454,-43.264508957162384
 2.298569715088534,-0.3766131780423957,-1.4939895728725143,-3.0038202346192566,-169.98227920911972,18.805903359805114,0.29923034005372673,3.34190710681427,26.036821424968583,-40.45679945445678
 2.304709491985802,-0.38589917652732764,-1.512432559082691,-3.0038528302849232,-169.82384282189827,19.07077523811223,0.2931355579979927,3.411390985213905,25.80490950606855,-37.7720433136949
 2.3108334080836603,-0.39527383936324717,-1.5308280985753622,-3.0038849649008816,-169.66713585478684,19.335647116419345,0.2873722875274187,3.4798066598700412,25.589339338962677,-35.201358683092685
 2.3169413755838457,-0.4047361555589407,-1.549175923972447,-3.0039166705663676,-169.51205831282385,19.600518994726457,0.2819207659778045,3.5470959243872424,25.38938557847373,-32.73654623782362
 2.323033309206287,-0.4142851139390238,-1.5674757756563866,-3.003947977457894,-169.35851494303898,19.865390873033572,0.27676271955176696,3.61320340260985,25.20437340604644,-30.37002434592434
 2.329109126060099,-0.4239197032098237,-1.585727401370756,-3.003978914031674,-169.20641492030933,20.130262751340688,0.27188123453053514,3.6780765753352846,25.03367471227182,-28.094772749366204
 2.3351687455223993,-0.43363891202219995,-1.6039305558449384,-3.004009507103923,-169.05567155690943,20.395134629647803,0.2672606416316427,3.741665790723761,24.876704607895434,-25.904284147374067
 2.341212089124429,-0.4434417290315655,-1.6220850004414211,-3.0040397819489084,-168.90620203357008,20.660006507954915,0.26288641143326485,3.80392426732127,24.732918262192133,-23.79251539743992
 2.347239080444494,-0.45332714295534193,-1.640190502824551,-3.0040697624457233,-168.75792715031253,20.92487838626203,0.25874505953638094,3.864808092536332,24.601807997291125,-21.75384996233757
 2.3532496450072893,-0.46329414262807195,-1.6582468366488512,-3.004099471132053,-168.61077109526715,21.189750264569145,0.2548240611563601,3.9242762063445804,24.482900650665457,-19.783057878070043
 2.3592437101891837,-0.4733417170543762,-1.6762537812658858,-3.004128929299408,-168.46466123001971,21.454622142876257,0.2511117734032819,3.9822903818771347,24.375755153414442,-17.875263948523962
 2.3652212051290853,-0.4834688554599598,-1.6942111214485847,-3.0041581570950004,-168.31952789010208,21.719494021183372,0.24759736475505487,4.038815198979553,24.279960313949836,-16.025917282698398
 2.3711820606445295,-0.49367454734080995,-1.71211864713161,-3.004187173573786,-168.17530419932606,21.984365899490488,0.2442707511566882,4.09381800835642,24.195132796342115,-14.230762243427884
 2.3771262091526633,-0.5039577825107642,-1.7299761531669735,-3.0042159967787185,-168.03192589691616,22.249237777797603,0.24112253727547645,4.147268900283366,24.12091525198891,-12.485815967021715
 2.3830535845958103,-0.5143175511475886,-1.7477834390938958,-3.004244643809416,-167.88933117633033,22.514109656104715,0.23814396445354755,4.199140642907456,24.056974617777147,-10.787343373986454
 2.388964122371334,-0.5247528438376814,-1.7655403089219068,-3.004273130872185,-167.7474605348572,22.77898153441183,0.23532686128405425,4.249408650349258,24.0030005493971,-9.131837140702086
 2.394857759265541,-0.5352626516195618,-1.7832465709264824,-3.004301473336372,-167.6062566331982,23.043853412718946,0.23266360016167859,4.29805091688213,23.95870397067842,-7.516000648465408
 2.4007344333913627,-0.5458459660262214,-1.8009020374565319,-3.0043296858122273,-167.46566416411628,23.30872529102606,0.23014705660791582,4.345047965152231,23.923815762421185,-5.936726711447842
 2.4065940841295945,-0.5565017791264676,-1.818506524752615,-3.0043577821491763,-167.32562972961514,23.573597169333173,0.22777057259814806,4.390382781204505,23.898085527090604,-4.391086854835962
 2.412436652073487,-0.5672290835653633,-1.8360598527758085,-3.0043857755292502,-167.18610172585372,23.838469047640288,0.22552792285068754,4.434040749189436,23.88128047484088,-2.8763126781069053
 2.4182620789764666,-0.5780268726038317,-1.8535618450461226,-3.004413678482831,-167.0470302352889,24.103340925947403,0.22341328369997263,4.476009588323877,23.87318438305489,-1.3897851472231324
 2.424070307702825,-0.588894140157539,-1.871012328490128,-3.004441502934057,-166.9083669254781,24.368212804254515,0.22142120497768839,4.516279279126701,23.873596640832535,0.07097822711017457
 2.4298612821811916,-0.5998298808351262,-1.8884111332972195,-3.0044692602408984,-166.7700649540412,24.63308468256163,0.21954658394873944,4.554841993048199,23.88233136816524,1.5083346275022143
 2.435634947360627,-0.6108330899758607,-1.9057580927839246,-3.0044969612180124,-166.632078879309,24.897956560868746,0.21778464113139384,4.591692025686421,23.899216605711118,2.92452662582889
 2.4413912491692003,-0.6219027636867946,-1.9230530432659305,-3.004524616177602,-166.49436457632515,25.16282843917586,0.21613089882870246,4.626825712655569,23.924093552342203,4.321689073709149
 2.447130134474894,-0.6330378988794868,-1.9402958239373065,-3.0045522349557543,-166.35687915765266,25.427700317482973,0.21458116052809614,4.66024136293673,23.95681588829072,5.701862679858066
 2.452851551048716,-0.6442374933063512,-1.9574862767566152,-3.0045798269545236,-166.21958089882918,25.69257219579009,0.21313149218292637,4.691939186264039,23.997249116881115,7.066996095930966
 2.4585554475299003,-0.6555005455967065,-1.9746242463391102,-3.0046074011034456,-166.08242916797556,25.957444074097204,0.21177820562527605,4.721921205477663,24.04526998448811,8.418958472582121
 2.4642417733930735,-0.6668260552925697,-1.9917095798556494,-3.0046349659962464,-165.94538435938148,26.222315952404315,0.2105178421293572,4.750191194651941,24.1007659236704,9.759542544281398
 2.4699104789172854,-0.6782130228842529,-2.0087421269367214,-3.004662529800417,-165.80840783068894,26.48718783071143,0.2093471582243012,4.776754595008967,24.163634555990704,11.090474192349635
 2.47556151515681,-0.689660449845825,-2.0257217395823375,-3.004690100349683,-165.67146184351415,26.752059709018546,0.20826311180409604,4.80161844955364,24.233783216060235,12.413415362460395
 2.481194833913615,-0.7011673386704705,-2.042648272076819,-3.0047176851185036,-165.53450950719895,27.01693158732566,0.2072628502289076,4.824791316415694,24.31112852433572,13.729971907244886
 2.486810387711425,-0.712732692905814,-2.0595215809087364,-3.0047452912833057,-165.39751472551671,27.281803465632773,0.20634369813012132,4.846283211273044,24.395595984788642,15.041697309687224
 2.4924081297712855,-0.724355517189236,-2.0763415246952497,-3.0047729256984974,-165.26044214609277,27.54667534393989,0.20550314738803857,4.8661055205727015,24.487119620399636,16.350098777732327
 2.4979880139885644,-0.7360348172832398,-2.093107964110961,-3.0048005949283487,-165.1232571124125,27.811547222247004,0.20473884672884793,4.884270943092593,24.585641625946565,17.656639763570812
 2.503549994911313,-0.7477696001109067,-2.1098207618209868,-3.0048283052663156,-164.98592561817267,28.07641910055412,0.20404859294521255,4.900793411834513,24.6911120601143,18.962746480550056
 2.5090940277199216,-0.759558873791475,-2.1264797824180177,-3.0048560627497265,-164.8484142638594,28.34129097886123,0.20343032226868907,4.91568802943353,24.80348855434813,20.26981046348402
 2.5146200682080133,-0.7714016476760909,-2.143084892363054,-3.004883873149226,-164.71069021540094,28.606162857168346,0.2028821024250646,4.928971003587438,24.92273604495565,21.579192346579035
 2.520128072764514,-0.7832969323837689,-2.1596359599299704,-3.004911742017521,-164.57272116475855,28.87103473547546,0.2024021256568538,4.94065957437309,25.04882652639603,22.892225332594798
 2.525617998356851,-0.7952437398375986,-2.1761328551532086,-3.0049396746409283,-164.43447529228322,29.135906613782574,0.20198870149004292,4.950771962110442,25.181738832369525,24.21021992703038
 2.531089802515214,-0.8072410833012256,-2.1925754497792536,-3.0049676761391386,-164.2959212307881,29.40077849208969,0.20164025085733894,4.959327295756554,25.321458423057965,25.534464802599775
 2.536543443317859,-0.8192879774156596,-2.2089636172207885,-3.004995751386135,-164.15702803117068,29.665650370396804,0.20135530007577354,4.9663455574483635,25.46797719975637,26.866231569071598
 2.5419788793773863,-0.8313834382364332,-2.2252972325140687,-3.005023905055424,-164.01776512951236,29.93052224870392,0.20113247555006786,4.971847521217777,25.621293330130435,28.206776548373803
 2.547396069827967,-0.8435264832711529,-2.2415761722792253,-3.005052141634119,-163.87810231553112,30.19539412701103,0.20097049846548234,4.97585470323026,25.781411094063063,29.557344419277634
 2.5527949743134677,-0.855716131517462,-2.2578003146833363,-3.0050804654318473,-163.73800970233327,30.460266005318147,0.20086818050213637,4.978389297399766,25.948340737285978,30.91916955953113
 2.5581755529764574,-0.8679514035014785,-2.2739695394060684,-3.005108880565659,-163.5974576973225,30.725137883625262,0.20082441907588733,4.979474132685632,26.122098349299986,32.293480478076454
 2.5635377664480394,-0.8802313213167083,-2.2900837276079336,-3.005137390979551,-163.45641697426785,30.990009761932374,0.20083819366910585,4.979132612831431,26.302705739361933,33.681499444046864
 2.5688815758384975,-0.892554908663492,-2.3061427619009733,-3.0051660004405254,-163.31485844638217,31.25488164023949,0.2009085618176279,4.977388673498827,26.49019033845995,35.08444732942515
 2.574206942728715,-0.9049211908890008,-2.322146526321987,-3.0051947125768392,-163.17275324036612,31.519753518546604,0.2010346556202598,4.974266734830681,26.68458510850913,36.50354502452581
 2.5795138291623507,-0.9173291950278377,-2.3380949063077967,-3.0052235308311546,-163.03007267138636,31.78462539685372,0.20121567873768217,4.96979164980312,26.885928456168898,37.94001439029103
 2.584802197638732,-0.9297779498432421,-2.3539877886727956,-3.005252458480938,-162.88678821886552,32.04949727516083,0.20145090296029644,4.963988670713916,27.09426416876879,39.39508253449961
 2.590072011106464,-0.9422664858689722,-2.3698250615889505,-3.0052814986962155,-162.74287150310096,32.31436915346795,0.20173966585845862,4.956883395958453,27.30964134608916,40.869981193671784
 2.5953232329577074,-0.9547938354518596,-2.3856066145674557,-3.0053106544657804,-162.5982942625453,32.57924103177506,0.20208136776972152,4.948501739851313,27.53211436333058,42.36595282843568
 2.600555827023132,-0.9673590327951059,-2.401332338442418,-3.0053399285973215,-162.45302833188555,32.844112910082174,0.20247546975880032,4.938869884787791,27.761742807382873,43.88424578348206
 2.6057697575675043,-0.979961114002318,-2.417002125357109,-3.0053693238403705,-162.30704562062573,33.108984788389286,0.20292149091654457,4.928014255578624,27.998591469037784,45.42612519274135
 2.6109649892859093,-0.9925991171223497,-2.4326158687512947,-3.0053988427257106,-162.16031809237015,33.3738566666964,0.2034190068346263,4.915961470665181,28.242730297438225,46.99286608055271
 2.6161414873005815,-1.0052720821949586,-2.448173463350886,-3.0054284876561597,-162.01281774458369,33.63872854500352,0.2039676471076322,4.902738322378683,28.494234397151544,48.58576184139641
 2.6212992171583376,-1.0179790512973317,-2.4636748051595547,-3.005458260935861,-161.8645165889214,33.90360042331063,0.20456709388122937,4.888371736759359,28.753184007737314,50.2061212446717
 2.6264381448285925,-1.030719068591499,-2.4791197914515783,-3.005488164665513,-161.71538663196372,34.16847230161775,0.20521708019913365,4.872888743128223,29.019664515007825,51.85527494635583
 2.63155823670195,-1.043491180372681,-2.4945083207670224,-3.005518200858591,-161.56539985646322,34.43334417992486,0.2059173883917332,4.856316447145394,29.293766442150485,53.5345720198801
 2.636659459589359,-1.0562944351186048,-2.5098402929081525,-3.0055483713471065,-161.41452820293173,34.69821605823197,0.20666784860193993,4.838682004795463,29.575585474590483,55.24538697095636
 2.64174178072182,-1.0691278835398184,-2.525115608937956,-3.0055786778679137,-161.26274355163292,34.96308793653909,0.20746833762980202,4.820012592882288,29.8652224727253,56.98911788254969
 2.646805167750646,-1.0819905786310524,-2.540334171179885,-3.00560912197531,-161.11001770492217,35.2279598148462,0.20831877760664919,4.800335387375476,30.162783496758802,58.767189302242436
 2.6518495887482487,-1.0948815757236532,-2.5554958832195354,-3.0056397051028654,-160.95632236987842,35.49283169315331,0.209219135038332,4.779677536745314,30.46837984315325,60.58105509822804
 2.6568750122094738,-1.1077999325391399,-2.5706006499078025,-3.005670428534473,-160.80162914124298,35.75770357146043,0.21016941973430261,4.758066141421553,30.782128079160447,62.43219868494924
 2.6618814070534462,-1.1207447092439091,-2.585648377365546,-3.0057012933887326,-160.64590948460972,36.022575449767544,0.211169683783873,4.73552823530993,31.104150089311815,64.32213602549895
 2.6668687426259527,-1.1337149685051497,-2.6006389729902692,-3.005732300702218,-160.48913471986873,36.287447328074656,0.21222002105645268,4.712090758552841,31.434573122615706,66.25241644564996
 2.6718369887023314,-1.1467097755479838,-2.6155723454636437,-3.0057634512861298,-160.3312760048556,36.552319206381775,0.21332056597656857,4.687780549531457,31.77352985063964,68.22462551432302
 2.6767861154908825,-1.159728198213889,-2.630448404761027,-3.0057947458115657,-160.17230431918608,36.817191084688886,0.214471493412813,4.66262431471584,32.12115843086893,70.2403868564123
 2.6817160936367936,-1.1727693070204495,-2.645267062162737,-3.005826184848548,-160.01219044829634,37.082062962996005,0.21567301745900036,4.63664862569144,32.47760256757784,72.30136243191075
 2.686626894226573,-1.1858321752224719,-2.6600282302662617,-3.0058577687403973,-159.8509049676088,37.34693484130312,0.21692539139504471,4.609879892662686,32.84301159024957,74.40925690043473
 2.6915184887929997,-1.1989158788745085,-2.6747318230005304,-3.0058894977085537,-159.6884182268452,37.61180671961023,0.21822890709939677,4.582344352503813,33.21754052938892,76.56581796659081
 2.696390849320577,-1.212019496894841,-2.6893777556415177,-3.0059213718056603,-159.52470033447432,37.87667859791735,0.21958389440244003,4.554068060052076,33.60135019652987,78.77283812817248
 2.70124394825151,-1.2251421111309722,-2.703965944829349,-3.0059533909040326,-159.3597211422262,38.14155047622446,0.22099072099688957,4.525076869693886,33.99460728000809,81.03215884836486
 2.70607775849219,-1.2382828064266684,-2.7184963085867206,-3.0059855546436407,-159.19345022975145,38.40642235453157,0.22244979204251283,4.495396425494918,34.397484426565576,83.3456686336208
 2.710892253420193,-1.2514406706906027,-2.7329687663397504,-3.006017862611339,-159.02585688928858,38.67129423283869,0.22396154992238965,4.465052150007598,34.81016035308209,85.71531026363796
 2.7156874068918095,-1.2646147949666626,-2.747383238939172,-3.006050314081551,-158.8569101104572,38.9361661111458,0.22552647403356404,4.434069234156406,35.23281993608964,88.14307727779119
 2.7204632749216704,-1.277804273505949,-2.761692420481498,-2.99614257614719,-158.68657856502875,39.201037989452914,0.2271450807166229,4.402472626063868,35.665044419873595,90.50176451306902
 2.725244471714816,-1.2910082038405486,-2.7616370766266587,0.011575314138658253,-158.51483059179702,39.46590986776003,0.22881792294641634,4.370287026135518,35.92154447144623,53.64766661358789
 2.7300556429285363,-1.3042256868591184,-2.747248524616357,2.9906547431255435,-158.34163418143572,39.730781746067144,0.2305455906353368,4.337536871749328,35.99880417212921,16.058397685506115
 2.7348969361431315,-1.3174558268843382,-2.7327698279738883,2.9906671628192316,-158.1669569613598,39.995653624374256,0.232328710242878,4.304246336815598,36.08069421396044,16.91491058305579
 2.7397685064001225,-1.3306977317523014,-2.718200532766546,2.9906774281729427,-157.99076618063583,40.260525502681375,0.23416794499122678,4.270439320964556,36.167143534699704,17.745678739868165
 2.7446705164855,-1.3439505128938873,-2.7035401622529562,2.990685506201292,-157.81302869481163,40.52539738098849,0.23606399488704272,4.236139443791514,36.2580824454857,18.551351221668995
 2.749603137227188,-1.357213285418197,-2.6887882160123677,2.990691361270006,-157.63371095082135,40.790269259295606,0.23801759686320567,4.201370038093123,36.353442395187415,19.332512004374262
 2.7545665478075647,-1.3704851681980932,-2.673944169029232,2.9906949551631246,-157.4527789717663,41.05514113760272,0.24002952476047618,4.166154147069587,36.453155773652604,20.08968971042179
 2.759560936091919,-1.3837652839579293,-2.6590074707321665,2.9906962467968636,-157.27019834177574,41.32001301590983,0.24210058967415551,4.13051451607741,36.557155670599336,20.823350333518338
 2.7645864989738094,-1.3970527593635205,-2.643977543982822,2.990695192274995,-157.0859341907073,41.58488489421695,0.24423163996237177,4.094473591358056,36.66537568009404,21.533908148811047
 2.7696434427383347,-1.4103467251144344,-2.628853784013146,2.9906917446403294,-156.89995117893213,41.84975677252406,0.24642356163449777,4.058053513093961,36.77774965184313,22.221716709093222
 2.7747319834444233,-1.423646316038673,-2.613635557307294,2.9906858537346235,-156.7122134819681,42.11462865083117,0.2486772784766492,4.021276113868602,36.89421148570569,22.887079142987044
 2.7798523473273,-1.4369506711897995,-2.598322200423791,2.9906774662468045,-156.5226847751116,42.37950052913829,0.25099375237809285,3.9841629145159616,37.01469489117628,23.5302428160443
 2.785004771222405,-1.4502589339466196,-2.5829130187567952,2.990666525251374,-156.33132821801894,42.6443724074454,0.2533739834495174,3.946735124047341,37.13913315138044,24.151401891133336
 2.790189503012106,-1.46357025211546,-2.5674072852295953,2.9906529703233575,-156.13810643920874,42.909244285752514,0.25581901077542224,3.9090136302570477,37.26745888649366,24.75069884388584
 2.7954068020966663,-1.4768837780351456,-2.5518042389182027,2.990636737227991,-155.94298152050703,43.17411616405963,0.258329912139177,3.8710190071262174,37.39960380633443,25.3282239908069
 2.800656939891027,-1.4901986686847466,-2.536103083599779,2.9906177577453152,-155.74591498145722,43.438988042366745,0.26090780491030613,3.832771504646157,37.53549845139271,25.884014930856658
 2.8059402003490885,-1.5035140857941842,-2.5203029862212576,2.990595959434853,-155.54686776363573,43.703859920673864,0.26355384607176857,3.794291052492132,37.67507193739962,26.418058907911025
 2.8112568805173117,-1.5168291959577722,-2.504403075281822,2.990571265592842,-155.34580021493593,43.968731798980976,0.2662692327265538,3.755597256807188,37.818251679220715,26.93029057434169
 2.816607291119587,-1.5301431707507995,-2.488402439125992,2.9905435947338312,-155.14267207378515,44.23360367728809,0.26905520248132514,3.7167093993263673,37.96496311225399,27.420593285098974
 2.8219917571754896,-1.5434551868492288,-2.4723001241388207,2.990512860512751,-154.93744245329978,44.498475555595206,0.27191303375775017,3.6776464378346394,38.11512940273885,27.888798801182904
 2.827410618654202,-1.5567644261526121,-2.456095132836833,2.990478971578594,-154.73006982543492,44.76334743390232,0.2748440463136477,3.6384270040138165,38.26867113681807,28.334685188463776
 2.83286423116657,-1.57007007591032,-2.4397864218501932,2.9904418309246803,-154.52051200501896,45.02821931220943,0.27784960161883515,3.5990694036403146,38.42550601839233,28.75798036963196
 2.8383529666979603,-1.583371328851175,-2.4233728997845443,2.9904013359325448,-154.30872613380512,45.29309119051655,0.2809311031145853,3.559591618419421,38.58554852982469,29.158357242224017
 2.8438772143848237,-1.5966673833166143,-2.406853424957168,2.9903573778306396,-154.0946686645191,45.55796306882366,0.28408999682092606,3.5200113034262954,38.7487095835788,29.53543414465322
 2.849437381338091,-1.6099574433974513,-2.3902268029970086,2.9903098413960514,-153.87829534480394,45.82283494713077,0.28732777160698975,3.4803457890865195,38.914896177356475,29.888777652625695
 2.8550338935168096,-1.6232407190743698,-2.3734917842989804,2.9902586045759167,-153.65956120122894,46.08770682543789,0.290645959552294,3.440612081930823,39.08401100363271,30.21789658911203
 2.8606671966557364,-1.6365164263622602,-2.3566470613225277,2.990203537965896,-153.4384205233038,46.352578703745,0.294046136431586,3.4008268638913544,39.25595205360826,30.522243475133486
 2.866337757250891,-1.6497837874584875,-2.339691265721428,2.990144504511246,-153.2148268474567,46.61745058205212,0.29752992199170797,3.3610064940892554,39.43061221110307,30.801215252695282
 2.872046063607482,-1.6630420308952392,-2.3226229652938377,2.990081358874872,-152.98873294113665,46.882322460359234,0.30109898024932347,3.3211670101703934,39.607878799105585,31.05414757528353
 2.877792626954972,-1.6762903916960468,-2.3054406607377325,2.9900139469638773,-152.76009078687306,47.147194338666345,0.304755019863947,3.281324128627755,39.78763313615749,31.28031941567867
 2.8835779826345083,-1.6895281115366214,-2.2881427821971676,2.9899421053315325,-152.5288515665076,47.412066216973464,0.3084997944027867,3.241493246165246,39.96975003341499,31.47894569415529
 2.8894026913644284,-1.7027544389101086,-2.270727685583003,2.9898656605276335,-152.2949656454546,47.676938095280576,0.31233510251984115,3.2016894416677832,40.15409729443931,31.649181027261637
 2.8952673405900846,-1.715968629296915,-2.2531936486496,2.9897844284866744,-152.05838255711384,47.94180997358769,0.31626278822209924,3.1619274768985415,40.3405351688803,31.790115191437977
 2.9011725459248288,-1.7291699453392235,-2.2355388668090295,2.989698213658352,-151.8190509874497,48.20668185189481,0.3202847409866519,3.1222217983893144,40.52891577808572,31.900772035318
 2.9071189526896637,-1.7423576570203227,-2.2177614486596253,2.9896068083560197,-151.57691875970528,48.47155373020192,0.324402895807384,3.082586539528782,40.71908251826109,31.980109618461217
 2.91310723755982,-1.755531041848925,-2.1998594112071674,2.989509991696752,-151.33193281939754,48.73642560850903,0.3286192333563588,3.0430355210389877,40.910869409149285,32.027015255070744
 2.9191381103273137,-1.7686893850485617,-2.1818306747507115,2.9894075288124498,-151.08403921948303,49.00129748681615,0.3329357797145584,3.0035822549842717,41.104100429817734,32.040307948453446
 2.9252123157895054,-1.7818319797522555,-2.163673057406163,2.9892991696721904,-150.83318310589078,49.26616936512326,0.3373546065108249,2.9642399442614766,41.29858878723683,32.01873210079496
 2.931330635774668,-1.7949581272025705,-2.1453842692351563,2.9891846479684494,-150.57930870332416,49.53104124343037,0.34187783059065097,2.9250214858106864,41.49413616520061,31.96095961603557
 2.9374938913167696,-1.8080671369572208,-2.126961905944224,2.989063679915116,-150.3223593014806,49.79591312173749,0.34650761362929217,2.8859394733815007,41.69053190936611,31.865585131739593
 2.9437029449929573,-1.8211583271003822,-2.1084034421167854,2.98893596275598,-150.06227724167843,50.0607850000446,0.3512461619503772,2.847006197725447,41.887552172336946,31.73112574729961
 2.94995870343869,-1.8342310244598576,-2.0897062239339235,2.988801173359748,-149.7990039039505,50.32565687835172,0.35609572577577864,2.808233650716903,42.0849590040537,31.556018895103126
 2.956262120057146,-1.847284564830273,-2.0708674613376425,2.988658966491683,-149.53247969473247,50.590528756658834,0.3610585987314122,2.7696335262849945,42.282499373066145,31.338618557126956
 2.9626141979413525,-1.8603182932024416,-2.0518842195836244,2.9885089729800534,-149.26264403505934,50.855400634965946,0.3661371169304029,2.731217223710441,42.479904149799914,31.077197152225313
 2.969015993029646,-1.873331563999091,-2.032753410124898,2.9883507976863255,-148.98943534951033,51.120272513273065,0.3713336581940404,2.6929958487023278,42.67688699511595,30.76993914976193
 2.9754686175174347,-1.8863237413170997,-2.013471780760788,2.988184017309485,-148.71279105586746,51.38514439158018,0.37665064080117877,2.654980216873881,42.87314319412357,30.414941916895224
 2.981973243550968,-1.899294199176425,-1.9940359049788048,2.988008177839198,-148.43264755554827,51.65001626988729,0.38209052221770057,2.617180855981134,43.068348414648206,30.01021419498862
 2.9885311072319265,-1.91224232177589,-1.974442170407021,2.987822791845549,-148.14894022501386,51.91488814819441,0.3876557976786304,2.5796080078983046,43.26215736356346,29.55367149183049
 2.9951435129651904,-1.9251675037560134,-1.9546867662857526,2.987627335371679,-147.86160340806916,52.17976002650152,0.3933489984054814,2.542271631690177,43.45420237890439,29.043138471498857
 3.001811838186201,-1.9380691504690482,-1.934765669854315,2.987421244643329,-147.57057040933415,52.44463190480863,0.39917268971058356,2.505181405884858,43.6440918955208,28.476343058091302
 3.008537538508989,-1.950946678256422,-1.9146746315386158,2.9872039120782485,-147.27577348884677,52.70950378311575,0.40512946881884787,2.468346731022784,43.83140882571815,27.85091829956706
 3.015322153341316,-1.963799514733752,-1.8944091588059355,2.9869746822062546,-146.97714385795658,52.97437566142286,0.41122196240834813,2.4317767323112682,44.015708816262,27.164399910473715
 3.022167312019536,-1.9766270990836108,-1.8739644985400816,2.986732846807962,-146.67461167661406,53.23924753972998,0.41745282375838505,2.3954802628878222,44.19651838095442,26.414225468244418
 3.029074740522991,-1.9894288823562465,-1.8533356177675897,2.986477639569413,-146.36810605223312,53.50411941803709,0.42382472988670955,2.3594659053220064,44.37333288757963,25.597732432086946
 3.036046268836001,-2.0022043277784216,-1.8325171825429383,2.986208230095161,-146.05755504016201,53.768991296344204,0.43034037797427943,2.3237419753806323,44.545614408760365,24.71215972245769
 3.0430838390352335,-2.014952911070555,-1.8115035347745265,2.9859237170669464,-145.7428856459491,54.03386317465132,0.4370024816688451,2.288316524384837,44.712789400984974,23.754646489046372
 3.0501895141915014,-2.027674120772367,-1.7902886667412754,2.9856231204907826,-145.42402382956817,54.298735052958435,0.4438137669327746,2.253197342009159,44.874246200184864,22.722231969393214
 3.057365488188274,-2.0403674585771894,-1.7688661930117118,2.985305373068247,-145.10089451173732,54.56360693126555,0.45077696742468265,2.218391959360886,45.0293323214595,21.61185664056004
 3.0646140965747395,-2.0530324396751376,-1.7472293194368678,2.984969310142968,-144.77342158249562,54.828478809572665,0.4578948195832654,2.1839076513468965,45.177351538702105,20.420363378851185
 3.0719378285895997,-2.065668593105307,-1.7253708088349091,2.984613658392543,-144.44152791216882,55.09335068787978,0.46517005700465447,2.149751440235101,45.31756072632603,19.14450000893371
 3.0793393405135197,-2.078275462117188,-1.7032829429267033,2.984237022820128,-144.10513536502896,55.35822256618689,0.4726054045704082,2.115930097983086,45.449166413248335,17.780919395265144
 3.0868214705339585,-2.090852604541454,-1.6809574800102094,2.9838378717700818,-143.76416481568546,55.62309444449401,0.48020357181699297,2.082450149665074,45.57132105591033,16.326185501762332
 3.0943872553369784,-2.103399593170306,-1.6583856077750205,2.9834145198233024,-143.41853616855602,55.88796632280112,0.48796724589532536,2.049317876172598,45.68311895303903,14.776774655825246
 3.102039948677551,-2.115916016147512,-1.6355578905596106,2.9829651077723867,-143.06816838047948,56.15283820110824,0.4958990837983724,2.016539317516848,45.783591800152955,13.129083140081393
 3.109783042224448,-2.1284014773683335,-1.612464210228392,2.9824875795894514,-142.71297948686163,56.41771007941535,0.504001704067254,1.9841202756460523,45.871703792112314,11.379430123851625
 3.1176202890296354,-2.140855596889453,-1.5890936997002403,2.9819796554935576,-142.35288663145903,56.68258195772246,0.5122776776929129,1.9520663178290083,45.94634625570975,9.524066990978342
 3.1255557300376102,-2.1532780113490513,-1.565434667980526,2.981438800431862,-141.98780610008117,56.94745383602958,0.5207295183926349,1.920382779694833,46.00633172257995,7.559185029529773
 3.133593724130224,-2.1656683743971854,-1.5414745153296419,2.9808621871098264,-141.61765335852385,57.21232571433669,0.5293596720978768,1.8890747684593234,46.05038735938534,5.480924257691367
 3.141738982300952,-2.178026357136553,-1.5171996369346394,2.9802466522473496,-141.24234309491948,57.477197592643805,0.5381705056772927,1.8581471660946756,46.07714767754691,3.2853861229035255
 3.1499966066743443,-2.1903516485737713,-1.4925953131184708,2.979588644822355,-140.86178926682143,57.74206947095092,0.5471642947383816,1.827604632861022,46.085146392012774,0.9686459572605871
 3.1583721352378484,-2.2026439560812605,-1.4676455837131188,2.9788841642867046,-140.4759051533458,58.006941349258035,0.5563432106596071,1.797451610516444,46.072807292082615,-1.473232386064795
 3.166871593342918,-2.2149030058698007,-1.4423331037102256,2.9781286865565018,-140.0846034125979,58.27181322756515,0.565709306712376,1.767692325607135,46.03843396963248,-4.044178114087811
 3.1755015532716255,-2.2271285434718187,-1.416638976659588,2.977317074806488,-139.68779614474383,58.536685105872266,0.575264503167142,1.7383307930429561,45.98019818540288,-6.748094395650878
 3.184269203469076,-2.239320334235457,-1.3905425614703437,2.9764434713458265,-139.2853949610184,58.80155698417938,0.585010571325206,1.7093708199746402,45.89612663178988,-9.588835288780016
 3.1931824294313955,-2.2514781638294292,-1.3640212472306679,2.975501165548028,-138.8773110590803,59.06642886248649,0.5949491169174933,1.680816008570828,45.78408576908453,-12.570180895110427
 3.2022499087422442,-2.263601838758663,-1.3370501893209097,2.97448243168185,-138.4634553048716,59.33130074079361,0.6050815619502287,1.6526697603822469,45.641764378066426,-15.695805431595673
 3.2114812234066905,-2.275691186890693,-1.3096019983579508,2.97337832808079,-138.04373832151813,59.59617261910072,0.6154091258323007,1.6249352796768577,45.46665330020046,-18.96924590171323
 3.2208869934948092,-2.2877460579927456,-1.281646371229117,2.972178446520504,-137.61807058554058,59.86104449740784,0.6259328052680962,1.597615577237057,45.25602178127278,-22.393862166985034
 3.2304790372561607,-2.2997663242794313,-1.2531496504549318,2.9708705968383633,-137.18636253066512,60.12591637571495,0.6366533529025067,1.570713474516381,45.00688962814449,-25.97279154752238
 3.2402705644121896,-2.3117518809709017,-1.2240742940788611,2.969440406256484,-136.7485246597326,60.39078825402206,0.6475712551578069,1.544231607001008,44.71599414019195,-29.708898654630712
 3.2502764114397045,-2.323702646861327,-1.1943782328035373,2.9678708053065423,-136.30446766489618,60.65566013232918,0.6586867084977193,1.5181724287115512,44.37975052140268,-33.60471311070962
 3.2605133305666625,-2.335618564897492,-1.1640140835718318,2.966141361002279,-135.85410255665886,60.92053201063629,0.6699995948235112,1.492538216031931,43.994203983825884,-37.662360403091796
 3.2710003482763,-2.3474996027672494,-1.1329281783169705,2.96422740149411,-135.39734080189984,61.185403888943405,0.6815094556149839,1.4673310718742927,43.55497124213539,-41.88347477346628
 3.2817592149178276,-2.359345753497567,-1.1010593517901919,2.962098851915321,-134.93409447139317,61.450275767250524,0.693215464859011,1.4425529300668214,43.057168188943315,-46.26909783142319
 3.292814975431314,-2.3711570360618186,-1.0683374110576758,2.9597186636414587,-134.4642763970875,61.715147645557636,0.7051164010051595,1.4182055594997893,42.495319406796916,-50.81955071847146
 3.3041967036240405,-2.382933495995926,-1.0346811779983531,2.9570406610860935,-133.98780033946522,61.98001952386475,0.7172106176419214,1.3942905687702265,41.86324339802397,-55.534273712218095
 3.3159384612130687,-2.3946752060229186,-0.999995949325724,2.954006536895347,-133.50458116535643,62.244891402171866,0.7294960133598276,1.370809410450808,41.153904808965606,-60.41161927250087
 3.3280805719186493,-2.406382266685398,-0.9641701468837985,2.950541574741072,-133.014535036363,62.50976328047898,0.7419700002870473,1.3477633861384264,40.35922096874013,-65.4485747572872
 3.340671347157971,-2.4180548069853476,-0.9270708179664549,2.946548422330737,-132.5175796083666,62.7746351587861,0.7546294721846489,1.3251536507115267,39.469803769062736,-70.64038415201883
 3.3537694758723555,-2.4296929850306466,-0.8885374620359004,2.941897790959705,-132.0136342420798,63.03950703709321,0.7674707712386794,1.3029812176247755,38.47460788298302,-75.98000506643055
 3.3674474204086975,-2.441296988687599,-0.848373352159799,2.9364141497566645,-131.50262022514616,63.30437891540032,0.7804896545715205,1.2812469635475028,37.36043932448225,-81.45730928652706
 3.3817963901614556,-2.4528670362386893,-0.8063329807261509,2.9298529551620627,-130.9844610056493,63.56925079370744,0.7936812598685156,1.2599516336894032,36.11124899035207,-87.05784147953247
 3.3969338934940536,-2.464403377044721,-0.7621032710981221,2.921862915979097,-130.45908243737168,63.83412267201455,0.8070400707835383,1.239095846912683,34.707081923228415,-92.76080977632638
 3.4130157176118203,-2.4759062922103983,-0.7152742799225885,2.9119203662847575,-129.9264130367243,64.09899455032166,0.8205598820264616,1.2186801011163153,33.12244909200884,-98.53563996318941
 3.4302559941510036,-2.48737609525234,-0.6652911289371355,2.8992081926210393,-129.3863842514276,64.36386642862878,0.8342337645025205,1.1987047786256062,31.32367303212144,-104.3356848597626
 3.4489632254525917,-2.4988131327684227,-0.6113698671759904,2.8823753174296214,-128.8389307407793,64.6287383069359,0.8480540305182623,1.1791701519169486,29.264272292490286,-110.08581154691217
 3.4696112207442837,-2.5102177851072525,-0.5523370272860694,2.859010720216225,-128.28399066744007,64.893610185243,0.862012199601129,1.1600763892468353,26.876220451411832,-115.6553848130401
 3.4929981000105337,-2.5215904670364844,-0.4862847154491471,2.8243320147568243,-127.7215060004978,65.15848206355012,0.8760989649048596,1.141423560646023,24.051292202718784,-120.79115886016282
 3.520681080442552,-2.532931628408613,-0.4096799259017531,2.7672161144467395,-127.15142282941915,65.42335394185724,0.89030416080982,1.1232116438615773,20.593272912886366,-124.9149923840169
 3.5566831178060343,-2.5442417548227456,-0.3141523992085084,2.653392243577294,-126.57369168858672,65.68822582016435,0.9046167318447697,1.1054405305556496,16.047179080438454,-126.27323799899946
 3.6433995655271283,-2.5555213682807936,-0.1300746715816423,2.1227544769697566,-125.98826789175068,65.95309769847147,0.9046167318447697,1.1054405305556496,6.7510122038084805,-107.20188754190237